ticker,company_name,source,fetched_at_utc,report_date,publish_date,fiscal_year,fiscal_period,price_date,close,revenue,gross_profit,operating_income,net_income,total_assets,total_liabilities,total_equity,total_debt_simple,cash_and_equivalents,current_ratio_simple,eps_simple,pe_simple,storage_built_at_utc
MMM,3M CO,simfin,2026-02-25 03:44:31+00:00,2024-12-31,2025-02-05,2024.0,FY,2026-02-23,166.34,24575000000.0,10128000000.0,4822000000.0,4173000000.0,39868000000.0,35974000000.0,3894000000.0,13044000000.0,7728000000.0,1.4111584932480454,7.554308472121651,22.019222621615143,2026-03-09T02:16:04+00:00
AOS,Smith A O Corp,simfin,2026-02-25 03:44:31+00:00,2024-12-31,2025-02-11,2024.0,FY,2026-02-23,76.77,3818100000.0,1456100000.0,716800000.0,533600000.0,3240000000.0,1356500000.0,1883500000.0,193200000.0,276100000.0,1.364785420340976,3.6278569373381537,21.1612534137931,2026-03-09T02:16:04+00:00
ABT,ABBOTT LABORATORIES,simfin,2026-02-25 03:44:31+00:00,2024-12-31,2025-02-21,2024.0,FY,2026-02-23,115.29,41950000000.0,23244000000.0,6825000000.0,13402000000.0,81414000000.0,33513000000.0,47901000000.0,14125000000.0,7967000000.0,1.6709754891573074,7.667048054919908,15.037078048052532,2026-03-09T02:16:04+00:00
ABBV,AbbVie Inc.,simfin,2026-02-25 03:44:31+00:00,2024-12-31,2025-02-14,2024.0,FY,2026-02-23,229.48,56334000000.0,39430000000.0,11894000000.0,4278000000.0,135161000000.0,131797000000.0,3364000000.0,67144000000.0,5555000000.0,0.6601976825208392,2.412859560067682,95.10706872370264,2026-03-09T02:16:04+00:00
ACN,Accenture plc,simfin,2026-02-25 03:44:31+00:00,2024-08-31,2024-10-10,2024.0,FY,2026-02-23,201.18,64896464000.0,21162317000.0,10034287000.0,7264787000.0,55932363000.0,29378723000.0,26553640000.0,1024857000.0,5009865000.0,1.105496448247843,11.423697986220851,17.61075968943343,2026-03-09T02:16:04+00:00
ADBE,Adobe Systems,simfin,2026-02-25 03:44:31+00:00,2024-11-30,2025-01-13,2024.0,FY,2026-02-23,246.68,21505000000.0,19147000000.0,7741000000.0,5560000000.0,30230000000.0,16125000000.0,14105000000.0,5628000000.0,7886000000.0,1.1672035747687832,12.355555555555556,19.965107913669065,2026-03-09T02:16:04+00:00
AMD,ADVANCED MICRO DEVICES INC,simfin,2026-02-25 03:44:31+00:00,2024-12-31,2025-02-05,2024.0,FY,2026-02-23,196.6,25785000000.0,12725000000.0,2086000000.0,1641000000.0,69226000000.0,11658000000.0,57568000000.0,1721000000.0,5132000000.0,2.61626150254086,1.002443494196701,196.12078001218768,2026-03-09T02:16:04+00:00
AES,AES CORP,simfin,2026-02-25 03:44:31+00:00,2021-12-31,2022-02-28,2021.0,FY,2026-02-23,16.26,11141000000.0,2711000000.0,2545000000.0,-408980000.0,32963000000.0,27139000000.0,5824000000.0,18699000000.0,1175000000.0,1.5916790490341752,-0.5760281690140845,-28.227786199814176,2026-03-09T02:16:04+00:00
A,AGILENT TECHNOLOGIES INC,simfin,2026-02-25 03:44:31+00:00,2024-10-31,2024-12-20,2024.0,FY,2026-02-20,122.9,6510000000.0,3535000000.0,1488000000.0,1289000000.0,11846000000.0,5948000000.0,5898000000.0,3390000000.0,1329000000.0,2.0891820580474936,4.429553264604811,27.745461598138093,2026-03-09T02:16:04+00:00
APD,AIR PRODUCTS & CHEMICALS INC /DE/,simfin,2026-02-25 03:44:31+00:00,2024-09-30,2024-11-21,2024.0,FY,2026-02-23,283.25,12100600000.0,3931900000.0,2832300000.0,3828200000.0,39574600000.0,20900900000.0,18673700000.0,14227900000.0,2984700000.0,1.8143363001244133,17.18222621184919,16.485058251919963,2026-03-09T02:16:04+00:00
ABNB,"Airbnb, Inc.",simfin,2026-02-25 03:44:31+00:00,2024-12-31,2025-02-13,2024.0,FY,2026-02-23,122.96,11102000000.0,9224000000.0,2553000000.0,2648000000.0,20959000000.0,12547000000.0,8412000000.0,1995000000.0,10611000000.0,1.6907784666863497,3.981954887218045,30.879305135951657,2026-03-09T02:16:04+00:00
AKAM,AKAMAI TECHNOLOGIES INC,simfin,2026-02-25 03:44:31+00:00,2024-12-31,2025-02-24,2024.0,FY,2026-02-23,98.75,3991168000.0,2370375000.0,628852000.0,504918000.0,10368785000.0,5490428000.0,4878357000.0,3545811000.0,1872175000.0,4.022753447694981,3.2713384214686485,30.18642135950788,2026-03-09T02:16:04+00:00
ALB,ALBEMARLE CORP,simfin,2026-02-25 03:44:31+00:00,2022-12-31,2023-02-15,2022.0,FY,2026-02-23,177.52,7320104000.0,3074587000.0,2478461000.0,2689816000.0,15456522000.0,7265675000.0,8190847000.0,3217100000.0,1499142000.0,1.89233440896894,22.835109047226915,7.773993968360662,2026-03-09T02:16:04+00:00
ARE,Alexandria Real Estate Equities Inc,simfin,2026-02-25 03:44:31+00:00,2024-12-31,2025-01-27,2024.0,FY,2026-02-23,53.75,3116394000.0,2207129000.0,836390000.0,322949000.0,37527449000.0,15128988000.0,22398461000.0,12244374000.0,552146000.0,0.1866046162774182,1.954675686199301,27.49816779299703,2026-03-09T02:16:04+00:00
ALGN,Align Technology Inc,simfin,2026-02-25 03:44:31+00:00,2024-12-31,2025-02-28,2024.0,FY,2026-02-23,181.26,3999012000.0,2799159000.0,671764000.0,421362000.0,6214600000.0,2362615000.0,3851985000.0,0.0,1043887000.0,1.1676969659774008,5.618684410544984,32.26022085522662,2026-03-09T02:16:04+00:00
ALLE,Allegion plc,simfin,2026-02-25 03:44:31+00:00,2024-12-31,2025-02-17,2024.0,FY,2026-02-23,158.67,3772200000.0,1668500000.0,780700000.0,597500000.0,4487800000.0,2987100000.0,1500700000.0,1999500000.0,503800000.0,2.0408953938872147,6.820776255707763,23.262748117154807,2026-03-09T02:16:04+00:00
LNT,ALLIANT ENERGY CORP,simfin,2026-02-25 03:44:31+00:00,2024-12-31,2025-02-21,2024.0,FY,2026-02-23,71.91,3981000000.0,2516000000.0,946000000.0,690000000.0,22714000000.0,15710000000.0,7004000000.0,10406000000.0,81000000.0,0.4360957642725598,2.686915887850468,26.76302608695652,2026-03-09T02:16:04+00:00
GOOG,Alphabet (Google),simfin,2026-02-25 03:44:31+00:00,2024-12-31,2025-02-05,2024.0,FY,2026-02-23,311.69,350018000000.0,203712000000.0,112390000000.0,100118000000.0,450256000000.0,125172000000.0,325084000000.0,10883000000.0,95657000000.0,1.836931397410292,7.885790800252048,39.52552228370523,2026-03-09T02:16:04+00:00
MO,"ALTRIA GROUP, INC.",simfin,2026-02-25 03:44:31+00:00,2023-12-31,2024-02-27,2023.0,FY,2026-02-23,68.98,24483000000.0,14284000000.0,11547000000.0,8130000000.0,38570000000.0,42060000000.0,-3490000000.0,26233000000.0,3686000000.0,0.493418146479371,4.57512661789533,15.077178351783518,2026-03-09T02:16:04+00:00
AMZN,AMAZON COM INC,simfin,2026-02-25 03:44:31+00:00,2024-12-31,2025-02-07,2024.0,FY,2026-02-23,205.27,637959000000.0,311671000000.0,68593000000.0,59248000000.0,624894000000.0,338924000000.0,285970000000.0,52623000000.0,101202000000.0,1.063734806137178,5.526350153903554,37.14386426546044,2026-03-09T02:16:04+00:00
AMCR,Amcor plc,simfin,2026-02-25 03:44:31+00:00,2024-06-30,2024-08-16,2024.0,FY,2026-02-23,50.58,13640000000.0,2712000000.0,1346000000.0,730000000.0,16524000000.0,12571000000.0,3953000000.0,6699000000.0,588000000.0,1.1652194320582023,2.532963219986121,19.968706849315065,2026-03-09T02:16:04+00:00
AEE,AMEREN CORP,simfin,2026-02-25 03:44:31+00:00,2024-12-31,2025-02-18,2024.0,FY,2026-02-23,111.16,7623000000.0,5622000000.0,1516000000.0,1182000000.0,44598000000.0,32355000000.0,12243000000.0,18722000000.0,7000000.0,0.663346029885731,4.420344053851907,25.147363790186127,2026-03-09T02:16:04+00:00
AEP,AMERICAN ELECTRIC POWER CO INC,simfin,2026-02-25 03:44:31+00:00,2023-12-31,2024-02-26,2023.0,FY,2026-02-23,132.03,18982300000.0,12404000000.0,3734500000.0,2208100000.0,96684000000.0,71398100000.0,25285900000.0,37652700000.0,330100000.0,0.5250612935529542,4.244662508462173,31.10494644433676,2026-03-09T02:16:04+00:00
AMT,AMERICAN TOWER CORP /MA/,simfin,2026-02-25 03:44:31+00:00,2021-12-31,2022-02-25,2021.0,FY,2026-02-23,190.05,9356900000.0,6674900000.0,3132000000.0,2567700000.0,69887900000.0,60818300000.0,9069600000.0,43254200000.0,1949900000.0,0.4113021516879335,5.618882350752883,33.82345244771585,2026-03-09T02:16:04+00:00
AWK,"American Water Works Company, Inc.",simfin,2026-02-25 03:44:31+00:00,2024-12-31,2025-02-19,2024.0,FY,2026-02-23,132.92,4684000000.0,,1718000000.0,1051000000.0,32830000000.0,22498000000.0,10335000000.0,14037000000.0,96000000.0,0.3857142857142857,5.38974358974359,24.661655566127493,2026-03-09T02:16:04+00:00
AMP,AMERIPRISE FINANCIAL INC,simfin,2026-02-25 03:44:31+00:00,2024-12-31,2025-02-20,2024.0,FY,2026-02-23,453.78,17926000000.0,,6458000000.0,3401000000.0,181403000000.0,176175000000.0,5228000000.0,5472000000.0,10909000000.0,0.5702927222607684,33.05150631681244,13.729480152896205,2026-03-09T02:16:04+00:00
AME,AMETEK INC/,simfin,2026-02-25 03:44:31+00:00,2024-12-31,2025-02-20,2024.0,FY,2026-02-23,231.45,6941180000.0,2476467000.0,1779562000.0,1376124000.0,14631169000.0,4975865000.0,9655304000.0,2079721000.0,373999000.0,1.240373641883801,5.92727679955894,39.04828605561708,2026-03-09T02:16:04+00:00
AMGN,AMGEN INC,simfin,2026-02-25 03:44:31+00:00,2024-12-31,2025-02-14,2024.0,FY,2026-02-23,379.42,33424000000.0,20566000000.0,7258000000.0,4090000000.0,91839000000.0,85962000000.0,5877000000.0,60099000000.0,11973000000.0,1.256764362093597,7.56007393715342,50.187339853300735,2026-03-09T02:16:04+00:00
APH,AMPHENOL CORP /DE/,simfin,2026-02-25 03:44:31+00:00,2024-12-31,2025-02-07,2024.0,FY,2026-02-23,147.82,15222700000.0,5139700000.0,3284300000.0,2424000000.0,21440200000.0,11584100000.0,9856100000.0,6886100000.0,3335400000.0,2.37181056858808,1.918328584995252,77.05666336633664,2026-03-09T02:16:04+00:00
ADI,ANALOG DEVICES INC,simfin,2026-02-25 03:44:31+00:00,2024-10-31,2024-11-26,2024.0,FY,2026-02-23,355.15,9427157000.0,5381343000.0,2070056000.0,1635273000.0,48228277000.0,13051960000.0,35176317000.0,7581687000.0,2363164000.0,1.835388250097045,3.279091311958965,108.30744441448002,2026-03-09T02:16:04+00:00
AON,Aon plc,simfin,2026-02-25 03:44:31+00:00,2024-12-31,2025-02-18,2024.0,FY,2026-02-23,315.31,15698000000.0,7090000000.0,4338000000.0,2654000000.0,48965000000.0,42535000000.0,6430000000.0,17016000000.0,1304000000.0,1.0190041313328984,12.489411764705885,25.24618500376789,2026-03-09T02:16:04+00:00
APA,APACHE CORP,simfin,2026-02-25 03:44:31+00:00,2023-12-31,2024-02-22,2023.0,FY,2026-02-23,28.72,7973000000.0,7231000000.0,3436000000.0,2526000000.0,16944000000.0,11000000000.0,5944000000.0,4816000000.0,84000000.0,1.3688928731510532,8.2012987012987,3.501884402216944,2026-03-09T02:16:04+00:00
APO,Apollo Global Management LLC,simfin,2026-02-25 03:44:31+00:00,2022-12-31,2023-03-01,2022.0,FY,2026-02-23,113.73,3551356000.0,1608167000.0,960108000.0,933867000.0,13793947000.0,9295046000.0,4498901000.0,2864107000.0,9325364000.0,3.230512604015161,1.53553140510012,74.06556428755331,2026-03-09T02:16:04+00:00
AAPL,APPLE INC,simfin,2026-02-25 03:44:31+00:00,2024-09-30,2024-11-01,2024.0,FY,2026-02-23,266.18,391035000000.0,180683000000.0,123216000000.0,93736000000.0,364980000000.0,308030000000.0,56950000000.0,106629000000.0,65171000000.0,0.9245044718394972,6.083555429791938,43.75401902257404,2026-03-09T02:16:04+00:00
AMAT,APPLIED MATERIALS INC /DE,simfin,2026-02-25 03:44:31+00:00,2024-10-31,2024-12-13,2024.0,FY,2026-02-23,373.55,27176000000.0,12897000000.0,7867000000.0,7177000000.0,34409000000.0,15408000000.0,19001000000.0,6259000000.0,9471000000.0,2.5059045819555976,8.605515587529975,43.408206771631605,2026-03-09T02:16:04+00:00
APP,AppLovin Corporation,simfin,2026-02-25 03:44:31+00:00,2024-12-31,2025-02-27,2024.0,FY,2026-02-23,380.62,3224058000.0,2703445000.0,1910956000.0,1579776000.0,5869259000.0,4779441000.0,1089818000.0,3508983000.0,697030000.0,2.186525978938449,4.542098000142636,83.79827999925305,2026-03-09T02:16:04+00:00
APTV,Aptiv PLC,simfin,2026-02-25 03:44:31+00:00,2024-12-31,2025-02-07,2024.0,FY,2026-02-23,76.87,19713000000.0,3711000000.0,2035000000.0,1787000000.0,23458000000.0,14373000000.0,9085000000.0,8352000000.0,1573000000.0,1.525238744884038,6.962518506974207,11.040545159485172,2026-03-09T02:16:04+00:00
ADM,ARCHER DANIELS MIDLAND CO,simfin,2026-02-25 03:44:31+00:00,2022-12-31,2023-02-14,2022.0,FY,2026-02-23,67.69,101556000000.0,7570000000.0,4212000000.0,4340000000.0,59774000000.0,35158000000.0,24616000000.0,9180000000.0,1037000000.0,1.4637675168451076,7.708703374777975,8.780983870967741,2026-03-09T02:16:04+00:00
ARES,Ares Management Corporation,simfin,2026-02-25 03:44:31+00:00,2020-12-31,2021-02-25,2020.0,FY,2026-02-23,114.57,1764046000.0,,333679000.0,296400000.0,15168992000.0,12697218000.0,2471774000.0,764907000.0,1062189000.0,2.0790722297022897,1.017614396741515,112.58685054659462,2026-03-09T02:16:04+00:00
ANET,"Arista Networks, Inc.",simfin,2026-02-25 03:44:31+00:00,2024-12-31,2025-02-19,2024.0,FY,2026-02-23,127.43,7003100000.0,4491300000.0,2944600000.0,2852100000.0,14043900000.0,4049100000.0,9994800000.0,0.0,8303500000.0,4.359453919918015,2.226329877126824,57.237699277725184,2026-03-09T02:16:04+00:00
AJG,GALLAGHER ARTHUR J & CO,simfin,2026-02-25 03:44:31+00:00,2024-12-31,2025-02-18,2024.0,FY,2026-02-23,214.33,11555000000.0,,2282000000.0,1463000000.0,64255000000.0,44075000000.0,20180000000.0,12932000000.0,14987000000.0,1.5076213260423788,6.634920634920635,32.30332535885167,2026-03-09T02:16:04+00:00
T,AT&T INC.,simfin,2026-02-25 03:44:31+00:00,2024-12-31,2025-02-12,2024.0,FY,2026-02-23,28.52,122336000000.0,95364000000.0,24124000000.0,10948000000.0,394795000000.0,274570000000.0,120225000000.0,123532000000.0,3298000000.0,0.6649598907663424,1.491671293725708,19.119493765121906,2026-03-09T02:16:04+00:00
ATO,Atmos Energy Corp,simfin,2026-02-25 03:44:31+00:00,2024-09-30,2024-11-18,2024.0,FY,2026-02-23,181.72,4165187000.0,3231494000.0,1355362000.0,1042895000.0,25194465000.0,13036796000.0,12157669000.0,7870375000.0,308856000.0,0.9389978231574584,6.83121978698597,26.60139853005336,2026-03-09T02:16:04+00:00
ADSK,AUTODESK INC,simfin,2026-02-25 03:44:31+00:00,2025-01-31,2025-03-06,2024.0,FY,2026-02-23,218.64,6131000000.0,5553000000.0,1369000000.0,1112000000.0,10833000000.0,8212000000.0,2621000000.0,2287000000.0,1886000000.0,0.6836834871392107,5.124423963133641,42.66625899280575,2026-03-09T02:16:04+00:00
ADP,AUTOMATIC DATA PROCESSING INC,simfin,2026-02-25 03:44:31+00:00,2024-06-30,2024-08-07,2024.0,FY,2026-02-23,205.73,19202600000.0,10152500000.0,4947000000.0,3752000000.0,54362700000.0,49815100000.0,4547600000.0,2991300000.0,3297400000.0,1.010259538598048,9.102377486656962,22.60178731343284,2026-03-09T02:16:04+00:00
AZO,AUTOZONE INC,simfin,2026-02-25 03:44:31+00:00,2024-08-31,2024-10-28,2024.0,FY,2026-02-23,3829.27,18490268000.0,9817052000.0,3788708000.0,2662427000.0,17176538000.0,21926152000.0,-4749614000.0,9024381000.0,298172000.0,0.8384846509329611,149.54934561590744,25.6053945554188,2026-03-09T02:16:04+00:00
AVB,AVALONBAY COMMUNITIES INC,simfin,2026-02-25 03:44:31+00:00,2024-12-31,2025-02-27,2024.0,FY,2026-02-23,176.36,2913757000.0,,915750000.0,1081994000.0,21000737000.0,9059645000.0,11941092000.0,8077249000.0,108576000.0,0.4434381293736132,7.595146727676764,23.220091240284145,2026-03-09T02:16:04+00:00
AVY,Avery Dennison Corp,simfin,2026-02-25 03:44:31+00:00,2024-12-31,2025-02-26,2024.0,FY,2026-02-23,196.62,8755700000.0,2530700000.0,1115400000.0,704900000.0,8404200000.0,6091900000.0,2312300000.0,3152200000.0,329100000.0,1.0754908125480334,8.734820322180918,22.50990778833877,2026-03-09T02:16:04+00:00
AXON,"AXON ENTERPRISE, INC.",simfin,2026-02-25 03:44:31+00:00,2024-12-31,2025-02-28,2024.0,FY,2026-02-23,423.44,2082526000.0,1241380000.0,58540000.0,377034000.0,4474588000.0,2146923000.0,2327665000.0,680289000.0,986349000.0,1.3692801907174252,4.799434812495226,88.22705517274304,2026-03-09T02:16:04+00:00
BKR,Baker Hughes Company,simfin,2026-02-25 03:44:31+00:00,2024-12-31,2025-02-04,2024.0,FY,2026-02-23,63.67,27829000000.0,6483000000.0,3382000000.0,2979000000.0,38363000000.0,21308000000.0,17055000000.0,6023000000.0,3364000000.0,1.324840274035871,2.976023976023976,21.394316884860693,2026-03-09T02:16:04+00:00
BALL,BALL CORP,simfin,2026-02-25 03:44:31+00:00,2024-12-31,2025-02-20,2024.0,FY,2026-02-20,66.53,11795000000.0,2441000000.0,1183000000.0,4008000000.0,17628000000.0,11698000000.0,5930000000.0,5673000000.0,885000000.0,0.9987621208995254,13.004289338948626,5.116004286427145,2026-03-09T02:16:04+00:00
BAX,BAXTER INTERNATIONAL INC,simfin,2026-02-25 03:44:31+00:00,2024-12-31,2025-02-21,2024.0,FY,2026-02-23,21.26,10636000000.0,3984000000.0,439000000.0,-649000000.0,25782000000.0,18758000000.0,7024000000.0,13126000000.0,1764000000.0,1.359698970972201,-1.272549019607843,-16.70662557781202,2026-03-09T02:16:04+00:00
BDX,BECTON DICKINSON & CO,simfin,2026-02-25 03:44:31+00:00,2024-09-30,2024-11-27,2024.0,FY,2026-02-23,184.34,20178000000.0,9125000000.0,2856000000.0,1705000000.0,57287000000.0,31396000000.0,25889000000.0,20110000000.0,2162000000.0,1.1689370254577938,4.6060733689729405,40.02107331631672,2026-03-09T02:16:04+00:00
BBY,BEST BUY CO INC,simfin,2026-02-25 03:44:31+00:00,2025-01-31,2025-03-19,2024.0,FY,2026-02-23,62.71,41528000000.0,9385000000.0,1734000000.0,927000000.0,14782000000.0,11974000000.0,2808000000.0,1154000000.0,1578000000.0,1.0259481037924152,4.2797783933518,14.652627831715211,2026-03-09T02:16:04+00:00
TECH,BIO-TECHNE Corp,simfin,2026-02-25 03:44:31+00:00,2024-06-30,2024-08-22,2024.0,FY,2026-02-23,54.76,1159060000.0,769725000.0,206686000.0,168105000.0,2703867000.0,635017000.0,2068850000.0,319000000.0,152863000.0,3.873904341224377,1.0455981688581486,52.37193563546593,2026-03-09T02:16:04+00:00
BIIB,BIOGEN INC.,simfin,2026-02-25 03:44:31+00:00,2024-12-31,2025-02-12,2024.0,FY,2026-02-23,196.34,9675900000.0,7365500000.0,2981500000.0,1632200000.0,28049300000.0,11333300000.0,16716000000.0,6295800000.0,2375000000.0,0.7400555776101627,11.187114461960247,17.55054895233427,2026-03-09T02:16:04+00:00
BLK,"BlackRock, Inc.",simfin,2026-02-25 03:44:31+00:00,2023-12-31,2024-02-23,2023.0,FY,2026-02-23,1071.01,17859000000.0,10749000000.0,6336000000.0,5502000000.0,123211000000.0,81971000000.0,41240000000.0,7918000000.0,8736000000.0,1.1917093391855644,36.50962176509622,29.33500672482733,2026-03-09T02:16:04+00:00
BX,Blackstone Group L.P.,simfin,2026-02-25 03:44:31+00:00,2024-12-31,2025-02-28,2024.0,FY,2026-02-23,113.71,13229968000.0,8375936000.0,6994351000.0,2776508000.0,43469875000.0,23974860000.0,19495015000.0,0.0,1972140000.0,0.3263183601489227,3.621627400668992,31.39748721223926,2026-03-09T02:16:04+00:00
BA,BOEING CO,simfin,2026-02-25 03:44:31+00:00,2022-12-31,2023-01-27,2022.0,FY,2026-02-23,230.44,66608000000.0,3530000000.0,-3509000000.0,-4935000000.0,137100000000.0,152948000000.0,-15848000000.0,57001000000.0,17220000000.0,1.2162195176120465,-8.295511850731215,-27.778876595744684,2026-03-09T02:16:04+00:00
BKNG,Booking Holdings Inc.,simfin,2026-02-25 03:44:31+00:00,2024-12-31,2025-02-20,2024.0,FY,2026-02-23,3870.83,23739000000.0,,7589000000.0,5882000000.0,27708000000.0,31728000000.0,-4020000000.0,16598000000.0,16164000000.0,1.3095801112034255,172.6749647721935,22.41685704182251,2026-03-09T02:16:04+00:00
BSX,BOSTON SCIENTIFIC CORP,simfin,2026-02-25 03:44:31+00:00,2024-12-31,2025-02-18,2024.0,FY,2026-02-23,74.37,16747000000.0,11490000000.0,3002000000.0,1856000000.0,39396000000.0,17391000000.0,22003000000.0,10746000000.0,414000000.0,1.0815879962488275,1.2490746349014066,59.5400770474138,2026-03-09T02:16:04+00:00
BMY,BRISTOL MYERS SQUIBB CO,simfin,2026-02-25 03:44:31+00:00,2024-12-31,2025-02-12,2024.0,FY,2026-02-23,61.25,48300000000.0,34332000000.0,5887000000.0,-8948000000.0,92603000000.0,76215000000.0,16388000000.0,49649000000.0,10859000000.0,1.2526289223521494,-4.414405525407005,-13.875027939204292,2026-03-09T02:16:04+00:00
AVGO,Broadcom Inc.,simfin,2026-02-25 03:44:31+00:00,2024-10-31,2024-12-20,2024.0,FY,2026-02-23,330.34,51574000000.0,32509000000.0,14996000000.0,5895000000.0,165645000000.0,97967000000.0,67678000000.0,67566000000.0,9348000000.0,1.1735641133137689,1.2337798241942235,267.74631382527565,2026-03-09T02:16:04+00:00
BR,"BROADRIDGE FINANCIAL SOLUTIONS, INC.",simfin,2026-02-25 03:44:31+00:00,2024-06-30,2024-08-06,2024.0,FY,2026-02-23,175.73,6506800000.0,1933900000.0,1017100000.0,698000000.0,8242400000.0,6074300000.0,2168300000.0,3355100000.0,304400000.0,0.8148598625066102,5.860621326616289,29.98487535816619,2026-03-09T02:16:04+00:00
BRO,BROWN & BROWN INC,simfin,2026-02-25 03:44:31+00:00,2024-12-31,2025-02-13,2024.0,FY,2026-02-23,69.16,4805000000.0,2399000000.0,1467000000.0,993000000.0,17612000000.0,11175000000.0,6437000000.0,3824000000.0,675000000.0,1.096610706366804,3.4964788732394365,19.77989929506546,2026-03-09T02:16:04+00:00
BLDR,"Builders FirstSource, Inc.",simfin,2026-02-25 03:44:31+00:00,2024-12-31,2025-02-20,2024.0,FY,2026-02-23,107.28,16400492000.0,5383044000.0,1595249000.0,1077898000.0,10583086000.0,6286616000.0,4296470000.0,3704113000.0,153624000.0,1.7674457990767891,9.059488989746177,11.84172751039523,2026-03-09T02:16:04+00:00
BG,Bunge LTD,simfin,2026-02-25 03:44:31+00:00,2022-12-31,2023-02-24,2022.0,FY,2026-02-23,121.32,67232000000.0,3682000000.0,2313000000.0,1610000000.0,24580000000.0,14620000000.0,9960000000.0,5623000000.0,1104000000.0,1.745625,10.733333333333333,11.303105590062112,2026-03-09T02:16:04+00:00
BXP,BOSTON PROPERTIES INC,simfin,2026-02-25 03:44:31+00:00,2023-12-31,2024-02-27,2023.0,FY,2026-02-23,59.62,3273569000.0,2057397000.0,1038655000.0,190215000.0,26026149000.0,17833785000.0,8192364000.0,12107879000.0,1531477000.0,0.312116164734925,1.2100113866960134,49.27226359645664,2026-03-09T02:16:04+00:00
CHRW,C. H. Robinson Worldwide,simfin,2026-02-25 03:44:31+00:00,2024-12-31,2025-02-14,2024.0,FY,2026-02-23,177.2,17724956000.0,2765014000.0,669141000.0,465690000.0,5297926000.0,3575875000.0,1722051000.0,1377649000.0,145762000.0,1.2773046387411404,3.858914972779025,45.91964353969379,2026-03-09T02:16:04+00:00
CDNS,CADENCE DESIGN SYSTEMS INC,simfin,2026-02-25 03:44:31+00:00,2024-12-31,2025-02-21,2024.0,FY,2026-02-23,279.8,4641264000.0,3993762000.0,1382850000.0,1055484000.0,8974482000.0,4300904000.0,4673578000.0,2476183000.0,2644030000.0,2.9312198700099628,3.854480650615521,72.59084306346662,2026-03-09T02:16:04+00:00
CPT,Camden Property Trust,simfin,2026-02-25 03:44:31+00:00,2021-12-31,2022-02-17,2021.0,FY,2026-02-23,108.2,1154117000.0,737092000.0,241774000.0,303907000.0,7976784000.0,3710529000.0,4266255000.0,3170367000.0,613391000.0,1.820906917115612,2.945663025462581,36.73196800336945,2026-03-09T02:16:04+00:00
CPB,CAMPBELL SOUP CO,simfin,2026-02-25 03:44:31+00:00,2024-07-31,2024-09-19,2024.0,FY,2026-02-23,27.11,9636000000.0,2971000000.0,1038000000.0,567000000.0,15235000000.0,11439000000.0,3796000000.0,7184000000.0,108000000.0,0.6124161073825504,1.89,14.343915343915343,2026-03-09T02:16:04+00:00
CAH,CARDINAL HEALTH INC,simfin,2026-02-25 03:44:31+00:00,2024-06-30,2024-08-14,2024.0,FY,2026-02-23,224.82,226827000000.0,7414000000.0,2130000000.0,852000000.0,45121000000.0,48333000000.0,-3212000000.0,5092000000.0,5133000000.0,0.9787878787878788,3.4493927125506074,65.17669014084507,2026-03-09T02:16:04+00:00
CCL,CARNIVAL CORP,simfin,2026-02-25 03:44:31+00:00,2024-11-30,2025-01-27,2024.0,FY,2026-02-23,30.42,25021000000.0,13183000000.0,3573000000.0,1914000000.0,49057000000.0,39804000000.0,9251000000.0,27474000000.0,1210000000.0,0.2906946716019626,1.3690987124463518,22.218996865203763,2026-03-09T02:16:04+00:00
CARR,Carrier Global Corp,simfin,2026-02-25 03:44:31+00:00,2022-12-31,2023-02-07,2022.0,FY,2026-02-23,63.46,17288000000.0,4297000000.0,1904000000.0,3534000000.0,26086000000.0,18010000000.0,8076000000.0,8842000000.0,3520000000.0,1.63776525198939,4.103576405016256,15.464559139784946,2026-03-09T02:16:04+00:00
CVNA,CARVANA CO.,simfin,2026-02-25 03:44:31+00:00,2024-12-31,2025-02-19,2024.0,FY,2026-02-23,325.1,13673000000.0,2876000000.0,990000000.0,210000000.0,8484000000.0,7109000000.0,1375000000.0,5632000000.0,1716000000.0,3.6390134529147984,1.5884301771477845,204.66747904761908,2026-03-09T02:16:04+00:00
CAT,CATERPILLAR INC,simfin,2026-02-25 03:44:31+00:00,2024-12-31,2025-02-14,2024.0,FY,2026-02-23,756.47,64809000000.0,24610000000.0,14358000000.0,10792000000.0,87764000000.0,68270000000.0,19494000000.0,29799000000.0,6889000000.0,1.4155304908279622,22.05149162239477,34.30470885841364,2026-03-09T02:16:04+00:00
CBOE,"CBOE Holdings, Inc.",simfin,2026-02-25 03:44:31+00:00,2024-12-31,2025-02-21,2024.0,FY,2026-02-23,290.11,4094500000.0,2072400000.0,1180700000.0,764900000.0,7789100000.0,3509500000.0,4279600000.0,1441000000.0,1030600000.0,1.776877866972477,7.213270142180095,40.21892904073587,2026-03-09T02:16:04+00:00
CBRE,CBRE Group,simfin,2026-02-25 03:44:31+00:00,2024-12-31,2025-02-14,2024.0,FY,2026-02-23,144.18,35767000000.0,6956000000.0,1271000000.0,968000000.0,24383000000.0,15191000000.0,9192000000.0,4187000000.0,1114000000.0,1.0735436631850974,3.1425142006905404,45.88046092785124,2026-03-09T02:16:04+00:00
CDW,CDW Corp,simfin,2026-02-25 03:44:31+00:00,2024-12-31,2025-02-21,2024.0,FY,2026-02-23,123.13,20998700000.0,4602400000.0,1651300000.0,1077800000.0,14678400000.0,12325700000.0,2352700000.0,5842800000.0,717700000.0,1.346832529592284,7.97189349112426,15.445514937836334,2026-03-09T02:16:04+00:00
COR,"CENCORA, INC.",simfin,2026-02-25 03:44:31+00:00,2024-09-30,2024-11-26,2024.0,FY,2026-02-23,366.03,293958599000.0,9910029000.0,2929879000.0,1509120000.0,67101667000.0,66314925000.0,786742000.0,4388076000.0,3132648000.0,0.8106209840081714,7.53490044137325,48.57794775763358,2026-03-09T02:16:04+00:00
CNC,Centene Corporation,simfin,2026-02-25 03:44:31+00:00,2024-12-31,2025-02-18,2024.0,FY,2026-02-23,43.34,163071000000.0,34635000000.0,3188000000.0,3305000000.0,82445000000.0,55935000000.0,26510000000.0,18533000000.0,16685000000.0,1.1091036455444967,6.310334820064765,6.868098323751892,2026-03-09T02:16:04+00:00
CNP,CenterPoint Energy,simfin,2026-02-25 03:44:31+00:00,2024-12-31,2025-02-20,2024.0,FY,2026-02-23,42.89,8643000000.0,6925000000.0,1990000000.0,1019000000.0,43768000000.0,33102000000.0,10666000000.0,20655000000.0,585000000.0,1.0830655129789863,1.5822981366459627,27.10614327772326,2026-03-09T02:16:04+00:00
CF,"CF Industries Holdings, Inc.",simfin,2026-02-25 03:44:31+00:00,2024-12-31,2025-02-20,2024.0,FY,2026-02-23,95.45,5936000000.0,2056000000.0,1746000000.0,1218000000.0,13466000000.0,5874000000.0,7592000000.0,2971000000.0,1614000000.0,3.0806845965770173,6.740453790813503,14.160767651888342,2026-03-09T02:16:04+00:00
CRL,CHARLES RIVER LABORATORIES INTERNATIONAL INC,simfin,2026-02-25 03:44:31+00:00,2024-12-31,2025-02-19,2024.0,FY,2026-02-23,163.52,4049989000.0,1331821000.0,442347000.0,10297000.0,7528345000.0,4020267000.0,3508078000.0,2240205000.0,194606000.0,1.4113968298995776,0.1994460370341675,819.8708905506459,2026-03-09T02:16:04+00:00
CHTR,Charter Communications,simfin,2026-02-25 03:44:31+00:00,2024-12-31,2025-01-31,2024.0,FY,2026-02-23,227.52,55085000000.0,,13118000000.0,5083000000.0,150020000000.0,129241000000.0,20779000000.0,93933000000.0,459000000.0,0.3138810618419101,34.96744728781149,6.506623092252607,2026-03-09T02:16:04+00:00
CVX,CHEVRON CORP,simfin,2026-02-25 03:44:31+00:00,2024-12-31,2025-02-21,2024.0,FY,2026-02-23,184.91,202792000000.0,83586000000.0,28295000000.0,17661000000.0,256938000000.0,103781000000.0,153157000000.0,24541000000.0,6781000000.0,1.0610249494268376,9.719867914144194,19.023921069022137,2026-03-09T02:16:04+00:00
CMG,CHIPOTLE MEXICAN GRILL INC,simfin,2026-02-25 03:44:31+00:00,2024-12-31,2025-02-05,2024.0,FY,2026-02-23,36.61,11313853000.0,4586174000.0,1943282000.0,1534110000.0,9204374000.0,5548828000.0,3655546000.0,0.0,748537000.0,0.9464744072390756,1.1144560151973586,32.85010758680929,2026-03-09T02:16:04+00:00
CHD,Church & Dwight,simfin,2026-02-25 03:44:31+00:00,2024-12-31,2025-02-13,2024.0,FY,2026-02-23,105.26,6107100000.0,2790100000.0,1164200000.0,585300000.0,8883100000.0,4522300000.0,4360800000.0,2204600000.0,964100000.0,1.702712972110343,2.370595382746051,44.40234751409534,2026-03-09T02:16:04+00:00
CIEN,CIENA CORP,simfin,2026-02-25 03:44:31+00:00,2024-10-31,2024-12-20,2024.0,FY,2026-02-23,344.84,4014955000.0,1719590000.0,191209000.0,83956000.0,5641337000.0,2825199000.0,2816138000.0,1544774000.0,1251206000.0,3.5969859496541963,0.5751829218163382,599.5310133879651,2026-03-09T02:16:04+00:00
CTAS,CINTAS CORP,simfin,2026-02-25 03:44:31+00:00,2024-05-31,2024-07-25,2024.0,FY,2026-02-23,198.33,9596615000.0,4686416000.0,2068633000.0,1571592000.0,9168817000.0,4852445000.0,4316372000.0,2475529000.0,342015000.0,1.7419600233850454,3.8010003192508246,52.17836972954813,2026-03-09T02:16:04+00:00
CSCO,"CISCO SYSTEMS, INC.",simfin,2026-02-25 03:44:31+00:00,2024-07-31,2024-09-05,2024.0,FY,2026-02-23,77.74,53803000000.0,34828000000.0,12970000000.0,10320000000.0,124413000000.0,78956000000.0,45457000000.0,30962000000.0,17854000000.0,0.7084778589664583,2.5406203840472674,30.598825581395342,2026-03-09T02:16:04+00:00
CLX,CLOROX CO /DE/,simfin,2026-02-25 03:44:31+00:00,2024-06-30,2024-08-08,2024.0,FY,2026-02-23,126.76,7093000000.0,3048000000.0,923000000.0,280000000.0,5751000000.0,5259000000.0,492000000.0,2485000000.0,202000000.0,1.0304955527318933,2.243517835966796,56.50055371428572,2026-03-09T02:16:04+00:00
CME,CME Group Inc.,simfin,2026-02-25 03:44:31+00:00,2024-12-31,2025-02-27,2024.0,FY,2026-02-23,314.0,6130100000.0,5279800000.0,3931500000.0,3525800000.0,137447000000.0,110960100000.0,26486900000.0,3428000000.0,3005600000.0,1.007033257455732,9.804265069420692,32.0268778716887,2026-03-09T02:16:04+00:00
CMS,CMS Energy,simfin,2026-02-25 03:44:31+00:00,2022-12-31,2023-02-09,2022.0,FY,2026-02-23,76.3,8596000000.0,4431000000.0,1224000000.0,825000000.0,31353000000.0,23758000000.0,7595000000.0,14309000000.0,164000000.0,1.1770218674071502,2.884283246977548,26.453712574850297,2026-03-09T02:16:04+00:00
KO,COCA COLA CO,simfin,2026-02-25 03:44:31+00:00,2024-12-31,2025-02-20,2024.0,FY,2026-02-23,80.56,47061000000.0,28737000000.0,9992000000.0,10631000000.0,100549000000.0,74177000000.0,26372000000.0,44522000000.0,14571000000.0,1.0296249356410154,2.4608796296296296,32.7362618756467,2026-03-09T02:16:04+00:00
CTSH,COGNIZANT TECHNOLOGY SOLUTIONS CORP,simfin,2026-02-25 03:44:31+00:00,2024-12-31,2025-02-12,2024.0,FY,2026-02-23,61.13,19736000000.0,6778000000.0,3026000000.0,2240000000.0,19966000000.0,5558000000.0,14408000000.0,908000000.0,2243000000.0,2.093165969316597,4.507042253521127,13.56321875,2026-03-09T02:16:04+00:00
COIN,"Coinbase Global, Inc.",simfin,2026-02-25 03:44:31+00:00,2024-12-31,2025-02-13,2024.0,FY,2026-02-23,160.24,6564028000.0,5666321000.0,2235435000.0,2579066000.0,22541951000.0,12265109000.0,10276842000.0,4608349000.0,9652099000.0,2.280811376446233,9.434100162047285,16.985191724445983,2026-03-09T02:16:04+00:00
CL,COLGATE PALMOLIVE CO,simfin,2026-02-25 03:44:31+00:00,2024-12-31,2025-02-13,2024.0,FY,2026-02-23,97.1,20101000000.0,12161000000.0,4432000000.0,2889000000.0,16046000000.0,15502000000.0,544000000.0,7949000000.0,1096000000.0,0.9232505643340858,3.509475218658892,27.66795430944964,2026-03-09T02:16:04+00:00
CMCSA,COMCAST CORP,simfin,2026-02-25 03:44:31+00:00,2024-12-31,2025-01-31,2024.0,FY,2026-02-23,31.63,123731000000.0,86705000000.0,23298000000.0,16193000000.0,266210000000.0,179936000000.0,86275000000.0,99093000000.0,7322000000.0,0.6770925444026175,3.883366156366821,8.144995533872661,2026-03-09T02:16:04+00:00
FIX,COMFORT SYSTEMS USA INC,simfin,2026-02-25 03:44:31+00:00,2024-12-31,2025-02-20,2024.0,FY,2026-02-23,1413.57,7027476000.0,1476411000.0,746339000.0,522433000.0,4711088000.0,3006412000.0,1704676000.0,68335000.0,549939000.0,1.0803288717152515,14.603298392732356,96.797994671087,2026-03-09T02:16:04+00:00
CAG,CONAGRA FOODS INC /DE/,simfin,2026-02-25 03:44:31+00:00,2024-05-31,2024-07-11,2024.0,FY,2026-02-23,18.86,12050900000.0,3333400000.0,1845900000.0,347200000.0,20862300000.0,12351000000.0,8511300000.0,8441300000.0,77700000.0,0.9715281633660312,0.7233333333333334,26.073732718894007,2026-03-09T02:16:04+00:00
COP,ConocoPhillips,simfin,2026-02-25 03:44:31+00:00,2022-12-31,2023-02-16,2022.0,FY,2026-02-23,109.88,81079000000.0,47108000000.0,27797000000.0,18680000000.0,93829000000.0,45826000000.0,48003000000.0,16643000000.0,9243000000.0,1.4594068654160504,14.06466583995344,7.812485646680941,2026-03-09T02:16:04+00:00
ED,Consolidated Edison,simfin,2026-02-25 03:44:31+00:00,2023-12-31,2024-02-15,2023.0,FY,2026-02-23,112.14,13476000000.0,10223000000.0,2177000000.0,1606000000.0,66331000000.0,45173000000.0,21158000000.0,22177000000.0,1189000000.0,5.983416252072969,4.597766962496421,24.39010087173101,2026-03-09T02:16:04+00:00
STZ,"CONSTELLATION BRANDS, INC.",simfin,2026-02-25 03:44:31+00:00,2025-02-28,2025-04-23,2024.0,FY,2026-02-23,159.42,10208700000.0,5314600000.0,3364600000.0,-81400000.0,21652300000.0,14517500000.0,7134800000.0,11497700000.0,68100000.0,0.9209952418715304,-0.4458930185423571,-357.5297063882064,2026-03-09T02:16:04+00:00
CEG,Constellation Energy Corp,simfin,2026-02-25 03:44:31+00:00,2023-12-31,2024-02-27,2023.0,FY,2026-02-23,293.8,24918000000.0,3232000000.0,1583000000.0,1623000000.0,50758000000.0,39472000000.0,11286000000.0,9261000000.0,368000000.0,1.313340718468112,5.00925925925926,58.65138632162662,2026-03-09T02:16:04+00:00
COO,COOPER COMPANIES INC,simfin,2026-02-25 03:44:31+00:00,2024-10-31,2024-12-06,2024.0,FY,2026-02-23,82.94,3895400000.0,2595700000.0,705700000.0,392300000.0,12315200000.0,4231600000.0,8083600000.0,2583700000.0,107600000.0,1.907997653500196,1.9575848303393213,42.368534284985984,2026-03-09T02:16:04+00:00
CPRT,COPART INC,simfin,2026-02-25 03:44:31+00:00,2024-07-31,2024-09-30,2024.0,FY,2026-02-23,35.36,4236823000.0,1907252000.0,1572023000.0,1363020000.0,8427764000.0,879209000.0,7548555000.0,0.0,3422158000.0,6.420593872933339,1.3982589213354972,25.288592449120333,2026-03-09T02:16:04+00:00
GLW,CORNING INC /NY,simfin,2026-02-25 03:44:31+00:00,2024-12-31,2025-02-13,2024.0,FY,2026-02-23,145.25,13118000000.0,4276000000.0,1135000000.0,506000000.0,27735000000.0,16665000000.0,11070000000.0,7211000000.0,1768000000.0,1.6247204716405774,0.5822784810126582,249.4510869565217,2026-03-09T02:16:04+00:00
CTVA,"Corteva, Inc.",simfin,2026-02-25 03:44:31+00:00,2024-12-31,2025-02-14,2024.0,FY,2026-02-23,76.46,16908000000.0,7379000000.0,2096000000.0,907000000.0,40825000000.0,16795000000.0,24030000000.0,2703000000.0,3169000000.0,1.4535913730021182,1.3031609195402298,58.672723263506064,2026-03-09T02:16:04+00:00
CSGP,COSTAR GROUP INC,simfin,2026-02-25 03:44:31+00:00,2024-12-31,2025-02-20,2024.0,FY,2026-02-23,47.87,2736200000.0,2177700000.0,330000000.0,138700000.0,9256800000.0,1703300000.0,7553500000.0,991900000.0,4681000000.0,8.962882491399602,0.3401177047572339,140.74539293439076,2026-03-09T02:16:04+00:00
COST,COSTCO WHOLESALE CORP /NEW,simfin,2026-02-25 03:44:31+00:00,2024-08-31,2024-10-09,2024.0,FY,2026-02-23,986.02,254453000000.0,32095000000.0,9285000000.0,7367000000.0,69831000000.0,46209000000.0,23622000000.0,5794000000.0,11144000000.0,0.965655312429506,16.564026810025204,59.52779546355369,2026-03-09T02:16:04+00:00
CTRA,Coterra Energy Inc.,simfin,2026-02-25 03:44:31+00:00,2024-12-31,2025-02-25,2024.0,FY,2026-02-23,30.75,5458000000.0,4800000000.0,2362000000.0,1121000000.0,21625000000.0,8495000000.0,13130000000.0,3535000000.0,2038000000.0,2.9234154929577465,1.5046979865771812,20.43599464763604,2026-03-09T02:16:04+00:00
CRH,CRH plc,simfin,2026-02-25 03:44:31+00:00,2024-12-31,2025-02-26,2024.0,FY,2026-02-23,121.49,35572000000.0,12701000000.0,4849000000.0,3492000000.0,50613000000.0,27763000000.0,22850000000.0,13968000000.0,3720000000.0,1.4039477619379923,5.064539521392313,23.988360538373424,2026-03-09T02:16:04+00:00
CRWD,"CrowdStrike Holdings, Inc.",simfin,2026-02-25 03:44:31+00:00,2025-01-31,2025-03-10,2024.0,FY,2026-02-23,350.33,3953624000.0,2962143000.0,-120430000.0,-19271000.0,8701578000.0,5382661000.0,3318917000.0,743983000.0,4323295000.0,1.766326692766646,-0.0787374872318692,-4449.341886772871,2026-03-09T02:16:04+00:00
CCI,Crown Castle International Corp.,simfin,2026-02-25 03:44:31+00:00,2024-12-31,2025-03-14,2024.0,FY,2026-02-23,87.7,6568000000.0,4721000000.0,2277000000.0,-3903000000.0,32736000000.0,32869000000.0,-133000000.0,24054000000.0,100000000.0,0.5006890215893431,-8.993087557603687,-9.751934409428644,2026-03-09T02:16:04+00:00
CSX,CSX CORP,simfin,2026-02-25 03:44:31+00:00,2024-12-31,2025-02-27,2024.0,FY,2026-02-23,41.97,14540000000.0,7366000000.0,5353000000.0,3470000000.0,42764000000.0,30257000000.0,12507000000.0,18503000000.0,1005000000.0,0.8608058608058609,1.7858980957282553,23.500780979827088,2026-03-09T02:16:04+00:00
CMI,CUMMINS INC,simfin,2026-02-25 03:44:31+00:00,2024-12-31,2025-02-11,2024.0,FY,2026-02-23,587.36,34102000000.0,8439000000.0,3355000000.0,3946000000.0,31540000000.0,20232000000.0,11308000000.0,6703000000.0,2264000000.0,1.1994471095210992,28.36808051761323,20.70496097313736,2026-03-09T02:16:04+00:00
CVS,CVS HEALTH Corp,simfin,2026-02-25 03:44:31+00:00,2024-12-31,2025-02-12,2024.0,FY,2026-02-23,77.0,372809000000.0,51401000000.0,9695000000.0,4614000000.0,253215000000.0,177485000000.0,75730000000.0,66270000000.0,10993000000.0,0.8228250185793398,3.656101426307449,21.060684872128306,2026-03-09T02:16:04+00:00
DHR,DANAHER CORP /DE/,simfin,2026-02-25 03:44:31+00:00,2024-12-31,2025-02-20,2024.0,FY,2026-02-23,210.92,23875000000.0,14206000000.0,4863000000.0,3899000000.0,77542000000.0,27992000000.0,49550000000.0,16005000000.0,2078000000.0,1.3970285378052367,5.288931090613131,39.87951372146704,2026-03-09T02:16:04+00:00
DRI,DARDEN RESTAURANTS INC,simfin,2026-02-25 03:44:31+00:00,2024-05-31,2024-07-19,2024.0,FY,2026-02-23,214.26,11390000000.0,2434500000.0,1326600000.0,1027600000.0,11323000000.0,9080500000.0,2242500000.0,1457200000.0,194800000.0,0.3752793614595211,8.506622516556291,25.18743479953289,2026-03-09T02:16:04+00:00
DDOG,"Datadog, Inc.",simfin,2026-02-25 03:44:31+00:00,2024-12-31,2025-02-20,2024.0,FY,2026-02-23,102.61,2684275000.0,2168744000.0,54284000.0,183746000.0,5785339000.0,3070976000.0,2714363000.0,1613305000.0,4189059000.0,2.636538747515049,0.5123467805797521,200.2745091593831,2026-03-09T02:16:04+00:00
DVA,DAVITA INC.,simfin,2026-02-25 03:44:31+00:00,2024-12-31,2025-02-13,2024.0,FY,2026-02-23,151.28,12815550000.0,4217029000.0,1954828000.0,936342000.0,17285268000.0,15193917000.0,2091351000.0,9446770000.0,845997000.0,1.2598572009914542,10.728762288883289,14.100414933859636,2026-03-09T02:16:04+00:00
DECK,DECKERS OUTDOOR CORP,simfin,2026-02-25 03:44:31+00:00,2024-03-31,2024-05-24,2023.0,FY,2026-02-23,118.17,4287763000.0,2385488000.0,927514000.0,759563000.0,3135579000.0,1028111000.0,2107468000.0,0.0,1502051000.0,3.399004287212644,4.860021242833743,24.314708536355774,2026-03-09T02:16:04+00:00
DE,DEERE & CO,simfin,2026-02-25 03:44:31+00:00,2024-10-31,2024-12-12,2024.0,FY,2026-02-23,646.84,51716000000.0,20941000000.0,12554000000.0,7100000000.0,107320000000.0,84395000000.0,22925000000.0,65193000000.0,8478000000.0,2.0717378828194293,25.6225189462288,25.244980845070423,2026-03-09T02:16:04+00:00
DELL,Dell Technologies Inc.,simfin,2026-02-25 03:44:31+00:00,2025-01-31,2025-03-25,2024.0,FY,2026-02-23,119.14,95567000000.0,21250000000.0,6237000000.0,4592000000.0,79746000000.0,81133000000.0,-1387000000.0,24567000000.0,3633000000.0,0.7786661508371483,6.205405405405405,19.19939024390244,2026-03-09T02:16:04+00:00
DAL,DELTA AIR LINES INC /DE/,simfin,2026-02-25 03:44:31+00:00,2024-12-31,2025-02-11,2024.0,FY,2026-02-23,66.88,61643000000.0,12357000000.0,5995000000.0,3457000000.0,75372000000.0,60079000000.0,15293000000.0,22771000000.0,3069000000.0,0.3691038620172478,5.334876543209877,12.536372577379227,2026-03-09T02:16:04+00:00
DVN,DEVON ENERGY CORP/DE,simfin,2026-02-25 03:44:31+00:00,2024-12-31,2025-02-19,2024.0,FY,2026-02-23,43.67,15940000000.0,12757000000.0,4182000000.0,2891000000.0,30489000000.0,15785000000.0,14704000000.0,8883000000.0,846000000.0,1.0356603203384709,4.55993690851735,9.57688689034936,2026-03-09T02:16:04+00:00
DXCM,DEXCOM INC,simfin,2026-02-25 03:44:31+00:00,2024-12-31,2025-02-18,2024.0,FY,2026-02-23,73.26,4033000000.0,2438200000.0,600000000.0,576200000.0,6484500000.0,4381900000.0,2102600000.0,2463900000.0,2579400000.0,1.4670532060027286,1.396171553186334,52.47206178410275,2026-03-09T02:16:04+00:00
FANG,"Diamondback Energy, Inc.",simfin,2026-02-25 03:44:31+00:00,2023-12-31,2024-02-22,2023.0,FY,2026-02-23,173.82,8412000000.0,8301000000.0,4868000000.0,3143000000.0,29000000000.0,11572000000.0,17430000000.0,6641000000.0,582000000.0,19.74495741819812,17.461208117822878,9.954637664651608,2026-03-09T02:16:04+00:00
DG,DOLLAR GENERAL CORP,simfin,2026-02-25 03:44:31+00:00,2025-01-31,2025-03-21,2024.0,FY,2026-02-23,152.9,40612308000.0,12017497000.0,1714074000.0,1125253000.0,31132733000.0,23719026000.0,7413707000.0,6238488000.0,932576000.0,1.1885688154763447,5.114158716884746,29.897390453524675,2026-03-09T02:16:04+00:00
DLTR,Dollar Tree,simfin,2026-02-25 03:44:31+00:00,2025-01-31,2025-03-26,2024.0,FY,2026-02-23,130.41,17578500000.0,6294400000.0,1462000000.0,-3030100000.0,18644000000.0,14666600000.0,3977400000.0,3431200000.0,1256500000.0,1.0695326057839014,-14.034738304770729,-9.291943830236626,2026-03-09T02:16:04+00:00
D,DOMINION RESOURCES INC /VA/,simfin,2026-02-25 03:44:31+00:00,2022-12-31,2023-02-21,2022.0,FY,2026-02-23,64.23,13938000000.0,9742000000.0,3260000000.0,1191000000.0,104243000000.0,76362000000.0,27881000000.0,41112000000.0,120000000.0,0.7323420074349443,1.4703703703703703,43.68287153652393,2026-03-09T02:16:04+00:00
DPZ,DOMINOS PIZZA INC,simfin,2026-02-25 03:44:31+00:00,2024-12-31,2025-02-24,2024.0,FY,2026-02-23,400.36,4706416000.0,1848502000.0,879157000.0,584170000.0,1737013000.0,5699304000.0,-3962291000.0,4975338000.0,186126000.0,0.5683367287041193,16.694633471389782,23.981359080815515,2026-03-09T02:16:04+00:00
DASH,"DoorDash, Inc.",simfin,2026-02-25 03:44:31+00:00,2024-12-31,2025-02-14,2024.0,FY,2026-02-23,164.66,10722000000.0,5180000000.0,-38000000.0,123000000.0,12845000000.0,5035000000.0,7810000000.0,0.0,5341000000.0,1.6901601830663615,0.3651509439003464,450.9368050406504,2026-03-09T02:16:04+00:00
DOV,DOVER Corp,simfin,2026-02-25 03:44:31+00:00,2024-12-31,2025-02-14,2024.0,FY,2026-02-23,230.73,7745909000.0,2958621000.0,1206355000.0,2697126000.0,12509160000.0,5555164000.0,6953996000.0,2929402000.0,1844877000.0,2.04163071976807,19.446314241218204,11.864973338286754,2026-03-09T02:16:04+00:00
DOW,Dow Inc.,simfin,2026-02-25 03:44:31+00:00,2024-12-31,2025-02-04,2024.0,FY,2026-02-23,30.3,42964000000.0,4606000000.0,1905000000.0,1116000000.0,57312000000.0,39461000000.0,17851000000.0,16343000000.0,2189000000.0,1.6125583203732503,1.5827542192596795,19.143844086021502,2026-03-09T02:16:04+00:00
DHI,D. R. Horton,simfin,2026-02-25 03:44:31+00:00,2024-09-30,2024-11-19,2024.0,FY,2026-02-23,164.25,36801400000.0,9535400000.0,5935900000.0,4756400000.0,36104300000.0,10279900000.0,25824400000.0,5917700000.0,4516400000.0,4.009926184035578,14.3437876960193,11.450950298545118,2026-03-09T02:16:04+00:00
DTE,DTE Energy Co.,simfin,2026-02-25 03:44:31+00:00,2024-12-31,2025-02-13,2024.0,FY,2026-02-23,145.85,12457000000.0,6600000000.0,2119000000.0,1404000000.0,48846000000.0,37142000000.0,11704000000.0,23053000000.0,24000000.0,0.7064238151194673,6.782608695652174,21.50352564102564,2026-03-09T02:16:04+00:00
DUK,Duke Energy CORP,simfin,2026-02-25 03:44:31+00:00,2024-12-31,2025-02-27,2024.0,FY,2026-02-23,127.79,30357000000.0,15197000000.0,7938000000.0,4524000000.0,186343000000.0,135087000000.0,51256000000.0,84273000000.0,314000000.0,0.6331043033527922,5.702072538860104,22.411149477510225,2026-03-09T02:16:04+00:00
DD,"DUPONT DE NEMOURS, INC.",simfin,2026-02-25 03:44:31+00:00,2023-12-31,2024-02-15,2023.0,FY,2026-02-23,50.08,6614000000.0,2172000000.0,822000000.0,423000000.0,38552000000.0,13827000000.0,24725000000.0,7800000000.0,2392000000.0,2.425435765009684,0.9375,53.41866666666667,2026-03-09T02:16:04+00:00
ETN,Eaton Corp plc,simfin,2026-02-25 03:44:31+00:00,2024-12-31,2025-02-27,2024.0,FY,2026-02-23,362.05,24878000000.0,9503000000.0,4632000000.0,3794000000.0,38381000000.0,19850000000.0,18532000000.0,9152000000.0,2080000000.0,1.5018454880997836,9.499248873309964,38.113539799683714,2026-03-09T02:16:04+00:00
EBAY,EBAY INC,simfin,2026-02-25 03:44:31+00:00,2024-12-31,2025-02-27,2024.0,FY,2026-02-23,84.31,10283000000.0,7403000000.0,2671000000.0,1975000000.0,19365000000.0,14207000000.0,5158000000.0,7425000000.0,5890000000.0,1.2408986552968186,3.942115768463074,21.38699240506329,2026-03-09T02:16:04+00:00
ECL,Ecolab Inc.,simfin,2026-02-25 03:44:31+00:00,2024-12-31,2025-02-21,2024.0,FY,2026-02-23,305.67,15741400000.0,6841700000.0,2613500000.0,2112400000.0,22387800000.0,13598600000.0,8789200000.0,7564900000.0,1256800000.0,1.2572400267067267,7.370551290997906,41.471796061352016,2026-03-09T02:16:04+00:00
EIX,Edison International,simfin,2026-02-25 03:44:31+00:00,2022-12-31,2023-02-23,2022.0,FY,2026-02-20,73.74,17220000000.0,10845000000.0,3059000000.0,824000000.0,78041000000.0,60519000000.0,17522000000.0,31654000000.0,914000000.0,0.6832898424664153,1.597911227154047,46.147745098039216,2026-03-09T02:16:04+00:00
EW,Edwards Lifesciences Corp,simfin,2026-02-25 03:44:31+00:00,2024-12-31,2025-02-28,2024.0,FY,2026-02-23,82.44,5439500000.0,4322000000.0,1480100000.0,4174600000.0,13055300000.0,2992400000.0,10062900000.0,597700000.0,3975900000.0,4.24173302739911,6.965793425663274,11.834976285153068,2026-03-09T02:16:04+00:00
EA,ELECTRONIC ARTS INC.,simfin,2026-02-25 03:44:31+00:00,2024-03-31,2024-05-22,2023.0,FY,2026-02-23,200.48,7562000000.0,5852000000.0,1580000000.0,1273000000.0,13420000000.0,5907000000.0,7513000000.0,1882000000.0,3262000000.0,1.3744336569579287,4.680147058823529,42.83626080125688,2026-03-09T02:16:04+00:00
EME,Emcor Group Inc,simfin,2026-02-25 03:44:31+00:00,2024-12-31,2025-02-26,2024.0,FY,2026-02-23,806.66,14566116000.0,2765051000.0,1344863000.0,1007145000.0,7716473000.0,4777779000.0,2938694000.0,0.0,1339550000.0,1.2973920902061526,21.51637958683945,37.49050795206251,2026-03-09T02:16:04+00:00
EMR,EMERSON ELECTRIC CO,simfin,2026-02-25 03:44:31+00:00,2024-09-30,2024-11-12,2024.0,FY,2026-02-23,145.51,17492000000.0,8885000000.0,3743000000.0,1968000000.0,44246000000.0,16737000000.0,27509000000.0,7687000000.0,3588000000.0,1.7749912922326716,3.4285714285714284,42.44041666666666,2026-03-09T02:16:04+00:00
ETR,ENTERGY CORP /DE/,simfin,2026-02-25 03:44:31+00:00,2024-12-31,2025-02-18,2024.0,FY,2026-02-23,104.87,11879653000.0,8783543000.0,2758224000.0,1061184000.0,64790032000.0,49385638000.0,15404394000.0,28918886000.0,859703000.0,0.7617604711422618,2.445863691123732,42.87646951896096,2026-03-09T02:16:04+00:00
EOG,EOG RESOURCES INC,simfin,2026-02-25 03:44:31+00:00,2024-12-31,2025-02-27,2024.0,FY,2026-02-23,122.31,23698000000.0,20404000000.0,8473000000.0,6403000000.0,47186000000.0,17835000000.0,29351000000.0,4752000000.0,7092000000.0,2.0974971983563693,11.253075571177504,10.86902858035296,2026-03-09T02:16:04+00:00
EPAM,"EPAM Systems, Inc.",simfin,2026-02-25 03:44:31+00:00,2024-12-31,2025-02-28,2024.0,FY,2026-02-23,129.96,4727940000.0,1450443000.0,544584000.0,454533000.0,4750473000.0,1119322000.0,3631151000.0,25194000.0,1286267000.0,2.9550947031748795,7.83907352154942,16.57848974661906,2026-03-09T02:16:04+00:00
EQT,EQT Corporation,simfin,2026-02-25 03:44:31+00:00,2024-12-31,2025-02-19,2024.0,FY,2026-02-23,59.03,5273309000.0,2870293000.0,18620000.0,230577000.0,39830255000.0,15552119000.0,24278136000.0,9324177000.0,202093000.0,0.6965853614939211,0.4480764409931732,131.74091427158825,2026-03-09T02:16:04+00:00
EFX,Equifax Inc.,simfin,2026-02-25 03:44:31+00:00,2024-12-31,2025-02-20,2024.0,FY,2026-02-23,188.43,5681100000.0,3162400000.0,1042100000.0,604100000.0,11759400000.0,6839800000.0,4919600000.0,5010500000.0,169900000.0,0.7510902566933481,4.836669335468375,38.95862771064394,2026-03-09T02:16:04+00:00
EQIX,Equinix,simfin,2026-02-25 03:44:31+00:00,2024-12-31,2025-02-12,2024.0,FY,2026-02-23,945.64,8748000000.0,4281000000.0,1624000000.0,813000000.0,35085000000.0,21533000000.0,13552000000.0,15211000000.0,3608000000.0,1.626455658405494,8.484038945182464,111.46106307503076,2026-03-09T02:16:04+00:00
EQR,Equity Residential,simfin,2026-02-25 03:44:31+00:00,2024-12-31,2025-02-13,2024.0,FY,2026-02-23,63.32,2980108000.0,1885543000.0,871699000.0,1035831000.0,20834176000.0,9249829000.0,11584347000.0,8121745000.0,62302000.0,0.0193074219314115,2.643123304499156,23.95650626371307,2026-03-09T02:16:04+00:00
ESS,Essex Property Trust Inc,simfin,2026-02-25 03:44:31+00:00,2024-12-31,2025-02-21,2024.0,FY,2026-02-23,255.33,1774450000.0,1400119000.0,527584000.0,767936000.0,12927359000.0,7176120000.0,5751239000.0,6601617000.0,66795000.0,0.047414447884804,11.952081729667636,21.36280572498229,2026-03-09T02:16:04+00:00
EL,ESTEE LAUDER COMPANIES INC,simfin,2026-02-25 03:44:31+00:00,2024-06-30,2024-08-19,2024.0,FY,2026-02-23,113.02,15608000000.0,11184000000.0,1563000000.0,390000000.0,21677000000.0,16363000000.0,5314000000.0,7771000000.0,3395000000.0,1.389337074710628,1.080931263858093,104.55798974358974,2026-03-09T02:16:04+00:00
EG,"Everest Group, Ltd.",simfin,2026-02-25 03:44:31+00:00,2024-12-31,2025-02-27,2024.0,FY,2026-02-23,337.77,17281000000.0,5976000000.0,1643000000.0,1374000000.0,56340000000.0,41327000000.0,15014000000.0,2449000000.0,35381000000.0,1.1059600919348098,32.177985948477755,10.496927947598252,2026-03-09T02:16:04+00:00
EVRG,"Evergy, Inc.",simfin,2026-02-25 03:44:31+00:00,2024-12-31,2025-02-27,2024.0,FY,2026-02-23,82.11,5847300000.0,3996500000.0,1468000000.0,873600000.0,32282100000.0,22292900000.0,9989200000.0,14069500000.0,22000000.0,0.664366985732346,3.7883781439722464,21.67418269230769,2026-03-09T02:16:04+00:00
ES,Eversource Energy,simfin,2026-02-25 03:44:31+00:00,2024-12-31,2025-02-14,2024.0,FY,2026-02-23,74.87,11900809000.0,,3377537000.0,811653000.0,59594529000.0,44399574000.0,15194955000.0,29071642000.0,346928000.0,0.8862921735845648,2.268585004758016,33.00295110959979,2026-03-09T02:16:04+00:00
EXC,Exelon Corp.,simfin,2026-02-25 03:44:31+00:00,2023-12-31,2024-02-21,2023.0,FY,2026-02-23,48.2,21727000000.0,13486000000.0,4013000000.0,2328000000.0,101856000000.0,76101000000.0,25755000000.0,44008000000.0,445000000.0,0.8167861832138168,2.335005015045136,20.64235395189004,2026-03-09T02:16:04+00:00
EXE,Expand Energy,simfin,2026-02-25 03:44:31+00:00,2024-12-31,2025-02-26,2024.0,FY,2026-02-23,103.18,4235000000.0,2884000000.0,-780000000.0,-714000000.0,27894000000.0,10329000000.0,17565000000.0,5680000000.0,317000000.0,0.6394492475184118,-4.548089356579124,-22.686449607843137,2026-03-09T02:16:04+00:00
EXPE,"Expedia, Inc.",simfin,2026-02-25 03:44:31+00:00,2024-12-31,2025-02-07,2024.0,FY,2026-02-23,188.51,13691000000.0,12248000000.0,1546000000.0,1234000000.0,22388000000.0,19589000000.0,2799000000.0,6266000000.0,4483000000.0,0.7211079274116523,8.947280650236733,21.06897138573744,2026-03-09T02:16:04+00:00
EXPD,Expeditors International,simfin,2026-02-25 03:44:31+00:00,2024-12-31,2025-02-21,2024.0,FY,2026-02-23,149.63,10600515000.0,8837861000.0,1282336000.0,810073000.0,4754458000.0,2528674000.0,2225784000.0,0.0,1148320000.0,1.7710248331335563,5.7159297780161165,26.177718378467123,2026-03-09T02:16:04+00:00
EXR,Extra Space Storage Inc.,simfin,2026-02-25 03:44:31+00:00,2024-12-31,2025-02-28,2024.0,FY,2026-02-23,150.41,3256902000.0,2425336000.0,1401029000.0,854681000.0,28847926000.0,13988564000.0,14859362000.0,12322016000.0,138222000.0,0.3093005126090317,4.039561261849548,37.23424160452848,2026-03-09T02:16:04+00:00
XOM,EXXON MOBIL CORP,simfin,2026-02-25 03:44:31+00:00,2024-12-31,2025-02-19,2024.0,FY,2026-02-23,150.76,343391000000.0,104328000000.0,69963000000.0,33680000000.0,453475000000.0,182869000000.0,270606000000.0,41710000000.0,23029000000.0,1.3084045685351386,7.83620288506282,19.23890973871734,2026-03-09T02:16:04+00:00
FFIV,F5 NETWORKS INC,simfin,2026-02-25 03:44:31+00:00,2024-09-30,2024-11-18,2024.0,FY,2026-02-23,269.52,2816120000.0,2258473000.0,667246000.0,566778000.0,5613004000.0,2483626000.0,3129378000.0,0.0,1074602000.0,1.416082134564224,9.54830775451069,28.22699130876639,2026-03-09T02:16:04+00:00
FDS,FACTSET RESEARCH SYSTEMS INC,simfin,2026-02-25 03:44:31+00:00,2024-08-31,2024-10-29,2024.0,FY,2026-02-23,190.26,2203056000.0,1191111000.0,701299000.0,537126000.0,4055040000.0,2142580000.0,1912460000.0,1365973000.0,492598000.0,1.1813805443819096,13.908695427002952,13.679212475285128,2026-03-09T02:16:04+00:00
FICO,Fair Isaac Corp,simfin,2026-02-25 03:44:31+00:00,2024-09-30,2024-11-06,2024.0,FY,2026-02-23,1281.64,1717526000.0,1369320000.0,733629000.0,512811000.0,1717884000.0,2680563000.0,-962679000.0,2209021000.0,195956000.0,1.7426456473434395,20.44782487340005,62.67854932909006,2026-03-09T02:16:04+00:00
FAST,FASTENAL CO,simfin,2026-02-25 03:44:31+00:00,2024-12-31,2025-02-06,2024.0,FY,2026-02-23,45.05,7546000000.0,3401900000.0,1510000000.0,1150600000.0,4698000000.0,1081700000.0,3616300000.0,200000000.0,255800000.0,4.67457429777325,1.0017412502176564,44.97169302972362,2026-03-09T02:16:04+00:00
FRT,Federal Realty Investment Trust,simfin,2026-02-25 03:44:31+00:00,2024-12-31,2025-02-13,2024.0,FY,2026-02-23,109.13,1202452000.0,952883000.0,418316000.0,295208000.0,8524757000.0,5100327000.0,3424430000.0,4473632000.0,123409000.0,0.2396358509139758,3.4365172438551563,31.75598789592445,2026-03-09T02:16:04+00:00
FDX,FEDEX CORP,simfin,2026-02-25 03:44:31+00:00,2024-05-31,2024-07-15,2024.0,FY,2026-02-23,383.71,87693000000.0,26530000000.0,6298000000.0,4331000000.0,87007000000.0,59425000000.0,27582000000.0,20203000000.0,6501000000.0,1.3633096218644702,17.254980079681275,22.237637958900947,2026-03-09T02:16:04+00:00
FIS,"Fidelity National Information Services, Inc.",simfin,2026-02-25 03:44:31+00:00,2021-12-31,2022-02-23,2021.0,FY,2026-02-23,47.46,9339000000.0,3349000000.0,1234000000.0,417000000.0,82931000000.0,35399000000.0,47532000000.0,20353000000.0,2010000000.0,0.7402184432462325,0.6736672051696284,70.45021582733813,2026-03-09T02:16:04+00:00
FSLR,"FIRST SOLAR, INC.",simfin,2026-02-25 03:44:31+00:00,2024-12-31,2025-02-25,2024.0,FY,2026-02-23,242.15,4206289000.0,1857864000.0,1393735000.0,1292044000.0,12124361000.0,4146784000.0,7977577000.0,609778000.0,1792959000.0,1.575325811456194,12.016219483840969,20.15192884298058,2026-03-09T02:16:04+00:00
FE,FIRSTENERGY CORP,simfin,2026-02-25 03:44:31+00:00,2022-12-31,2023-02-13,2022.0,FY,2026-02-23,50.44,12459000000.0,7866000000.0,1910000000.0,406000000.0,46108000000.0,35465000000.0,10643000000.0,21654000000.0,160000000.0,0.6719532554257095,0.7097902097902098,71.06325123152709,2026-03-09T02:16:04+00:00
F,FORD MOTOR CO,simfin,2026-02-25 03:44:31+00:00,2024-12-31,2025-02-06,2024.0,FY,2026-02-23,13.64,184992000000.0,26558000000.0,5219000000.0,5879000000.0,285196000000.0,240338000000.0,44858000000.0,158522000000.0,38348000000.0,1.1648433917592342,1.4620741109176822,9.329212451097126,2026-03-09T02:16:04+00:00
FTNT,FORTINET INC,simfin,2026-02-25 03:44:31+00:00,2024-12-31,2025-02-21,2024.0,FY,2026-02-23,75.6,5955800000.0,4798200000.0,1798800000.0,1745200000.0,9763100000.0,8269300000.0,1493800000.0,994300000.0,4066500000.0,1.470559263181225,2.260914626246924,33.437795095118034,2026-03-09T02:16:04+00:00
FTV,Fortive Corp,simfin,2026-02-25 03:44:31+00:00,2024-12-31,2025-02-25,2024.0,FY,2026-02-23,57.18,6231800000.0,3731000000.0,1143500000.0,832900000.0,17016100000.0,6820500000.0,10195600000.0,3707300000.0,813300000.0,1.1581040028591851,1.779071337150786,32.14036379877536,2026-03-09T02:16:04+00:00
FOX,Fox Corp,simfin,2026-02-25 03:44:31+00:00,2024-06-30,2024-08-08,2024.0,FY,2026-02-23,50.85,13980000000.0,,2478000000.0,1501000000.0,21972000000.0,10916000000.0,11056000000.0,7197000000.0,4319000000.0,3.1878453038674035,3.127083333333333,16.26115922718188,2026-03-09T02:16:04+00:00
BEN,Franklin Resources,simfin,2026-02-25 03:44:31+00:00,2022-09-30,2022-11-14,2022.0,FY,2026-02-23,27.07,8275300000.0,4966600000.0,1773900000.0,1291900000.0,28060600000.0,14235900000.0,13824700000.0,8834100000.0,6433800000.0,2.4829387860414114,2.63330615572768,10.279852929793329,2026-03-09T02:16:04+00:00
FCX,Freeport-McMoran Cp & Gld,simfin,2026-02-25 03:44:31+00:00,2024-12-31,2025-02-14,2024.0,FY,2026-02-23,65.55,25455000000.0,7660000000.0,6991000000.0,1889000000.0,54848000000.0,26070000000.0,28778000000.0,9640000000.0,3923000000.0,2.4192139737991267,1.3072664359861592,50.1428004235045,2026-03-09T02:16:04+00:00
GRMN,GARMIN LTD,simfin,2026-02-25 03:44:31+00:00,2024-12-31,2025-02-19,2024.0,FY,2026-02-23,247.1,6296903000.0,3696555000.0,1593994000.0,1411436000.0,9630527000.0,1782129000.0,7848398000.0,0.0,2500738000.0,3.5388962355871705,7.302507747786901,33.83769090486568,2026-03-09T02:16:04+00:00
IT,Gartner Inc,simfin,2026-02-25 03:44:31+00:00,2024-12-31,2025-02-13,2024.0,FY,2026-02-23,144.97,6267411000.0,4244389000.0,1157260000.0,1253715000.0,8534671000.0,7175502000.0,1359169000.0,2459915000.0,1933147000.0,1.0573227721934102,16.003918915468866,9.058406304463135,2026-03-09T02:16:04+00:00
GE,GENERAL ELECTRIC CO,simfin,2026-02-25 03:44:31+00:00,2024-12-31,2025-02-03,2024.0,FY,2026-02-23,338.99,38702000000.0,14394000000.0,8671000000.0,6555000000.0,123141000000.0,103575000000.0,19565000000.0,19273000000.0,14601000000.0,1.0630154784770085,5.991773308957953,56.5759054157132,2026-03-09T02:16:04+00:00
GEHC,GE HealthCare Technologies Inc.,simfin,2026-02-25 03:44:31+00:00,2024-12-31,2025-02-13,2024.0,FY,2026-02-23,83.86,19672000000.0,8205000000.0,2625000000.0,2108000000.0,33088000000.0,24437000000.0,8652000000.0,8951000000.0,2889000000.0,0.9343661676960118,0.2505446623093681,334.7107826086957,2026-03-09T02:16:04+00:00
GEN,Gen Digital Inc.,simfin,2026-02-25 03:44:31+00:00,2024-03-31,2024-05-16,2023.0,FY,2026-02-20,22.35,3800000000.0,3069000000.0,1167000000.0,607000000.0,15793000000.0,13653000000.0,2140000000.0,8604000000.0,846000000.0,0.4981658107116654,0.9454828660436138,23.638714991762768,2026-03-09T02:16:04+00:00
GNRC,GENERAC HOLDINGS INC.,simfin,2026-02-25 03:44:31+00:00,2024-12-31,2025-02-19,2024.0,FY,2026-02-23,227.45,4295834000.0,1665626000.0,536742000.0,316315000.0,5109331000.0,2409772000.0,2699559000.0,1334222000.0,281277000.0,1.657004334595552,5.2413063890930855,43.39566953637987,2026-03-09T02:16:04+00:00
GD,GENERAL DYNAMICS CORP,simfin,2026-02-25 03:44:31+00:00,2024-12-31,2025-02-07,2024.0,FY,2026-02-23,348.98,47716000000.0,7364000000.0,4796000000.0,3782000000.0,55880000000.0,33817000000.0,22063000000.0,8762000000.0,1697000000.0,1.3681552962298025,13.629565562102457,25.604631226864093,2026-03-09T02:16:04+00:00
GIS,GENERAL MILLS INC,simfin,2026-02-25 03:44:31+00:00,2024-05-30,2024-06-25,2024.0,FY,2026-02-23,45.38,19857200000.0,6932100000.0,3673100000.0,2496600000.0,31469900000.0,21821400000.0,9648500000.0,12930100000.0,418000000.0,0.6513344044589157,4.308196721311475,10.533409436834097,2026-03-09T02:16:04+00:00
GM,General Motors Co,simfin,2026-02-25 03:44:31+00:00,2024-12-31,2025-01-28,2024.0,FY,2026-02-23,79.66,187442000000.0,36377000000.0,12784000000.0,6009000000.0,279762000000.0,214171000000.0,65590000000.0,114264000000.0,27137000000.0,1.1275528223879667,5.322409211691762,14.96690630720586,2026-03-09T02:16:04+00:00
GPC,GENUINE PARTS CO,simfin,2026-02-25 03:44:31+00:00,2024-12-31,2025-02-21,2024.0,FY,2026-02-23,116.16,23486569000.0,8523615000.0,1442736000.0,904076000.0,19282705000.0,14930854000.0,4351851000.0,4284345000.0,479991000.0,1.1556768144059268,6.472943366506766,17.945468301337495,2026-03-09T02:16:04+00:00
GILD,GILEAD SCIENCES INC,simfin,2026-02-25 03:44:31+00:00,2024-12-31,2025-02-28,2024.0,FY,2026-02-23,149.83,28754000000.0,22503000000.0,10505000000.0,480000000.0,58996000000.0,39749000000.0,19246000000.0,26711000000.0,9991000000.0,1.5972175941352882,0.3824701195219123,391.7430208333334,2026-03-09T02:16:04+00:00
GPN,GLOBAL PAYMENTS INC,simfin,2026-02-25 03:44:31+00:00,2024-12-31,2025-02-14,2024.0,FY,2026-02-23,79.49,7735970000.0,5702499000.0,1701366000.0,1570365000.0,46890255000.0,23873688000.0,23016567000.0,16097780000.0,2356470000.0,0.9645782615357108,6.162039671172674,12.899949406666602,2026-03-09T02:16:04+00:00
GDDY,GoDaddy Inc.,simfin,2026-02-25 03:44:31+00:00,2024-12-31,2025-02-20,2024.0,FY,2026-02-23,87.76,4573200000.0,2921200000.0,932900000.0,936900000.0,8235400000.0,7543300000.0,692100000.0,3795000000.0,1089000000.0,0.7233175214942188,6.448615498977885,13.609122766570607,2026-03-09T02:16:04+00:00
HAL,Halliburton Co.,simfin,2026-02-25 03:44:31+00:00,2024-12-31,2025-02-12,2024.0,FY,2026-02-23,35.24,22944000000.0,4301000000.0,3938000000.0,2501000000.0,25587000000.0,15039000000.0,10548000000.0,7541000000.0,2618000000.0,1.9155321782178216,2.8323895809739525,12.441791283486603,2026-03-09T02:16:04+00:00
HAS,HASBRO INC,simfin,2026-02-25 03:44:31+00:00,2024-12-31,2025-02-27,2024.0,FY,2026-02-23,98.27,4135500000.0,2906700000.0,727400000.0,385600000.0,6340300000.0,5155300000.0,1185000000.0,3380800000.0,695000000.0,1.600299721687005,2.7483962936564503,35.75539678423237,2026-03-09T02:16:04+00:00
HCA,HCA Holdings,simfin,2026-02-25 03:44:31+00:00,2022-12-31,2023-02-17,2022.0,FY,2026-02-23,535.97,60233000000.0,23177000000.0,9053000000.0,5643000000.0,52438000000.0,52511000000.0,-73000000.0,38084000000.0,908000000.0,1.3778024641486568,19.150495815601392,27.98726493354599,2026-03-09T02:16:04+00:00
DOC,Physicians Realty Trust,simfin,2026-02-25 03:44:31+00:00,2023-12-31,2024-02-22,2023.0,FY,2026-02-23,17.3,543463000.0,,130955000.0,41876000.0,5155621000.0,2266095000.0,2889526000.0,1973036000.0,156779000.0,0.0979652644645276,0.167944206621297,103.01040058506068,2026-03-09T02:16:04+00:00
HSIC,Henry Schein,simfin,2026-02-25 03:44:31+00:00,2023-12-31,2024-02-28,2023.0,FY,2026-02-23,80.57,12339000000.0,3861000000.0,695000000.0,416000000.0,10573000000.0,5421000000.0,5152000000.0,2087000000.0,171000000.0,1.7235023041474655,3.157539090239059,25.51670706122596,2026-03-09T02:16:04+00:00
HSY,HERSHEY CO,simfin,2026-02-25 03:44:31+00:00,2024-12-31,2025-02-18,2024.0,FY,2026-02-23,226.07,11202263000.0,5300888000.0,2927267000.0,2221239000.0,12946861000.0,8232207000.0,4714654000.0,5102151000.0,730746000.0,0.9567277729072056,10.915876689911396,20.7102009689187,2026-03-09T02:16:04+00:00
HPE,Hewlett Packard Enterprise Co,simfin,2026-02-25 03:44:31+00:00,2024-10-31,2024-12-19,2024.0,FY,2026-02-23,20.0,30127000000.0,10373000000.0,2989000000.0,2579000000.0,71262000000.0,46382000000.0,24880000000.0,18246000000.0,14846000000.0,1.2881453817425788,1.9289454001495887,10.368359829391236,2026-03-09T02:16:04+00:00
HLT,Hilton Worldwide Holdings Inc.,simfin,2026-02-25 03:44:31+00:00,2024-12-31,2025-02-06,2024.0,FY,2026-02-20,315.96,4746000000.0,10048000000.0,2365000000.0,1535000000.0,16522000000.0,20211000000.0,-3689000000.0,11151000000.0,1301000000.0,0.6961702127659575,6.14,51.45928338762215,2026-03-09T02:16:04+00:00
HOLX,HOLOGIC INC,simfin,2026-02-25 03:44:31+00:00,2024-09-30,2024-11-27,2024.0,FY,2026-02-23,75.44,4030300000.0,2267000000.0,970200000.0,789500000.0,9156000000.0,4026000000.0,5130000000.0,2550100000.0,2333600000.0,3.686174315464713,3.323468867999983,22.699174566181128,2026-03-09T02:16:04+00:00
HD,HOME DEPOT INC,simfin,2026-02-25 03:44:31+00:00,2025-01-31,2025-03-21,2024.0,FY,2026-02-23,376.99,159514000000.0,53308000000.0,21526000000.0,14806000000.0,96119000000.0,89479000000.0,6640000000.0,53383000000.0,1659000000.0,1.1054394473326123,14.910372608257804,25.283741050925304,2026-03-09T02:16:04+00:00
HON,HONEYWELL INTERNATIONAL INC,simfin,2026-02-25 03:44:31+00:00,2023-12-31,2024-02-16,2023.0,FY,2026-02-23,243.06,36662000000.0,13667000000.0,7084000000.0,5658000000.0,61525000000.0,45084000000.0,16441000000.0,20443000000.0,8095000000.0,1.2677059172555154,7.980701878610393,30.455967870625663,2026-03-09T02:16:04+00:00
HRL,HORMEL FOODS CORP /DE/,simfin,2026-02-25 03:44:31+00:00,2024-10-31,2024-12-05,2024.0,FY,2026-02-23,25.16,11920797000.0,2022138000.0,1016844000.0,805038000.0,13434730000.0,5430720000.0,8004011000.0,2858757000.0,766623000.0,2.3200714643035805,1.466820447787301,17.15274697591915,2026-03-09T02:16:04+00:00
HST,"HOST HOTELS & RESORTS, INC.",simfin,2026-02-25 03:44:31+00:00,2024-12-31,2025-02-26,2024.0,FY,2026-02-23,19.76,5684000000.0,2061000000.0,765000000.0,697000000.0,13048000000.0,6271000000.0,6777000000.0,5083000000.0,554000000.0,0.9671717171717172,0.9900568181818182,19.958450502152083,2026-03-09T02:16:04+00:00
HWM,Howmet Aerospace Inc.,simfin,2026-02-25 03:44:31+00:00,2024-12-31,2025-02-14,2024.0,FY,2026-02-23,257.04,7430000000.0,2311000000.0,1654000000.0,1155000000.0,10519000000.0,5965000000.0,4554000000.0,3315000000.0,564000000.0,2.170432537120723,2.817073170731707,91.24363636363636,2026-03-09T02:16:04+00:00
HPQ,HP INC,simfin,2026-02-25 03:44:31+00:00,2024-10-31,2024-12-13,2024.0,FY,2026-02-23,18.35,53559000000.0,11818000000.0,4202000000.0,2775000000.0,39909000000.0,41232000000.0,-1323000000.0,9669000000.0,3253000000.0,0.7236727437515251,2.8058645096056622,6.539873873873875,2026-03-09T02:16:04+00:00
HUBB,HUBBELL INC,simfin,2026-02-25 03:44:31+00:00,2022-12-31,2023-02-09,2022.0,FY,2026-02-23,516.99,4947900000.0,1471600000.0,709100000.0,545900000.0,5402600000.0,3032000000.0,2370600000.0,1442600000.0,454800000.0,1.857050987597612,9.979890310786104,51.803174574097824,2026-03-09T02:16:04+00:00
HII,"HUNTINGTON INGALLS INDUSTRIES, INC.",simfin,2026-02-25 03:44:31+00:00,2024-12-31,2025-02-06,2024.0,FY,2026-02-23,438.01,11535000000.0,1450000000.0,477000000.0,550000000.0,12141000000.0,7475000000.0,4666000000.0,3203000000.0,831000000.0,1.0611439842209074,13.959390862944163,31.37744363636364,2026-03-09T02:16:04+00:00
IBM,INTERNATIONAL BUSINESS MACHINES CORP,simfin,2026-02-25 03:44:31+00:00,2024-12-31,2025-02-25,2024.0,FY,2026-02-23,223.35,62753000000.0,35552000000.0,8385000000.0,6024000000.0,137176000000.0,109784000000.0,27392000000.0,54973000000.0,20850000000.0,1.0404308602118095,6.371906071504125,35.05230577689243,2026-03-09T02:16:04+00:00
IEX,IDEX CORP /DE/,simfin,2026-02-25 03:44:31+00:00,2024-12-31,2025-02-20,2024.0,FY,2026-02-23,206.65,3268800000.0,1445200000.0,686500000.0,505000000.0,6745300000.0,2951200000.0,3794100000.0,1960200000.0,620800000.0,2.529299666507861,6.653491436100132,31.05888118811881,2026-03-09T02:16:04+00:00
IDXX,Idexx Laboratories Inc,simfin,2026-02-25 03:44:31+00:00,2024-12-31,2025-02-21,2024.0,FY,2026-02-23,623.13,3897504000.0,2378927000.0,1128337000.0,887867000.0,3293443000.0,1698130000.0,1595313000.0,867573000.0,288266000.0,1.711541282967933,10.665581529442855,58.42438110662971,2026-03-09T02:16:04+00:00
ITW,Illinois Tool Works,simfin,2026-02-25 03:44:31+00:00,2024-12-31,2025-02-14,2024.0,FY,2026-02-23,293.22,15898000000.0,7040000000.0,4365000000.0,3488000000.0,15067000000.0,11750000000.0,3317000000.0,7863000000.0,948000000.0,1.3593314763231197,11.712558764271323,25.03466628440368,2026-03-09T02:16:04+00:00
INCY,INCYTE CORP,simfin,2026-02-25 03:44:31+00:00,2024-12-31,2025-02-10,2024.0,FY,2026-02-23,100.84,4241217000.0,3929149000.0,80144000.0,32615000.0,5444322000.0,1996694000.0,3447628000.0,0.0,1687829000.0,2.2456522691294527,0.1549185389255688,650.9227410700598,2026-03-09T02:16:04+00:00
PODD,INSULET CORP,simfin,2026-02-25 03:44:31+00:00,2024-12-31,2025-02-21,2024.0,FY,2026-02-23,249.38,2071600000.0,1445700000.0,308900000.0,418300000.0,3087700000.0,1876300000.0,1211600000.0,1379900000.0,953400000.0,3.5786187322611163,5.661117877926648,44.05137030839111,2026-03-09T02:16:04+00:00
INTC,INTEL CORP,simfin,2026-02-25 03:44:31+00:00,2024-12-31,2025-01-31,2024.0,FY,2026-02-23,43.63,53101000000.0,17345000000.0,-4708000000.0,-18756000000.0,196485000000.0,91453000000.0,105032000000.0,50011000000.0,22062000000.0,1.3268659227275277,-4.3822429906542055,-9.95608871827682,2026-03-09T02:16:04+00:00
ICE,Intercontinental Exchange,simfin,2026-02-25 03:44:31+00:00,2024-12-31,2025-02-06,2024.0,FY,2026-02-23,154.1,11761000000.0,7370000000.0,4413000000.0,2754000000.0,139428000000.0,111708000000.0,27720000000.0,20368000000.0,844000000.0,0.9948857101381304,4.78125,32.23006535947712,2026-03-09T02:16:04+00:00
IFF,Intl Flavors & Fragrances,simfin,2026-02-25 03:44:31+00:00,2024-12-31,2025-02-28,2024.0,FY,2026-02-23,82.24,11484000000.0,4124000000.0,848000000.0,243000000.0,28723000000.0,14854000000.0,13869000000.0,8977000000.0,469000000.0,1.8308823529411764,0.94921875,86.639670781893,2026-03-09T02:16:04+00:00
IP,INTERNATIONAL PAPER CO /NEW/,simfin,2026-02-25 03:44:31+00:00,2024-12-31,2025-02-21,2024.0,FY,2026-02-23,44.41,18619000000.0,5243000000.0,476000000.0,557000000.0,22800000000.0,14627000000.0,8173000000.0,7942000000.0,1062000000.0,1.5086895255988728,1.572557876905703,28.240614003590665,2026-03-09T02:16:04+00:00
INTU,INTUIT INC,simfin,2026-02-25 03:44:31+00:00,2024-07-31,2024-09-04,2024.0,FY,2026-02-23,359.55,16285000000.0,12820000000.0,3853000000.0,2963000000.0,32132000000.0,13696000000.0,18436000000.0,6038000000.0,4074000000.0,1.2919503404084902,10.433098591549296,34.462436719541,2026-03-09T02:16:04+00:00
ISRG,INTUITIVE SURGICAL INC,simfin,2026-02-25 03:44:31+00:00,2024-12-31,2025-01-31,2024.0,FY,2026-02-23,492.1,8352100000.0,5634200000.0,2348900000.0,2322600000.0,18743200000.0,2213600000.0,16529600000.0,0.0,4013300000.0,4.074371168280525,6.416022099447514,76.69861362266425,2026-03-09T02:16:04+00:00
IVZ,Invesco Ltd.,simfin,2026-02-25 03:44:31+00:00,2024-12-31,2025-02-25,2024.0,FY,2026-02-23,25.21,6067000000.0,2027200000.0,876900000.0,774800000.0,27008900000.0,11340100000.0,15668800000.0,890600000.0,986500000.0,0.7462950961330741,1.1754424295389994,21.44724349442379,2026-03-09T02:16:04+00:00
INVH,Invitation Homes Inc.,simfin,2026-02-25 03:44:31+00:00,2024-12-31,2025-02-27,2024.0,FY,2026-02-23,25.66,2618942000.0,1546179000.0,741241000.0,453917000.0,18700951000.0,8908442000.0,9792509000.0,8202302000.0,174491000.0,1.6942985519298854,0.7397223145364754,34.68869262931329,2026-03-09T02:16:04+00:00
IQV,IQVIA HOLDINGS INC.,simfin,2026-02-25 03:44:31+00:00,2024-12-31,2025-02-13,2024.0,FY,2026-02-23,162.31,15405000000.0,5375000000.0,2269000000.0,1373000000.0,26899000000.0,20832000000.0,6067000000.0,13983000000.0,1843000000.0,0.8378611470461406,7.486368593238822,21.68073852876912,2026-03-09T02:16:04+00:00
IRM,Iron Mountain Incorporated,simfin,2026-02-25 03:44:31+00:00,2024-12-31,2025-02-14,2024.0,FY,2026-02-23,111.19,6149909000.0,3453360000.0,1212916000.0,180156000.0,18717115000.0,18943618000.0,-226503000.0,13719086000.0,155716000.0,0.5478041314751683,0.6081543644551267,182.83187049001967,2026-03-09T02:16:04+00:00
JBHT,J. B. Hunt Transport Services,simfin,2026-02-25 03:44:31+00:00,2024-12-31,2025-02-21,2024.0,FY,2026-02-23,222.07,12087204000.0,2824299000.0,831225000.0,570886000.0,8312270000.0,4297765000.0,4014505000.0,1477702000.0,46983000.0,1.0553878334247098,5.555851840317652,39.97046832467428,2026-03-09T02:16:04+00:00
JBL,JABIL CIRCUIT INC,simfin,2026-02-25 03:44:31+00:00,2024-08-31,2024-10-28,2024.0,FY,2026-02-23,261.28,28883000000.0,2676000000.0,1437000000.0,1388000000.0,17351000000.0,15614000000.0,1737000000.0,2880000000.0,2201000000.0,1.075687494743924,11.166532582461786,23.398489913544665,2026-03-09T02:16:04+00:00
JKHY,Henry Jack & Associates Inc,simfin,2026-02-25 03:44:31+00:00,2024-06-30,2024-08-26,2024.0,FY,2026-02-23,155.68,2215543000.0,916066000.0,489391000.0,381816000.0,2924481000.0,1082117000.0,1842364000.0,150000000.0,38284000.0,0.9971663611090952,5.228565559739815,29.774896808934148,2026-03-09T02:16:04+00:00
J,Jacobs Engineering Group,simfin,2026-02-25 03:44:31+00:00,2024-09-30,2024-11-25,2024.0,FY,2026-02-23,131.8,11500941000.0,2832756000.0,692436000.0,806093000.0,11759005000.0,6371520000.0,5387485000.0,2224354000.0,1894263000.0,1.1999732335949758,6.34020925467798,20.78795741682412,2026-03-09T02:16:04+00:00
JNJ,JOHNSON & JOHNSON,simfin,2026-02-25 03:44:31+00:00,2024-12-31,2025-02-13,2024.0,FY,2026-02-23,245.84,88821000000.0,61350000000.0,21249000000.0,14066000000.0,180104000000.0,108614000000.0,71490000000.0,36634000000.0,24522000000.0,1.1107291190556627,5.789906972915123,42.460094980804776,2026-03-09T02:16:04+00:00
JCI,JOHNSON CONTROLS INC,simfin,2026-02-25 03:44:31+00:00,2024-09-30,2024-11-19,2024.0,FY,2026-02-23,142.83,22952000000.0,8077000000.0,2416000000.0,1705000000.0,42695000000.0,25334000000.0,17361000000.0,9493000000.0,606000000.0,0.9350899205353408,2.522189349112426,56.6293724340176,2026-03-09T02:16:04+00:00
KVUE,Kenvue Inc.,simfin,2026-02-25 03:44:31+00:00,2024-12-31,2025-02-24,2024.0,FY,2026-02-23,18.95,15455000000.0,8959000000.0,2604000000.0,1030000000.0,25601000000.0,15933000000.0,9668000000.0,8607000000.0,1070000000.0,0.96271127374107,0.5356214248569943,35.37946601941748,2026-03-09T02:16:04+00:00
KDP,Keurig Dr Pepper Inc.,simfin,2026-02-25 03:44:31+00:00,2024-12-31,2025-02-25,2024.0,FY,2026-02-23,29.77,15351000000.0,8529000000.0,3309000000.0,1441000000.0,53430000000.0,29187000000.0,24243000000.0,15554000000.0,510000000.0,0.4942500309138123,1.053131623182051,28.268071478140183,2026-03-09T02:16:04+00:00
KEYS,"Keysight Technologies, Inc.",simfin,2026-02-25 03:44:31+00:00,2024-10-31,2024-12-17,2024.0,FY,2026-02-23,245.0,4979000000.0,3133000000.0,833000000.0,614000000.0,9269000000.0,4164000000.0,5105000000.0,1790000000.0,1796000000.0,3.075867052023121,3.5085714285714285,69.82899022801303,2026-03-09T02:16:04+00:00
KMB,KIMBERLY CLARK CORP,simfin,2026-02-25 03:44:31+00:00,2024-12-31,2025-02-13,2024.0,FY,2026-02-23,110.51,20058000000.0,7180000000.0,2869000000.0,2545000000.0,16546000000.0,15571000000.0,975000000.0,7418000000.0,1010000000.0,0.7966876070816676,7.551928783382789,14.633347740667976,2026-03-09T02:16:04+00:00
KIM,Kimco Realty,simfin,2026-02-25 03:44:31+00:00,2023-12-31,2024-02-26,2023.0,FY,2026-02-23,23.41,1783400000.0,1551822000.0,582610000.0,654273000.0,18274022000.0,8548287000.0,9725735000.0,0.0,783757000.0,0.1276716610006192,1.0178793560002524,22.99879633278877,2026-03-09T02:16:04+00:00
KMI,"KINDER MORGAN, INC.",simfin,2026-02-25 03:44:31+00:00,2024-12-31,2025-02-13,2024.0,FY,2026-02-23,32.7,15100000000.0,10763000000.0,4292000000.0,2613000000.0,71407000000.0,39540000000.0,31867000000.0,31890000000.0,88000000.0,0.4942168202313272,1.177027027027027,27.78185993111366,2026-03-09T02:16:04+00:00
KKR,KKR & Co. Inc.,simfin,2026-02-25 03:44:31+00:00,2023-12-31,2024-02-29,2023.0,FY,2026-02-23,92.19,14499312000.0,,2314590000.0,3732261000.0,317294194000.0,258915282000.0,58378912000.0,47474727000.0,118983368000.0,3.4185752749787817,4.036592156014065,22.83857185389595,2026-03-09T02:16:04+00:00
KLAC,KLA TENCOR CORP,simfin,2026-02-25 03:44:31+00:00,2024-06-30,2024-08-05,2024.0,FY,2026-02-23,1487.66,9812247000.0,5884174000.0,3635684000.0,2761896000.0,15433566000.0,12065238000.0,3368328000.0,6630135000.0,4503995000.0,2.412000630943954,20.28017358485024,73.3553879001961,2026-03-09T02:16:04+00:00
KHC,Kraft Heinz Co,simfin,2026-02-25 03:44:31+00:00,2024-12-31,2025-02-13,2024.0,FY,2026-02-23,24.54,25846000000.0,8968000000.0,5352000000.0,2744000000.0,88287000000.0,38962000000.0,49325000000.0,19869000000.0,1334000000.0,1.0554253412381085,2.2584362139917697,10.865925655976676,2026-03-09T02:16:04+00:00
KR,KROGER CO,simfin,2026-02-25 03:44:31+00:00,2025-01-31,2025-04-01,2024.0,FY,2026-02-23,68.26,147123000000.0,33403000000.0,3849000000.0,2665000000.0,52616000000.0,44335000000.0,8281000000.0,17905000000.0,3959000000.0,0.958155583437892,3.701388888888889,18.441726078799253,2026-03-09T02:16:04+00:00
LHX,"L3HARRIS TECHNOLOGIES, INC.",simfin,2026-02-25 03:44:31+00:00,2021-12-31,2022-02-25,2021.0,FY,2026-02-23,355.14,17814000000.0,5376000000.0,2096000000.0,1845000000.0,34709000000.0,15390000000.0,19319000000.0,7061000000.0,941000000.0,1.3972753241045923,9.375,37.8816,2026-03-09T02:16:04+00:00
LH,Laboratory Corp. of America Holding,simfin,2026-02-25 03:44:31+00:00,2024-12-31,2025-02-25,2024.0,FY,2026-02-23,285.3,13008900000.0,3624400000.0,1138000000.0,746000000.0,18379000000.0,10312500000.0,8066500000.0,6522200000.0,1518700000.0,1.4433067083058075,8.838862559241706,32.27790884718499,2026-03-09T02:16:04+00:00
LRCX,LAM RESEARCH CORP,simfin,2026-02-25 03:44:31+00:00,2024-06-30,2024-08-29,2024.0,FY,2026-02-23,242.27,14905386000.0,7052791000.0,4282100000.0,3827772000.0,18744728000.0,10205274000.0,8539454000.0,4983334000.0,5847856000.0,2.50075023166921,2.8999371188302585,83.54319079088306,2026-03-09T02:16:04+00:00
LW,"Lamb Weston Holdings, Inc.",simfin,2026-02-25 03:44:31+00:00,2024-05-31,2024-07-24,2024.0,FY,2026-02-23,47.22,6467600000.0,1766700000.0,1065300000.0,725500000.0,7367000000.0,5579200000.0,1787800000.0,3823400000.0,71400000.0,1.286866572255403,4.982829670329671,9.476543073742246,2026-03-09T02:16:04+00:00
LVS,LAS VEGAS SANDS CORP,simfin,2026-02-25 03:44:31+00:00,2024-12-31,2025-02-07,2024.0,FY,2026-02-23,55.72,11298000000.0,5775000000.0,2512000000.0,1446000000.0,20666000000.0,17506000000.0,3160000000.0,13752000000.0,3650000000.0,0.9789691432511636,1.962008141112619,28.399474412171507,2026-03-09T02:16:04+00:00
LDOS,"Leidos Holdings, Inc.",simfin,2026-02-25 03:44:31+00:00,2022-01-31,2022-02-14,2021.0,FY,2026-02-23,172.0,14396000000.0,2084000000.0,1134000000.0,685000000.0,13071000000.0,8718000000.0,4353000000.0,4920000000.0,516000000.0,0.9229794780846212,4.79020979020979,35.9065693430657,2026-03-09T02:16:04+00:00
LEN,LENNAR CORP /NEW/,simfin,2026-02-25 03:44:31+00:00,2022-11-30,2023-01-26,2022.0,FY,2026-02-23,116.2,33671010000.0,7234402000.0,6787646000.0,4614125000.0,37984295000.0,13743928000.0,24240367000.0,6401198000.0,4616124000.0,7.46304593687102,15.411846970905252,7.539654411269742,2026-03-09T02:16:04+00:00
LII,LENNOX INTERNATIONAL INC,simfin,2026-02-25 03:44:31+00:00,2024-12-31,2025-02-11,2024.0,FY,2026-02-20,561.01,5341300000.0,1777500000.0,1034000000.0,811100000.0,3620000000.0,2657900000.0,962100000.0,1147600000.0,422300000.0,1.547551968324069,22.656424581005588,24.76162988534089,2026-03-09T02:16:04+00:00
LLY,Lilly (Eli) & Co.,simfin,2026-02-25 03:44:31+00:00,2024-12-31,2025-02-19,2024.0,FY,2026-02-23,1058.56,45043000000.0,36625000000.0,17040000000.0,10590000000.0,78715000000.0,64443000000.0,14272000000.0,33644000000.0,3268000000.0,1.1537919368480405,11.713837260621265,90.36833758640226,2026-03-09T02:16:04+00:00
LIN,LINDE PLC,simfin,2026-02-25 03:44:31+00:00,2024-12-31,2025-02-26,2024.0,FY,2026-02-23,498.19,33005000000.0,15862000000.0,8595000000.0,6909000000.0,80147000000.0,40659000000.0,39488000000.0,21623000000.0,4850000000.0,0.8900577557755776,14.33128946342192,34.76239882472138,2026-03-09T02:16:04+00:00
LYV,"Live Nation Entertainment, Inc.",simfin,2026-02-25 03:44:31+00:00,2024-12-31,2025-02-21,2024.0,FY,2026-02-23,158.28,23155625000.0,5774759000.0,813495000.0,896287000.0,19638771000.0,17693477000.0,1945295000.0,6438069000.0,6095424000.0,0.9927184268904116,3.7921629489864097,41.73871274236935,2026-03-09T02:16:04+00:00
LMT,LOCKHEED MARTIN CORP,simfin,2026-02-25 03:44:31+00:00,2024-12-31,2025-01-28,2024.0,FY,2026-02-23,660.62,71043000000.0,5974000000.0,7017000000.0,5336000000.0,55617000000.0,49284000000.0,6333000000.0,20270000000.0,2483000000.0,1.1250772399588054,22.307692307692307,29.614,2026-03-09T02:16:04+00:00
LOW,LOWES COMPANIES INC,simfin,2026-02-25 03:44:31+00:00,2025-01-31,2025-03-24,2024.0,FY,2026-02-23,274.36,83674000000.0,27877000000.0,10466000000.0,6957000000.0,43102000000.0,57333000000.0,-14231000000.0,35487000000.0,2133000000.0,1.0853548008743403,12.248239436619718,22.39995400316229,2026-03-09T02:16:04+00:00
LULU,lululemon athletica inc.,simfin,2026-02-25 03:44:31+00:00,2025-01-31,2025-03-27,2024.0,FY,2026-02-23,178.11,10588126000.0,6270811000.0,2505697000.0,1814616000.0,7603292000.0,3279245000.0,4324047000.0,0.0,1984336000.0,2.1636426890189875,14.641675071610118,12.164591764869265,2026-03-09T02:16:04+00:00
LYB,LyondellBasell,simfin,2026-02-25 03:44:31+00:00,2024-12-31,2025-02-27,2024.0,FY,2026-02-23,56.66,33394000000.0,4644000000.0,2867000000.0,1360000000.0,35746000000.0,23158000000.0,12588000000.0,11149000000.0,3375000000.0,1.82938105891126,4.171779141104294,13.581735294117646,2026-03-09T02:16:04+00:00
MPC,Marathon Petroleum Corp,simfin,2026-02-25 03:44:31+00:00,2024-12-31,2025-02-27,2024.0,FY,2026-02-23,192.82,140384000000.0,14144000000.0,6768000000.0,3445000000.0,78858000000.0,54352000000.0,24506000000.0,27481000000.0,3210000000.0,1.173812839103087,10.102639296187684,19.086101596516688,2026-03-09T02:16:04+00:00
MAR,MARRIOTT INTERNATIONAL INC /MD/,simfin,2026-02-25 03:44:31+00:00,2024-12-31,2025-02-11,2024.0,FY,2026-02-23,342.62,6618000000.0,6301000000.0,3844000000.0,2375000000.0,26182000000.0,29174000000.0,-2992000000.0,14447000000.0,396000000.0,0.4029367556942999,8.32748948106592,41.14325221052631,2026-03-09T02:16:04+00:00
MLM,Martin Marietta Materials,simfin,2026-02-25 03:44:31+00:00,2024-12-31,2025-02-21,2024.0,FY,2026-02-23,683.6,6536000000.0,1878000000.0,2757000000.0,1995000000.0,18170000000.0,8714000000.0,9456000000.0,5413000000.0,670000000.0,2.4441117764471056,32.38636363636363,21.10764912280702,2026-03-09T02:16:04+00:00
MAS,MASCO CORP /DE/,simfin,2026-02-25 03:44:31+00:00,2024-12-31,2025-02-11,2024.0,FY,2026-02-23,73.82,7828000000.0,2831000000.0,1363000000.0,822000000.0,5017000000.0,5069000000.0,-53000000.0,2948000000.0,634000000.0,1.7511225144323284,3.753424657534248,19.66737226277372,2026-03-09T02:16:04+00:00
MA,Mastercard Inc,simfin,2026-02-25 03:44:31+00:00,2024-12-31,2025-02-12,2024.0,FY,2026-02-23,496.03,28167000000.0,,16262000000.0,12874000000.0,48081000000.0,41566000000.0,6515000000.0,18226000000.0,8772000000.0,1.026222684703434,13.887810140237324,35.71693413080627,2026-03-09T02:16:04+00:00
MTCH,"Match Group, Inc.",simfin,2026-02-25 03:44:31+00:00,2024-12-31,2025-02-27,2024.0,FY,2026-02-23,30.88,3479373000.0,2488100000.0,897487000.0,551276000.0,4465771000.0,4529428000.0,-63657000.0,3848983000.0,970727000.0,2.543878455431777,1.9754535714157733,15.631853082666396,2026-03-09T02:16:04+00:00
MKC,MCCORMICK & CO INC,simfin,2026-02-25 03:44:31+00:00,2024-11-30,2025-01-23,2024.0,FY,2026-02-23,69.53,6723700000.0,2591000000.0,1069800000.0,781000000.0,13070300000.0,7753500000.0,5316800000.0,4341900000.0,186100000.0,0.7419869571250174,2.896884272997033,24.001649167733675,2026-03-09T02:16:04+00:00
MCD,MCDONALDS CORP,simfin,2026-02-25 03:44:31+00:00,2024-12-31,2025-02-25,2024.0,FY,2026-02-23,334.56,25920000000.0,17430000000.0,11712000000.0,8224000000.0,55182000000.0,58980000000.0,-3796000000.0,38424000000.0,1085000000.0,1.190883190883191,11.390581717451523,29.371634241245136,2026-03-09T02:16:04+00:00
MCK,MCKESSON CORP,simfin,2026-02-25 03:44:31+00:00,2024-03-31,2024-05-08,2023.0,FY,2026-02-23,949.25,308951000000.0,12828000000.0,4171000000.0,3002000000.0,67443000000.0,69042000000.0,-1599000000.0,5629000000.0,4583000000.0,0.9162098668754894,22.38627889634601,42.40320619586942,2026-03-09T02:16:04+00:00
MDT,Medtronic plc,simfin,2026-02-25 03:44:31+00:00,2024-04-30,2024-06-20,2024.0,FY,2026-02-23,98.61,32364000000.0,21148000000.0,5520000000.0,3677000000.0,89980000000.0,39561000000.0,50420000000.0,25024000000.0,8005000000.0,1.7341872232764073,2.7642459780484137,35.673381017133536,2026-03-09T02:16:04+00:00
MRK,"Merck & Co., Inc.",simfin,2026-02-25 03:44:31+00:00,2024-12-31,2025-02-25,2024.0,FY,2026-02-23,123.82,64168000000.0,48975000000.0,20221000000.0,17117000000.0,117106000000.0,70734000000.0,46372000000.0,37111000000.0,13689000000.0,1.1496481351161154,6.736324281778828,18.38094409067009,2026-03-09T02:16:04+00:00
META,"Meta Platforms, Inc.",simfin,2026-02-25 03:44:31+00:00,2024-12-31,2025-01-30,2024.0,FY,2026-02-23,637.25,164501000000.0,134340000000.0,69380000000.0,62360000000.0,276054000000.0,93417000000.0,182637000000.0,28826000000.0,77815000000.0,2.9778842719371355,23.856159143075747,26.712179281590764,2026-03-09T02:16:04+00:00
MTD,METTLER TOLEDO INTERNATIONAL INC/,simfin,2026-02-25 03:44:31+00:00,2024-12-31,2025-02-07,2024.0,FY,2026-02-23,1393.24,3872361000.0,2325583000.0,1127054000.0,863140000.0,3239999000.0,3366889000.0,-126890000.0,2013888000.0,59362000.0,1.0220109177165075,40.4837734475244,34.41477612767338,2026-03-09T02:16:04+00:00
MGM,MGM Resorts International,simfin,2026-02-25 03:44:31+00:00,2024-12-31,2025-02-18,2024.0,FY,2026-02-23,34.25,17240545000.0,7847004000.0,1581109000.0,746558000.0,42231627000.0,38511671000.0,3719956000.0,6362098000.0,2415532000.0,1.3019128002260356,2.40645065628304,14.232579384321111,2026-03-09T02:16:04+00:00
MCHP,MICROCHIP TECHNOLOGY INC,simfin,2026-02-25 03:44:31+00:00,2024-03-31,2024-05-23,2023.0,FY,2026-02-23,76.6,7634400000.0,4995700000.0,2558700000.0,1906900000.0,15873200000.0,9215400000.0,6657800000.0,5999800000.0,319700000.0,1.1959196634119236,3.4797445255474453,22.01311028370654,2026-03-09T02:16:04+00:00
MU,MICRON TECHNOLOGY INC,simfin,2026-02-25 03:44:31+00:00,2024-08-31,2024-10-04,2024.0,FY,2026-02-23,420.97,25111000000.0,5613000000.0,1304000000.0,778000000.0,69416000000.0,24285000000.0,45131000000.0,13397000000.0,8106000000.0,2.63538062283737,0.6958855098389982,604.9414652956299,2026-03-09T02:16:04+00:00
MSFT,MICROSOFT CORP,simfin,2026-02-25 03:44:31+00:00,2024-06-30,2024-07-30,2024.0,FY,2026-02-23,384.47,245122000000.0,171008000000.0,109433000000.0,88136000000.0,512163000000.0,243686000000.0,268477000000.0,51630000000.0,75543000000.0,1.2749549031815206,11.800240996117283,32.58153796405555,2026-03-09T02:16:04+00:00
MAA,MID AMERICA APARTMENT COMMUNITIES INC.,simfin,2026-02-25 03:44:31+00:00,2020-12-31,2021-02-18,2020.0,FY,2026-02-23,133.33,1677984000.0,1290018000.0,427513000.0,254962000.0,11194791000.0,5090986000.0,6103805000.0,4562712000.0,25198000.0,0.0248595864496607,2.194532751091703,60.75552982003709,2026-03-09T02:16:04+00:00
MRNA,"Moderna, Inc.",simfin,2026-02-25 03:44:31+00:00,2024-12-31,2025-02-21,2024.0,FY,2026-02-23,50.29,3236000000.0,1772000000.0,-3945000000.0,-3561000000.0,14142000000.0,3241000000.0,10901000000.0,0.0,7025000000.0,3.671350861287398,-9.2734375,-5.42301600673968,2026-03-09T02:16:04+00:00
MOH,"MOLINA HEALTHCARE, INC.",simfin,2026-02-25 03:44:31+00:00,2024-12-31,2025-02-11,2024.0,FY,2026-02-23,156.21,40650000000.0,6222000000.0,1707000000.0,1179000000.0,15630000000.0,11134000000.0,4496000000.0,2923000000.0,8987000000.0,1.6176545086119554,20.43327556325823,7.644882951653945,2026-03-09T02:16:04+00:00
TAP,MOLSON COORS BREWING CO,simfin,2026-02-25 03:44:31+00:00,2024-12-31,2025-02-18,2024.0,FY,2026-02-23,49.47,11627000000.0,4533400000.0,1750500000.0,1122400000.0,26064300000.0,12611600000.0,13452700000.0,6146100000.0,969300000.0,0.9353737028766584,5.347308242020009,9.251383642195297,2026-03-09T02:16:04+00:00
MDLZ,Mondelez International,simfin,2026-02-25 03:44:31+00:00,2024-12-31,2025-02-05,2024.0,FY,2026-02-23,60.38,36441000000.0,14257000000.0,6665000000.0,4611000000.0,68497000000.0,41539000000.0,26958000000.0,17749000000.0,1351000000.0,0.6773748017801422,3.423162583518931,17.638659726740403,2026-03-09T02:16:04+00:00
MPWR,MONOLITHIC POWER SYSTEMS INC,simfin,2026-02-25 03:44:31+00:00,2024-12-31,2025-03-03,2024.0,FY,2026-02-23,1190.06,2207100000.0,1220870000.0,539358000.0,1786700000.0,3617097000.0,471330000.0,3145767000.0,0.0,862946000.0,4.350269624193907,36.58646462578069,32.527329769966975,2026-03-09T02:16:04+00:00
MNST,Monster Beverage Corp,simfin,2026-02-25 03:44:31+00:00,2024-12-31,2025-02-28,2024.0,FY,2026-02-23,84.69,7492709000.0,4048878000.0,1930294000.0,1509048000.0,7719089000.0,1761371000.0,5957718000.0,373951000.0,1533287000.0,3.317941648390597,1.4895247984664997,56.85705943747316,2026-03-09T02:16:04+00:00
MCO,MOODYS CORP /DE/,simfin,2026-02-25 03:44:31+00:00,2024-12-31,2025-02-14,2024.0,FY,2026-02-23,437.11,7088000000.0,5143000000.0,2977000000.0,2058000000.0,15505000000.0,11778000000.0,3727000000.0,7428000000.0,2974000000.0,1.4706700027800943,11.264367816091951,38.804663265306125,2026-03-09T02:16:04+00:00
MOS,MOSAIC CO,simfin,2026-02-25 03:44:31+00:00,2024-12-31,2025-03-03,2024.0,FY,2026-02-23,28.73,11122800000.0,1511900000.0,621500000.0,174900000.0,22924000000.0,11309300000.0,11614700000.0,4224700000.0,272800000.0,1.07839282717618,0.5453695042095417,52.679879931389365,2026-03-09T02:16:04+00:00
MSI,"Motorola Solutions, Inc.",simfin,2026-02-25 03:44:31+00:00,2024-12-31,2025-02-14,2024.0,FY,2026-02-23,465.03,10817000000.0,5512000000.0,2688000000.0,1577000000.0,14595000000.0,12876000000.0,1719000000.0,5997000000.0,2102000000.0,1.2817012858555883,9.233021077283372,50.36596322130628,2026-03-09T02:16:04+00:00
MSCI,MSCI Inc.,simfin,2026-02-25 03:44:31+00:00,2024-12-31,2025-02-07,2024.0,FY,2026-02-23,538.39,2856128000.0,,1528518000.0,1109128000.0,5445439000.0,6385436000.0,-939997000.0,4510816000.0,409351000.0,0.8476130353784621,14.046707193515704,38.32855576633175,2026-03-09T02:16:04+00:00
NDAQ,NASDAQ OMX Group,simfin,2026-02-25 03:44:31+00:00,2024-12-31,2025-02-21,2024.0,FY,2026-02-23,79.92,4649000000.0,3173000000.0,1949000000.0,1113000000.0,30395000000.0,19195000000.0,11200000000.0,9480000000.0,776000000.0,0.985320172108327,1.9216507856645928,41.58924222663073,2026-03-09T02:16:04+00:00
NTAP,"NetApp, Inc.",simfin,2026-02-25 03:44:31+00:00,2024-04-30,2024-06-10,2024.0,FY,2026-02-23,100.53,6268000000.0,4433000000.0,1268000000.0,986000000.0,9887000000.0,8741000000.0,1146000000.0,6626000000.0,3252000000.0,1.1926449098879688,4.629107981220657,21.716926977687628,2026-03-09T02:16:04+00:00
NFLX,NETFLIX INC,simfin,2026-02-25 03:44:31+00:00,2024-12-31,2025-01-27,2024.0,FY,2026-02-23,76.02,39000966000.0,17962502000.0,10417614000.0,8711631000.0,53630374000.0,28886807000.0,24743567000.0,15582804000.0,9583739000.0,1.2180280603231866,1.9832470899988843,38.33107855463575,2026-03-09T02:16:04+00:00
NEM,NEWMONT MINING CORP /DE/,simfin,2026-02-25 03:44:31+00:00,2024-12-31,2025-02-21,2024.0,FY,2026-02-23,124.25,18682000000.0,9719000000.0,5910000000.0,3348000000.0,56349000000.0,26240000000.0,30109000000.0,9564000000.0,3640000000.0,1.6273366034734191,2.916376306620209,42.60424133811231,2026-03-09T02:16:04+00:00
NWS,NEWS CORP,simfin,2026-02-25 03:44:31+00:00,2023-06-30,2023-08-15,2023.0,FY,2026-02-23,25.84,8012000000.0,,674000000.0,149000000.0,16921000000.0,7976000000.0,8945000000.0,2967000000.0,1833000000.0,1.280568720379147,0.2573402417962003,100.4118120805369,2026-03-09T02:16:04+00:00
NEE,NEXTERA ENERGY INC,simfin,2026-02-25 03:44:31+00:00,2024-12-31,2025-02-14,2024.0,FY,2026-02-23,94.06,24753000000.0,19724000000.0,7127000000.0,6946000000.0,190144000000.0,129283000000.0,60861000000.0,82333000000.0,1487000000.0,0.4713468743837507,3.373154623154623,27.88487647566945,2026-03-09T02:16:04+00:00
NKE,NIKE INC,simfin,2026-02-25 03:44:31+00:00,2024-05-31,2024-07-25,2024.0,FY,2026-02-23,63.09,51362000000.0,22887000000.0,6311000000.0,5700000000.0,38110000000.0,23680000000.0,14430000000.0,8909000000.0,11582000000.0,2.3961106391012934,3.7262208276132576,16.931363684210528,2026-03-09T02:16:04+00:00
NI,NISOURCE INC/DE,simfin,2026-02-25 03:44:31+00:00,2024-12-31,2025-02-12,2024.0,FY,2026-02-23,46.2,5455100000.0,4322900000.0,1464500000.0,760400000.0,31788100000.0,21119800000.0,10668300000.0,13960300000.0,279500000.0,0.4379102445665386,1.6221491228070175,28.480735433283765,2026-03-09T02:16:04+00:00
NDSN,NORDSON CORP,simfin,2026-02-25 03:44:31+00:00,2024-10-31,2024-12-18,2024.0,FY,2026-02-23,288.82,2689921000.0,1486129000.0,674001000.0,467284000.0,6000966000.0,3068774000.0,2932192000.0,2205125000.0,115952000.0,2.412653720029443,8.110316578728131,35.61143356074678,2026-03-09T02:16:04+00:00
NSC,Norfolk Southern Corp.,simfin,2026-02-25 03:44:31+00:00,2024-12-31,2025-02-10,2024.0,FY,2026-02-23,315.03,12123000000.0,8755000000.0,4579000000.0,2622000000.0,43682000000.0,29376000000.0,14306000000.0,17206000000.0,1641000000.0,0.8992947813822285,11.581272084805654,27.201675057208234,2026-03-09T02:16:04+00:00
NOC,NORTHROP GRUMMAN CORP /DE/,simfin,2026-02-25 03:44:31+00:00,2024-12-31,2025-01-30,2024.0,FY,2026-02-23,725.39,41033000000.0,8362000000.0,4370000000.0,4174000000.0,49359000000.0,34069000000.0,15290000000.0,14692000000.0,4353000000.0,1.0103340883352208,28.336727766463,25.59893315764255,2026-03-09T02:16:04+00:00
NCLH,Norwegian Cruise Line Holdings Ltd.,simfin,2026-02-25 03:44:31+00:00,2024-12-31,2025-02-27,2024.0,FY,2026-02-23,23.49,9479651000.0,3790955000.0,1465906000.0,910257000.0,19969811000.0,18544372000.0,1425439000.0,13100490000.0,190765000.0,0.1747323281204456,1.7673844853179466,13.290826187021906,2026-03-09T02:16:04+00:00
NRG,NRG Energy,simfin,2026-02-25 03:44:31+00:00,2023-12-31,2024-02-28,2023.0,FY,2026-02-23,176.52,28823000000.0,2297000000.0,-1049000000.0,-202000000.0,26038000000.0,23132000000.0,2903000000.0,10753000000.0,541000000.0,1.7746761539864988,-1.1228070175438596,-157.21312500000002,2026-03-09T02:16:04+00:00
NUE,NUCOR CORP,simfin,2026-02-25 03:44:31+00:00,2024-12-31,2025-02-27,2024.0,FY,2026-02-23,178.85,30734000000.0,4102000000.0,2979000000.0,2027000000.0,33940000000.0,12523000000.0,21417000000.0,6950000000.0,4139000000.0,2.506530038175608,8.49895178197065,21.043771583621115,2026-03-09T02:16:04+00:00
NVDA,NVIDIA CORP,simfin,2026-02-25 03:44:31+00:00,2025-01-31,2025-02-26,2024.0,FY,2026-02-23,191.55,130497000000.0,97858000000.0,81453000000.0,72880000000.0,111601000000.0,32274000000.0,79327000000.0,8463000000.0,43210000000.0,4.439851498864077,2.938235768424448,65.19218166849616,2026-03-09T02:16:04+00:00
NVR,NVR INC,simfin,2026-02-25 03:44:31+00:00,2024-12-31,2025-02-12,2024.0,FY,2026-02-23,7456.83,10436315000.0,2585766000.0,1886663000.0,1681928000.0,6380988000.0,2170916000.0,4210072000.0,911118000.0,2610975000.0,4.187221011528148,506.7574570653811,14.714790865007302,2026-03-09T02:16:04+00:00
NXPI,NXP Semiconductors N.V.,simfin,2026-02-25 03:44:31+00:00,2024-12-31,2025-02-20,2024.0,FY,2026-02-23,231.16,12614000000.0,7119000000.0,3472000000.0,2510000000.0,24385000000.0,14854000000.0,9531000000.0,10854000000.0,3292000000.0,2.752895752895753,9.734417176010671,23.74667078884462,2026-03-09T02:16:04+00:00
ORLY,O REILLY AUTOMOTIVE INC,simfin,2026-02-25 03:44:31+00:00,2024-12-31,2025-02-28,2024.0,FY,2026-02-23,95.35,16708479000.0,8554489000.0,3251157000.0,2386680000.0,14893741000.0,16264702000.0,-1370961000.0,5520932000.0,130245000.0,0.7050028943062145,2.7103653862533004,35.17975859771733,2026-03-09T02:16:04+00:00
OXY,OCCIDENTAL PETROLEUM CORP /DE/,simfin,2026-02-25 03:44:31+00:00,2023-12-31,2024-02-14,2023.0,FY,2026-02-23,52.43,28918000000.0,19116000000.0,7075000000.0,4696000000.0,74008000000.0,43659000000.0,30349000000.0,19738000000.0,1426000000.0,0.9155006558810668,3.926527214070143,13.352766233766234,2026-03-09T02:16:04+00:00
ODFL,OLD DOMINION FREIGHT LINE INC/VA,simfin,2026-02-25 03:44:31+00:00,2024-12-31,2025-02-25,2024.0,FY,2026-02-23,193.88,5814810000.0,3125496000.0,1568371000.0,1186073000.0,5491395000.0,1246807000.0,4244588000.0,59987000.0,108676000.0,1.333292015784537,5.478776820564935,35.38746080553221,2026-03-09T02:16:04+00:00
OMC,OMNICOM GROUP INC.,simfin,2026-02-25 03:44:31+00:00,2024-12-31,2025-02-05,2024.0,FY,2026-02-23,80.75,15689100000.0,2982200000.0,2332400000.0,1480600000.0,29620700000.0,24445800000.0,5174900000.0,6056600000.0,4339400000.0,0.995257755992221,7.455186304128902,10.831385924625152,2026-03-09T02:16:04+00:00
ON,ON SEMICONDUCTOR CORP,simfin,2026-02-25 03:44:31+00:00,2024-12-31,2025-02-10,2024.0,FY,2026-02-23,69.47,7082300000.0,3216100000.0,1901600000.0,1572800000.0,14089800000.0,5275300000.0,8814500000.0,3345900000.0,2991300000.0,5.058435720707222,3.63485093598336,19.11220053407935,2026-03-09T02:16:04+00:00
OKE,ONEOK INC /NEW/,simfin,2026-02-25 03:44:31+00:00,2021-12-31,2022-03-01,2021.0,FY,2026-02-23,87.33,16540000000.0,4283000000.0,2596000000.0,1500000000.0,23621613000.0,17606450000.0,6015163000.0,13643450000.0,146391000.0,0.7455755303852675,3.353178370770829,26.04394706862092,2026-03-09T02:16:04+00:00
ORCL,ORACLE CORP,simfin,2026-02-25 03:44:31+00:00,2024-05-31,2024-06-20,2024.0,FY,2026-02-23,141.31,52961000000.0,37818000000.0,16071000000.0,10467000000.0,140976000000.0,131737000000.0,9239000000.0,86869000000.0,10661000000.0,0.5324236916031255,3.707757704569607,38.1119833763256,2026-03-09T02:16:04+00:00
OTIS,Otis Worldwide Corp,simfin,2026-02-25 03:44:31+00:00,2024-12-31,2025-02-04,2024.0,FY,2026-02-23,90.55,14261000000.0,4257000000.0,2244000000.0,1645000000.0,11316000000.0,16044000000.0,-4728000000.0,8324000000.0,2300000000.0,0.9898051361465996,4.067754698318496,22.260437689969606,2026-03-09T02:16:04+00:00
PCAR,PACCAR INC,simfin,2026-02-25 03:44:31+00:00,2024-12-31,2025-02-19,2024.0,FY,2026-02-23,126.06,31564300000.0,5494700000.0,4382900000.0,4162000000.0,43418900000.0,25912000000.0,17506900000.0,15895000000.0,9839600000.0,1.577577439722022,7.903532092669958,15.94983085055262,2026-03-09T02:16:04+00:00
PKG,Packaging Corp Of America,simfin,2026-02-25 03:44:31+00:00,2024-12-31,2025-02-27,2024.0,FY,2026-02-23,225.55,8383300000.0,1783100000.0,1172800000.0,805100000.0,8833200000.0,4429200000.0,4404000000.0,2691000000.0,787000000.0,3.227835463258786,8.995530726256984,25.07356229039871,2026-03-09T02:16:04+00:00
PLTR,Palantir Technologies Inc.,simfin,2026-02-25 03:44:31+00:00,2024-12-31,2025-02-18,2024.0,FY,2026-02-23,130.6,2865507000.0,2299517000.0,310403000.0,462190000.0,6340884000.0,1246477000.0,5094407000.0,0.0,5229987000.0,6.233333158267903,0.1987401100791193,657.139617906056,2026-03-09T02:16:04+00:00
PANW,Palo Alto Networks Inc,simfin,2026-02-25 03:44:31+00:00,2024-07-31,2024-09-06,2024.0,FY,2026-02-23,144.14,8027500000.0,5968300000.0,683900000.0,2577600000.0,19990900000.0,14821200000.0,5169700000.0,963900000.0,2578800000.0,1.0194826457105437,3.640677966101695,39.5915270018622,2026-03-09T02:16:04+00:00
PH,PARKER HANNIFIN CORP,simfin,2026-02-25 03:44:31+00:00,2024-06-30,2024-08-22,2024.0,FY,2026-02-23,1008.97,19930000000.0,7128000000.0,3813000000.0,2844000000.0,29298000000.0,17217000000.0,12081000000.0,10560000000.0,422000000.0,0.9297142075755505,21.8366534324313,46.20534016908931,2026-03-09T02:16:04+00:00
PAYX,PAYCHEX INC,simfin,2026-02-25 03:44:31+00:00,2024-05-31,2024-07-11,2024.0,FY,2026-02-23,87.39,5278300000.0,3799000000.0,2174100000.0,1690400000.0,10383100000.0,6582100000.0,3801000000.0,817300000.0,1502800000.0,1.3658623872219398,4.668323667495167,18.71978170847137,2026-03-09T02:16:04+00:00
PAYC,"Paycom Software, Inc.",simfin,2026-02-25 03:44:31+00:00,2024-12-31,2025-02-20,2024.0,FY,2026-02-23,114.43,1883200000.0,1548600000.0,634300000.0,502000000.0,5859900000.0,4284000000.0,1575900000.0,0.0,402000000.0,1.1076574722107864,8.91651865008881,12.833484063745022,2026-03-09T02:16:04+00:00
PYPL,"PayPal Holdings, Inc.",simfin,2026-02-25 03:44:31+00:00,2024-12-31,2025-02-04,2024.0,FY,2026-02-23,44.05,31797000000.0,16100000000.0,7205000000.0,4147000000.0,78725000000.0,58308000000.0,20417000000.0,9879000000.0,10924000000.0,1.2795339635084635,3.991337824831569,11.03639980708946,2026-03-09T02:16:04+00:00
PNR,PENTAIR plc,simfin,2026-02-25 03:44:31+00:00,2024-12-31,2025-02-25,2024.0,FY,2026-02-23,101.66,4082800000.0,1598800000.0,803800000.0,625400000.0,6446500000.0,2883600000.0,3562900000.0,1648000000.0,118700000.0,1.604401742822031,3.7426690604428487,27.16243364246882,2026-03-09T02:16:04+00:00
PEP,PEPSICO INC,simfin,2026-02-25 03:44:31+00:00,2024-12-31,2025-02-04,2024.0,FY,2026-02-20,164.94,91854000000.0,50110000000.0,12920000000.0,9578000000.0,99467000000.0,81296000000.0,18171000000.0,44306000000.0,9266000000.0,0.8189370877727042,6.950653120464441,23.73014408018376,2026-03-09T02:16:04+00:00
PFE,PFIZER INC,simfin,2026-02-25 03:44:31+00:00,2024-12-31,2025-02-27,2024.0,FY,2026-02-23,27.06,63627000000.0,45776000000.0,10550000000.0,8031000000.0,213396000000.0,124899000000.0,88497000000.0,64351000000.0,20477000000.0,1.1712524712175834,1.4089473684210527,19.20582741875233,2026-03-09T02:16:04+00:00
PCG,PG&E Corp.,simfin,2026-02-25 03:44:31+00:00,2022-12-31,2023-02-23,2022.0,FY,2026-02-23,18.48,21680000000.0,7015000000.0,2682000000.0,1814000000.0,118644000000.0,95569000000.0,23075000000.0,52065000000.0,734000000.0,0.8116924246262984,0.8442776735459663,21.88853333333333,2026-03-09T02:16:04+00:00
PM,Philip Morris International Inc.,simfin,2026-02-25 03:44:31+00:00,2024-12-31,2025-02-06,2024.0,FY,2026-02-23,187.22,37878000000.0,24549000000.0,13402000000.0,7057000000.0,61784000000.0,71654000000.0,-9870000000.0,45695000000.0,4216000000.0,0.8802094697796203,4.535347043701799,41.28019271645175,2026-03-09T02:16:04+00:00
PSX,Phillips 66,simfin,2026-02-25 03:44:31+00:00,2024-12-31,2025-02-21,2024.0,FY,2026-02-23,154.85,143153000000.0,13191000000.0,1706000000.0,2117000000.0,72582000000.0,44119000000.0,28463000000.0,20062000000.0,1738000000.0,1.18711473453967,5.017919447815534,30.85940330656589,2026-03-09T02:16:04+00:00
PNW,PINNACLE WEST CAPITAL CORP,simfin,2026-02-25 03:44:31+00:00,2023-12-31,2024-02-27,2023.0,FY,2026-02-23,99.6,4695991000.0,2903334000.0,799584000.0,501557000.0,24661153000.0,18376291000.0,6284862000.0,9025122000.0,4955000.0,0.6669212801369998,4.407200098414818,22.5993823234448,2026-03-09T02:16:04+00:00
POOL,Pool Corp,simfin,2026-02-25 03:44:31+00:00,2023-12-31,2024-02-27,2023.0,FY,2026-02-23,218.5,5541595000.0,1660044000.0,746567000.0,523229000.0,3428068000.0,2115281000.0,1312787000.0,1053320000.0,66540000.0,2.355267357408085,13.41716029438162,16.285115121677126,2026-03-09T02:16:04+00:00
PPG,PPG INDUSTRIES INC,simfin,2026-02-25 03:44:31+00:00,2021-12-31,2022-02-17,2021.0,FY,2026-02-23,125.35,16802000000.0,6516000000.0,1736000000.0,1439000000.0,21351000000.0,14940000000.0,6411000000.0,6581000000.0,1072000000.0,1.4213176668065464,6.015886287625418,20.836497567755387,2026-03-09T02:16:04+00:00
PPL,PPL Corp,simfin,2026-02-25 03:44:31+00:00,2024-12-31,2025-02-13,2024.0,FY,2026-02-23,37.26,8462000000.0,6000000000.0,1740000000.0,888000000.0,41069000000.0,26992000000.0,14077000000.0,16806000000.0,306000000.0,0.8640864086408641,1.2002384257413297,31.04383195945946,2026-03-09T02:16:04+00:00
PG,PROCTER & GAMBLE Co,simfin,2026-02-25 03:44:31+00:00,2024-06-30,2024-08-05,2024.0,FY,2026-02-23,165.17,84039000000.0,43191000000.0,19886000000.0,14879000000.0,122371000000.0,71811000000.0,50558000000.0,32460000000.0,9482000000.0,0.7348340668490544,6.019256442412719,27.440266348544924,2026-03-09T02:16:04+00:00
PLD,"Prologis, Inc.",simfin,2026-02-25 03:44:31+00:00,2024-12-31,2025-02-14,2024.0,FY,2026-02-23,140.74,8201610000.0,6144369000.0,3098041000.0,3824743000.0,95328909000.0,36712139000.0,58616770000.0,30879263000.0,1318591000.0,0.2686671206451157,4.004721106555228,35.14352092324887,2026-03-09T02:16:04+00:00
PEG,PUBLIC SERVICE ENTERPRISE GROUP INC,simfin,2026-02-25 03:44:31+00:00,2024-12-31,2025-02-25,2024.0,FY,2026-02-23,86.31,10290000000.0,6897000000.0,2359000000.0,1772000000.0,54640000000.0,38526000000.0,16114000000.0,22707000000.0,125000000.0,0.6510376633358954,3.544,24.353837471783297,2026-03-09T02:16:04+00:00
PTC,PTC INC.,simfin,2026-02-25 03:44:31+00:00,2024-09-30,2024-11-14,2024.0,FY,2026-02-23,150.88,2298472000.0,1853656000.0,587260000.0,376333000.0,6383542000.0,3169144000.0,3214398000.0,1930326000.0,265808000.0,0.7789769990636957,3.116835898030512,48.40806668562151,2026-03-09T02:16:04+00:00
PSA,Public Storage,simfin,2026-02-25 03:44:31+00:00,2021-12-31,2022-01-30,2021.0,FY,2026-02-23,305.26,3415824000.0,2495226000.0,1705832000.0,1953263000.0,17380908000.0,7957370000.0,9423538000.0,7475279000.0,734599000.0,0.0923168081916512,9.854293937635804,30.97735889875805,2026-03-09T02:16:04+00:00
PHM,PULTEGROUP INC/MI/,simfin,2026-02-25 03:44:31+00:00,2024-12-31,2025-02-06,2024.0,FY,2026-02-23,140.21,17946950000.0,5445291000.0,3899929000.0,3083262000.0,17363763000.0,5241799000.0,12121964000.0,2145492000.0,1613327000.0,6.400200019526972,14.694165248845488,9.54188261977088,2026-03-09T02:16:04+00:00
PWR,Quanta Services Inc.,simfin,2026-02-25 03:44:31+00:00,2024-12-31,2025-02-20,2024.0,FY,2026-02-23,549.11,23672795000.0,3510761000.0,1303048000.0,904824000.0,18683894000.0,11354177000.0,7329717000.0,4162436000.0,741960000.0,1.3023166741118417,6.029908834035293,91.06439502046808,2026-03-09T02:16:04+00:00
QCOM,QUALCOMM INC/DE,simfin,2026-02-25 03:44:31+00:00,2024-09-30,2024-11-06,2024.0,FY,2026-02-23,140.41,38962000000.0,21902000000.0,10071000000.0,10142000000.0,55154000000.0,28880000000.0,26274000000.0,14634000000.0,13300000000.0,2.38208081570997,8.975221238938053,15.644182606980872,2026-03-09T02:16:04+00:00
DGX,QUEST DIAGNOSTICS INC,simfin,2026-02-25 03:44:31+00:00,2024-12-31,2025-02-20,2024.0,FY,2026-02-23,207.43,9872000000.0,3244000000.0,1346000000.0,871000000.0,16153000000.0,9257000000.0,6896000000.0,6390000000.0,549000000.0,1.1028123559243892,7.707964601769912,26.911125143513203,2026-03-09T02:16:04+00:00
RL,RALPH LAUREN CORP,simfin,2026-02-25 03:44:31+00:00,2024-03-31,2024-05-23,2023.0,FY,2026-02-23,365.04,6631400000.0,4431800000.0,831300000.0,646300000.0,6602600000.0,4152300000.0,2450300000.0,1140500000.0,1783200000.0,2.289940021810251,9.718796992481202,37.560204239517255,2026-03-09T02:16:04+00:00
RTX,RTX Corporation,simfin,2026-02-25 03:44:31+00:00,2024-12-31,2025-02-03,2024.0,FY,2026-02-23,201.92,80738000000.0,15410000000.0,6670000000.0,4774000000.0,162861000000.0,100903000000.0,61958000000.0,41261000000.0,5578000000.0,0.9928930658847744,3.553140815718964,56.82859488898198,2026-03-09T02:16:04+00:00
O,REALTY INCOME CORP,simfin,2026-02-25 03:44:31+00:00,2021-12-31,2022-02-23,2021.0,FY,2026-02-23,66.68,2080463000.0,,952043000.0,359456000.0,43137502000.0,18008102000.0,25129400000.0,14300642000.0,258579000.0,0.1361170038388723,0.9168617072782944,72.72634408294758,2026-03-09T02:16:04+00:00
REG,REGENCY CENTERS CORP,simfin,2026-02-25 03:44:31+00:00,2024-12-31,2025-02-14,2024.0,FY,2026-02-23,77.78,1453904000.0,,513806000.0,402726000.0,12391961000.0,5491654000.0,6900307000.0,65000000.0,,,2.125633741258741,36.59144023275658,2026-03-09T02:16:04+00:00
REGN,Regeneron,simfin,2026-02-25 03:44:31+00:00,2024-12-31,2025-02-05,2024.0,FY,2026-02-23,787.04,14202000000.0,12231500000.0,4091700000.0,4412600000.0,37759400000.0,8405800000.0,29353600000.0,1984400000.0,17912600000.0,6.673365617433414,38.33709817549956,20.52946199519557,2026-03-09T02:16:04+00:00
RSG,"REPUBLIC SERVICES, INC.",simfin,2026-02-25 03:44:31+00:00,2024-12-31,2025-02-14,2024.0,FY,2026-02-23,221.19,16032000000.0,6682000000.0,3331000000.0,2047000000.0,32402000000.0,20995000000.0,11407000000.0,13115000000.0,74000000.0,0.5828488372093024,6.502541296060991,34.015931607230094,2026-03-09T02:16:04+00:00
RMD,RESMED INC,simfin,2026-02-25 03:44:31+00:00,2024-06-30,2024-08-09,2024.0,FY,2026-02-23,260.79,4685297000.0,2655303000.0,1384121000.0,1020951000.0,6872394000.0,2008351000.0,4864043000.0,707213000.0,238361000.0,2.249736163618633,6.919356150457472,37.68992292480247,2026-03-09T02:16:04+00:00
HOOD,"Robinhood Markets, Inc.",simfin,2026-02-25 03:44:31+00:00,2024-12-31,2025-02-18,2024.0,FY,2026-02-23,71.78,2951000000.0,2787000000.0,1054000000.0,1411000000.0,26187000000.0,18215000000.0,7972000000.0,9993000000.0,9056000000.0,1.579876717606267,1.557100387478086,46.09850500150248,2026-03-09T02:16:04+00:00
ROK,ROCKWELL AUTOMATION INC,simfin,2026-02-25 03:44:31+00:00,2024-09-30,2024-11-12,2024.0,FY,2026-02-23,387.63,8264000000.0,3851000000.0,1192000000.0,953000000.0,11232000000.0,7557000000.0,3675000000.0,3639000000.0,471000000.0,1.0768590455049944,8.323144104803493,46.57254459601259,2026-03-09T02:16:04+00:00
ROL,ROLLINS INC,simfin,2026-02-25 03:44:31+00:00,2024-12-31,2025-02-13,2024.0,FY,2026-02-23,60.38,3388708000.0,1785511000.0,657224000.0,466379000.0,2819695000.0,1489102000.0,1330593000.0,395310000.0,89630000.0,1.2798568421574736,0.9630060190586316,62.69950426584388,2026-03-09T02:16:04+00:00
ROP,ROPER TECHNOLOGIES INC,simfin,2026-02-25 03:44:31+00:00,2023-12-31,2024-02-22,2023.0,FY,2026-02-23,335.7,6177800000.0,4307200000.0,1745200000.0,1384200000.0,28167500000.0,10722700000.0,17444800000.0,6330100000.0,214300000.0,0.499932505399568,12.888268156424582,26.046944083224965,2026-03-09T02:16:04+00:00
ROST,ROSS STORES INC,simfin,2026-02-25 03:44:31+00:00,2025-01-31,2025-04-01,2024.0,FY,2026-02-23,201.89,21129219000.0,5868713000.0,2585586000.0,2090730000.0,14905332000.0,9396137000.0,5509195000.0,2214811000.0,4730744000.0,1.6171126114772647,6.316710173301429,31.96125743639781,2026-03-09T02:16:04+00:00
RCL,ROYAL CARIBBEAN CRUISES LTD,simfin,2026-02-25 03:44:31+00:00,2024-12-31,2025-02-14,2024.0,FY,2026-02-23,302.64,16485000000.0,7833000000.0,4108000000.0,2879000000.0,37070000000.0,29335000000.0,7735000000.0,20076000000.0,388000000.0,0.1736783131302842,10.31899641577061,29.32843348384856,2026-03-09T02:16:04+00:00
SPGI,"S&P Global, Inc.",simfin,2026-02-25 03:44:31+00:00,2024-12-31,2025-02-11,2024.0,FY,2026-02-23,404.78,14208000000.0,9847000000.0,5478000000.0,3852000000.0,60221000000.0,22713000000.0,37508000000.0,11398000000.0,1686000000.0,0.8540362953692116,12.35011221545367,32.77541069574247,2026-03-09T02:16:04+00:00
CRM,SALESFORCE COM INC,simfin,2026-02-25 03:44:31+00:00,2025-01-31,2025-03-05,2024.0,FY,2026-02-23,178.16,37895000000.0,29252000000.0,7666000000.0,6197000000.0,102928000000.0,41755000000.0,61173000000.0,8433000000.0,14032000000.0,1.0624374553252325,6.362422997946612,28.001910601904147,2026-03-09T02:16:04+00:00
SBAC,SBA COMMUNICATIONS CORP,simfin,2026-02-25 03:44:31+00:00,2024-12-31,2025-02-26,2024.0,FY,2026-02-23,199.64,2679634000.0,2097907000.0,1435763000.0,749536000.0,11417336000.0,16473142000.0,-5055806000.0,13591738000.0,189841000.0,1.100550853867991,6.935011102886751,28.78726465439952,2026-03-09T02:16:04+00:00
SLB,SCHLUMBERGER LIMITED/NV,simfin,2026-02-25 03:44:31+00:00,2024-12-31,2025-01-22,2024.0,FY,2026-02-23,51.24,36289000000.0,7460000000.0,6706000000.0,4461000000.0,48935000000.0,26585000000.0,22350000000.0,12074000000.0,4669000000.0,1.4495355553820934,3.106545961002785,16.4942030934768,2026-03-09T02:16:04+00:00
STX,Seagate Technology,simfin,2026-02-25 03:44:31+00:00,2024-06-30,2024-08-02,2024.0,FY,2026-02-23,407.4,6551000000.0,1536000000.0,422000000.0,335000000.0,7739000000.0,9230000000.0,-1491000000.0,5674000000.0,1358000000.0,1.0751855437237818,1.580188679245283,257.8173134328358,2026-03-09T02:16:04+00:00
SRE,Sempra Energy,simfin,2026-02-25 03:44:31+00:00,2023-12-31,2024-02-27,2023.0,FY,2026-02-23,93.6,16720000000.0,12078000000.0,3716000000.0,3075000000.0,87181000000.0,53527000000.0,33654000000.0,31076000000.0,236000000.0,0.5421209117938554,4.78874975700651,19.545811485148512,2026-03-09T02:16:04+00:00
NOW,"ServiceNow, Inc.",simfin,2026-02-25 03:44:31+00:00,2024-12-31,2025-01-30,2024.0,FY,2026-02-23,100.8,10984000000.0,8697000000.0,1364000000.0,1425000000.0,20383000000.0,10774000000.0,9609000000.0,1489000000.0,5762000000.0,1.0991864082316345,1.3674114661049883,73.71592421052632,2026-03-09T02:16:04+00:00
SHW,Sherwin-Williams,simfin,2026-02-25 03:44:31+00:00,2024-12-31,2025-02-20,2024.0,FY,2026-02-23,364.27,23098500000.0,11195100000.0,3811800000.0,2681400000.0,23632600000.0,19581400000.0,4051200000.0,9888400000.0,210400000.0,0.7932204385565527,10.552538370720187,34.51965652271201,2026-03-09T02:16:04+00:00
SPG,SIMON PROPERTY GROUP INC /DE/,simfin,2026-02-25 03:44:31+00:00,2024-12-31,2025-02-21,2024.0,FY,2026-02-23,200.07,5963798000.0,5329025000.0,3092796000.0,2730662000.0,32405691000.0,28806239000.0,3599452000.0,24264495000.0,1400345000.0,0.4837036169365776,8.358751705323927,23.935392155813137,2026-03-09T02:16:04+00:00
SWKS,"SKYWORKS SOLUTIONS, INC.",simfin,2026-02-25 03:44:31+00:00,2024-09-30,2024-11-15,2024.0,FY,2026-02-23,59.78,4178000000.0,1720800000.0,787400000.0,596000000.0,8283300000.0,1946600000.0,6336700000.0,994300000.0,1562700000.0,5.543388086942094,3.6904024767801857,16.198775167785236,2026-03-09T02:16:04+00:00
SJM,J M SMUCKER Co,simfin,2026-02-25 03:44:31+00:00,2024-04-30,2024-06-18,2024.0,FY,2026-02-23,111.0,8178700000.0,3115400000.0,1448900000.0,744000000.0,20273700000.0,12579800000.0,7693900000.0,8364000000.0,62000000.0,0.5229587088883572,7.140115163147793,15.545967741935485,2026-03-09T02:16:04+00:00
SNA,SNAP-ON Inc,simfin,2026-02-25 03:44:31+00:00,2024-12-31,2025-02-13,2024.0,FY,2026-02-23,385.37,4707400000.0,2377900000.0,1345700000.0,1043900000.0,7896800000.0,2479800000.0,5417000000.0,1199200000.0,1360500000.0,4.149141965678627,19.51214953271028,19.75025864546412,2026-03-09T02:16:04+00:00
SO,SOUTHERN CO,simfin,2026-02-25 03:44:31+00:00,2022-12-31,2022-11-29,2022.0,FY,2026-02-23,95.18,3369000000.0,1444000000.0,396000000.0,354000000.0,134891000000.0,100359000000.0,34532000000.0,50656000000.0,1917000000.0,0.6551132027473925,0.3274745605920444,290.64853107344635,2026-03-09T02:16:04+00:00
LUV,SOUTHWEST AIRLINES CO,simfin,2026-02-25 03:44:31+00:00,2024-12-31,2025-02-07,2024.0,FY,2026-02-23,50.9,27483000000.0,6116000000.0,321000000.0,465000000.0,33750000000.0,23400000000.0,10350000000.0,6699000000.0,8725000000.0,0.918377321603128,0.7231726283048211,70.38430107526882,2026-03-09T02:16:04+00:00
SWK,"STANLEY BLACK & DECKER, INC.",simfin,2026-02-25 03:44:31+00:00,2024-12-31,2025-02-18,2024.0,FY,2026-02-23,87.29,15365700000.0,4514400000.0,1181700000.0,294300000.0,21848900000.0,13129000000.0,8719900000.0,6103000000.0,290500000.0,1.2970977648518376,1.9451806711302928,44.8750089364594,2026-03-09T02:16:04+00:00
SBUX,STARBUCKS CORP,simfin,2026-02-25 03:44:31+00:00,2024-09-30,2024-11-20,2024.0,FY,2026-02-23,94.78,36176200000.0,24995600000.0,5107600000.0,3760900000.0,31339300000.0,38780900000.0,-7441600000.0,15568400000.0,3543200000.0,0.455473073648361,3.3068671414754243,28.66156877343189,2026-03-09T02:16:04+00:00
STLD,STEEL DYNAMICS INC,simfin,2026-02-25 03:44:31+00:00,2023-12-31,2024-02-29,2023.0,FY,2026-02-23,196.01,18795316000.0,4045883000.0,3151181000.0,2450882000.0,14908420000.0,171287000.0,14737133000.0,-2826550000.0,2122097000.0,2.252185828899934,14.638161391856944,13.39034286840411,2026-03-09T02:16:04+00:00
STE,STERIS plc,simfin,2026-02-25 03:44:31+00:00,2024-03-31,2024-05-29,2023.0,FY,2026-02-23,247.11,5138701000.0,2218160000.0,862163000.0,378239000.0,11063697000.0,4748351000.0,6315346000.0,3383167000.0,207020000.0,3.081344435291856,3.806791533731217,64.91293200859775,2026-03-09T02:16:04+00:00
SYK,STRYKER CORP,simfin,2026-02-25 03:44:31+00:00,2024-12-31,2025-02-12,2024.0,FY,2026-02-23,384.73,22595000000.0,14440000000.0,4666000000.0,2993000000.0,42971000000.0,22337000000.0,20634000000.0,13597000000.0,4493000000.0,1.9494485294117647,7.761929460580913,49.566283995990645,2026-03-09T02:16:04+00:00
SMCI,"Super Micro Computer, Inc.",simfin,2026-02-25 03:44:31+00:00,2024-06-30,2024-08-25,2024.0,FY,2026-02-23,30.71,14989251000.0,2061410000.0,1210774000.0,1152666000.0,9826092000.0,4408722000.0,5417370000.0,2174145000.0,1669766000.0,3.807767419910552,1.9142633181985764,16.042725004467904,2026-03-09T02:16:04+00:00
SNPS,SYNOPSYS INC,simfin,2026-02-25 03:44:31+00:00,2024-10-31,2024-12-19,2024.0,FY,2026-02-23,420.82,6127436000.0,4882147000.0,1355711000.0,2263380000.0,13073561000.0,4050355000.0,9023206000.0,15601000.0,4050401000.0,2.5318328872720497,14.514056327912584,28.99396216278309,2026-03-09T02:16:04+00:00
SYY,SYSCO CORP,simfin,2026-02-25 03:44:31+00:00,2024-06-30,2024-08-28,2024.0,FY,2026-02-23,89.43,78844000000.0,14608000000.0,3202000000.0,1955000000.0,24917000000.0,23026000000.0,1891000000.0,11982000000.0,696000000.0,1.1950005410669842,3.8859376059626114,23.01375088029668,2026-03-09T02:16:04+00:00
TMUS,"T-Mobile US, Inc.",simfin,2026-02-25 03:44:31+00:00,2024-12-31,2025-01-31,2024.0,FY,2026-02-23,219.95,81400000000.0,51747000000.0,18010000000.0,11339000000.0,208035000000.0,146294000000.0,61741000000.0,82721000000.0,5409000000.0,0.912263309209874,9.664904259427722,22.757597395281767,2026-03-09T02:16:04+00:00
TROW,T. Rowe Price Group,simfin,2026-02-25 03:44:31+00:00,2024-12-31,2025-02-14,2024.0,FY,2026-02-23,93.06,7093600000.0,,2476600000.0,2100100000.0,13472000000.0,2021900000.0,11450100000.0,62100000.0,2649800000.0,3.522972433080304,9.404836542767578,9.894908813866008,2026-03-09T02:16:04+00:00
TTWO,TAKE TWO INTERACTIVE SOFTWARE INC,simfin,2026-02-25 03:44:31+00:00,2024-03-31,2024-05-22,2023.0,FY,2026-02-23,195.59,5349600000.0,2241800000.0,-1143900000.0,-3744200000.0,12216900000.0,6549000000.0,5667900000.0,3082900000.0,776000000.0,0.9390375664893617,-22.01175778953557,-8.885705624699535,2026-03-09T02:16:04+00:00
TPR,Tapestry Inc,simfin,2026-02-25 03:44:31+00:00,2024-06-30,2024-08-15,2024.0,FY,2026-02-23,152.97,6671200000.0,4889500000.0,1140100000.0,816000000.0,13396300000.0,10499400000.0,2896900000.0,7240600000.0,7203800000.0,5.143549894835242,3.4991423670668955,43.71642647058823,2026-03-09T02:16:04+00:00
TRGP,Targa Resources Corp.,simfin,2026-02-25 03:44:31+00:00,2024-12-31,2025-02-20,2024.0,FY,2026-02-23,231.87,16381500000.0,5678500000.0,2695400000.0,1312000000.0,22734100000.0,18315900000.0,4418200000.0,14174600000.0,157300000.0,0.7237912122549328,5.779936737460461,40.11635603158471,2026-03-09T02:16:04+00:00
TGT,TARGET CORP,simfin,2026-02-25 03:44:31+00:00,2025-01-31,2025-03-12,2024.0,FY,2026-02-23,113.34,106566000000.0,30064000000.0,5566000000.0,4091000000.0,57769000000.0,43103000000.0,14666000000.0,15940000000.0,4762000000.0,0.9353334294918024,8.858813339107838,12.79403862136397,2026-03-09T02:16:04+00:00
TEL,TE Connectivity Ltd.,simfin,2026-02-25 03:44:31+00:00,2024-09-30,2024-11-12,2024.0,FY,2026-02-23,231.28,15845000000.0,5456000000.0,2983000000.0,3193000000.0,22854000000.0,10368000000.0,12486000000.0,4203000000.0,1319000000.0,1.4797362807834011,10.333333333333334,22.381935483870965,2026-03-09T02:16:04+00:00
TDY,TELEDYNE TECHNOLOGIES INC,simfin,2026-02-25 03:44:31+00:00,2024-12-31,2025-02-21,2024.0,FY,2026-02-23,672.42,5670000000.0,2434800000.0,1041600000.0,819200000.0,14200500000.0,4645100000.0,9555400000.0,2649000000.0,649800000.0,2.334020291693088,17.210084033613445,39.071279296875,2026-03-09T02:16:04+00:00
TER,"TERADYNE, INC",simfin,2026-02-25 03:44:31+00:00,2024-12-31,2025-02-20,2024.0,FY,2026-02-23,318.5,2819880000.0,1648927000.0,552240000.0,542372000.0,3708714000.0,889420000.0,2819294000.0,0.0,599666000.0,2.908194159585897,3.321038000416376,95.90375056234464,2026-03-09T02:16:04+00:00
TSLA,Tesla,simfin,2026-02-25 03:44:31+00:00,2024-12-31,2025-01-30,2024.0,FY,2026-02-23,399.83,97690000000.0,17450000000.0,7760000000.0,7091000000.0,122070000000.0,48390000000.0,73680000000.0,8213000000.0,36563000000.0,2.024912390270983,2.02715837621498,197.23668593992383,2026-03-09T02:16:04+00:00
TXN,TEXAS INSTRUMENTS INC,simfin,2026-02-25 03:44:31+00:00,2024-12-31,2025-02-14,2024.0,FY,2026-02-23,219.86,15641000000.0,9094000000.0,5341000000.0,4799000000.0,35509000000.0,-22289000000.0,57798000000.0,-27299000000.0,7580000000.0,4.124622563821027,5.221980413492927,42.102800583454886,2026-03-09T02:16:04+00:00
TPL,TEXAS PACIFIC LAND TRUST,simfin,2026-02-25 03:44:31+00:00,2024-12-31,2025-02-19,2024.0,FY,2026-02-23,502.85,705823000.0,,585262000.0,453960000.0,1248020000.0,115555000.0,1132465000.0,0.0,369835000.0,5.357155020114514,6.573485620724649,76.49670646797075,2026-03-09T02:16:04+00:00
TXT,Textron Inc.,simfin,2026-02-25 03:44:31+00:00,2022-12-31,2023-02-16,2022.0,FY,2026-02-23,98.8,12869000000.0,2670000000.0,883000000.0,863000000.0,16293000000.0,9180000000.0,7113000000.0,3557000000.0,2035000000.0,2.0362397820163487,3.8118374558303887,25.919258400927,2026-03-09T02:16:04+00:00
TMO,THERMO FISHER SCIENTIFIC INC.,simfin,2026-02-25 03:44:31+00:00,2024-12-31,2025-02-20,2024.0,FY,2026-02-23,516.44,42879000000.0,17702000000.0,7717000000.0,6336000000.0,97322000000.0,47650000000.0,49672000000.0,31275000000.0,5570000000.0,1.6605160516051605,16.54308093994778,31.217885101010104,2026-03-09T02:16:04+00:00
TJX,TJX COMPANIES INC /DE/,simfin,2026-02-25 03:44:31+00:00,2025-01-31,2025-04-02,2024.0,FY,2026-02-23,157.69,56360000000.0,17248000000.0,6302000000.0,4864000000.0,31749000000.0,23356000000.0,8393000000.0,2866000000.0,5335000000.0,1.180141715116279,4.259194395796848,37.02343338815789,2026-03-09T02:16:04+00:00
TTD,"Trade Desk, Inc.",simfin,2026-02-25 03:44:31+00:00,2024-12-31,2025-02-21,2024.0,FY,2026-02-23,24.17,2444831000.0,1972819000.0,427167000.0,393076000.0,6111951000.0,3162806000.0,2949145000.0,0.0,1921489000.0,1.8997897096198504,0.7831384831169659,30.862996163591777,2026-03-09T02:16:04+00:00
TSCO,Tractor Supply Company,simfin,2026-02-25 03:44:31+00:00,2024-12-31,2025-02-20,2024.0,FY,2026-02-23,53.89,14883231000.0,5396557000.0,1467532000.0,1101240000.0,9805485000.0,7535151000.0,2270334000.0,1831969000.0,251491000.0,1.4271848009199752,2.0406484178692934,26.408272747085107,2026-03-09T02:16:04+00:00
TT,Trane Technologies plc,simfin,2026-02-25 03:44:31+00:00,2024-12-31,2025-02-06,2024.0,FY,2026-02-23,459.94,19838200000.0,7080500000.0,3500100000.0,2567900000.0,20146700000.0,12659800000.0,7486900000.0,4770300000.0,1590100000.0,1.2090823707755936,11.242994746059544,40.90902916780249,2026-03-09T02:16:04+00:00
TDG,TransDigm Group,simfin,2026-02-25 03:44:31+00:00,2024-09-30,2024-11-07,2024.0,FY,2026-02-23,1296.15,7940000000.0,4672000000.0,3531000000.0,1716000000.0,25586000000.0,31869000000.0,-6283000000.0,24880000000.0,6261000000.0,1.5821107430194037,29.68858131487889,43.6581993006993,2026-03-09T02:16:04+00:00
TRMB,TRIMBLE INC.,simfin,2026-02-25 03:44:31+00:00,2024-12-31,2025-04-25,2024.0,FY,2026-02-23,65.42,3683300000.0,2396300000.0,476600000.0,1504400000.0,9488300000.0,3743000000.0,5745300000.0,1390600000.0,738800000.0,1.2697986577181208,6.085760517799352,10.74968359478862,2026-03-09T02:16:04+00:00
TYL,TYLER TECHNOLOGIES INC,simfin,2026-02-25 03:44:31+00:00,2024-12-31,2025-02-19,2024.0,FY,2026-02-23,317.43,2137803000.0,935761000.0,299526000.0,263026000.0,5180015000.0,1791593000.0,3388422000.0,597934000.0,767978000.0,1.3520735130306014,6.046991746557234,52.49387022575715,2026-03-09T02:16:04+00:00
TSN,TYSON FOODS INC,simfin,2026-02-25 03:44:31+00:00,2024-09-30,2024-11-12,2024.0,FY,2026-02-23,62.96,53309000000.0,3627000000.0,1409000000.0,800000000.0,37100000000.0,18586000000.0,18514000000.0,9787000000.0,1717000000.0,2.0369751410068937,2.247191011235955,28.0172,2026-03-09T02:16:04+00:00
UBER,"Uber Technologies, Inc",simfin,2026-02-25 03:44:31+00:00,2024-12-31,2025-02-14,2024.0,FY,2026-02-23,70.72,43978000000.0,17327000000.0,2799000000.0,9856000000.0,51244000000.0,28768000000.0,22476000000.0,18143000000.0,6977000000.0,1.2562739630533286,4.583103155161478,15.430593116883118,2026-03-09T02:16:04+00:00
UDR,"UDR, Inc.",simfin,2026-02-25 03:44:31+00:00,2024-12-31,2025-02-18,2024.0,FY,2026-02-23,37.37,1671842000.0,1093075000.0,282881000.0,89585000.0,10897586000.0,6436691000.0,4460895000.0,5826965000.0,1326000.0,0.0581031479713838,0.2567279380581371,145.56265392330383,2026-03-09T02:16:04+00:00
ULTA,"Ulta Salon, Cosmetics & Fragrance, Inc.",simfin,2026-02-25 03:44:31+00:00,2024-01-31,2024-03-26,2023.0,FY,2026-02-23,669.87,11207303000.0,4381100000.0,1678029000.0,1291005000.0,5707011000.0,3427683000.0,2279328000.0,1912864647.0,766594000.0,1.7106099357673512,26.03042584079361,25.73411607236223,2026-03-09T02:16:04+00:00
UNP,UNION PACIFIC CORP,simfin,2026-02-25 03:44:31+00:00,2024-12-31,2025-02-07,2024.0,FY,2026-02-23,263.76,24250000000.0,14357000000.0,9713000000.0,6747000000.0,67715000000.0,50825000000.0,16890000000.0,31192000000.0,1036000000.0,0.7653216596878569,11.08609924416694,23.791957314361937,2026-03-09T02:16:04+00:00
UAL,"United Continental Holdings, Inc.",simfin,2026-02-25 03:44:31+00:00,2024-12-31,2025-02-27,2024.0,FY,2026-02-23,107.17,57063000000.0,19420000000.0,5208000000.0,3149000000.0,74083000000.0,61408000000.0,12675000000.0,33633000000.0,14475000000.0,0.8099425238054387,9.45078031212485,11.3398043823436,2026-03-09T02:16:04+00:00
UPS,UNITED PARCEL SERVICE INC,simfin,2026-02-25 03:44:31+00:00,2024-12-31,2025-02-18,2024.0,FY,2026-02-23,115.02,91070000000.0,22082000000.0,8468000000.0,5782000000.0,70070000000.0,53327000000.0,16741000000.0,25652000000.0,6112000000.0,1.174502767471565,6.7546728971962615,17.028211691456242,2026-03-09T02:16:04+00:00
URI,UNITED RENTALS INC /DE,simfin,2026-02-25 03:44:31+00:00,2024-12-31,2025-01-29,2024.0,FY,2026-02-23,882.7,15345000000.0,6150000000.0,4068000000.0,2575000000.0,28163000000.0,19541000000.0,8622000000.0,13406000000.0,457000000.0,0.9777309659945832,38.682830832093984,22.81890908737864,2026-03-09T02:16:04+00:00
UNH,UNITEDHEALTH GROUP INC,simfin,2026-02-25 03:44:31+00:00,2024-12-31,2025-02-27,2024.0,FY,2026-02-23,282.34,400278000000.0,89399000000.0,32287000000.0,14405000000.0,298278000000.0,195687000000.0,102591000000.0,76904000000.0,29113000000.0,0.8266341585637329,15.505920344456404,18.20852898299201,2026-03-09T02:16:04+00:00
UHS,"Universal Health Services, Inc.",simfin,2026-02-25 03:44:31+00:00,2024-12-31,2025-02-26,2024.0,FY,2026-02-23,232.6,15827935000.0,8309248000.0,1681814000.0,1142097000.0,14469749000.0,7706933000.0,6762816000.0,4504541000.0,125983000.0,1.3186369048538762,16.403783178214407,14.17965584359297,2026-03-09T02:16:04+00:00
VLO,VALERO ENERGY CORP/TX,simfin,2026-02-25 03:44:31+00:00,2024-12-31,2025-02-26,2024.0,FY,2026-02-23,197.39,129881000000.0,4805000000.0,3755000000.0,2770000000.0,60143000000.0,32622000000.0,27521000000.0,10463000000.0,4657000000.0,1.5319135204904808,8.602484472049689,22.945696750902528,2026-03-09T02:16:04+00:00
VTR,VENTAS INC,simfin,2026-02-25 03:44:31+00:00,2022-12-31,2023-02-10,2022.0,FY,2026-02-23,86.62,4129193000.0,1852469000.0,503603000.0,-47447000.0,24157840000.0,13671513000.0,10486327000.0,12296780000.0,122564000.0,0.3592184073186012,-0.1260202441946013,-687.349882184332,2026-03-09T02:16:04+00:00
VRSN,Verisign Inc.,simfin,2026-02-25 03:44:31+00:00,2024-12-31,2025-02-13,2024.0,FY,2026-02-23,211.49,1557400000.0,1366000000.0,1058200000.0,785700000.0,1406500000.0,3364400000.0,-1957900000.0,1792300000.0,599900000.0,0.4335445104826595,8.0010183299389,26.432885325187733,2026-03-09T02:16:04+00:00
VRSK,Verisk Analytics,simfin,2026-02-25 03:44:31+00:00,2024-12-31,2025-02-26,2024.0,FY,2026-02-20,182.5,2881700000.0,1980600000.0,1266000000.0,958200000.0,4264700000.0,4159700000.0,105000000.0,3061100000.0,291200000.0,0.7515871052848545,6.708098802776582,27.205920092360675,2026-03-09T02:16:04+00:00
VZ,VERIZON COMMUNICATIONS INC,simfin,2026-02-25 03:44:31+00:00,2023-12-31,2024-02-09,2023.0,FY,2026-02-23,49.68,133974000000.0,79087000000.0,28718000000.0,11614000000.0,380255000000.0,286456000000.0,93799000000.0,150674000000.0,2065000000.0,0.6916934408056667,2.755397390272836,18.030067160323743,2026-03-09T02:16:04+00:00
VRTX,VERTEX PHARMACEUTICALS INC / MA,simfin,2026-02-25 03:44:31+00:00,2024-12-31,2025-02-13,2024.0,FY,2026-02-23,481.01,11020100000.0,9489600000.0,4395000000.0,-535600000.0,22533200000.0,6123600000.0,16409600000.0,0.0,6115900000.0,2.692139370476351,-2.0767739433889103,-231.61403846153848,2026-03-09T02:16:04+00:00
VTRS,Viatris Inc,simfin,2026-02-25 03:44:31+00:00,2024-12-31,2025-02-27,2024.0,FY,2026-02-23,15.95,14739300000.0,5623600000.0,389300000.0,-634200000.0,41500900000.0,22865400000.0,18635500000.0,14047200000.0,734800000.0,1.6473509360833305,-0.528323892035988,-30.189813938820564,2026-03-09T02:16:04+00:00
VICI,VICI PROPERTIES INC.,simfin,2026-02-25 03:44:31+00:00,2024-12-31,2025-02-20,2024.0,FY,2026-02-23,30.22,3808754000.0,,3666724000.0,2704255000.0,45368940000.0,18417139000.0,26951801000.0,16732889000.0,2176148000.0,3.200641261343413,2.581196185350632,11.70775013984258,2026-03-09T02:16:04+00:00
V,VISA INC.,simfin,2026-02-25 03:44:31+00:00,2024-09-30,2024-11-13,2024.0,FY,2026-02-23,306.52,35926000000.0,,24835000000.0,19743000000.0,94511000000.0,55191000000.0,39320000000.0,20836000000.0,15175000000.0,1.2938336374695865,9.469064748201438,32.37067314997721,2026-03-09T02:16:04+00:00
VST,Vistra Energy Corp.,simfin,2026-02-25 03:44:31+00:00,2024-12-31,2025-02-28,2024.0,FY,2026-02-23,167.8,17224000000.0,9939000000.0,4081000000.0,2659000000.0,37770000000.0,32187000000.0,5583000000.0,16298000000.0,1188000000.0,0.9156422690876282,7.541827645498135,22.24924884091764,2026-03-09T02:16:04+00:00
VMC,Vulcan Materials,simfin,2026-02-25 03:44:31+00:00,2024-12-31,2025-02-20,2024.0,FY,2026-02-23,310.79,7417700000.0,1999600000.0,1398800000.0,911900000.0,17104800000.0,8962300000.0,8142500000.0,5307400000.0,559700000.0,1.828504559761117,6.851239669421488,45.36259348612787,2026-03-09T02:16:04+00:00
GWW,GRAINGER W W INC,simfin,2026-02-25 03:44:31+00:00,2024-12-31,2025-02-20,2024.0,FY,2026-02-23,1116.75,17168000000.0,6758000000.0,2637000000.0,1909000000.0,8829000000.0,5126000000.0,3703000000.0,2778000000.0,1036000000.0,2.488937093275488,38.95918367346939,28.664614981665792,2026-03-09T02:16:04+00:00
WAB,WESTINGHOUSE AIR BRAKE TECHNOLOGIES CORP,simfin,2026-02-25 03:44:31+00:00,2024-12-31,2025-02-12,2024.0,FY,2026-02-23,262.93,10387000000.0,3366000000.0,1609000000.0,1056000000.0,18702000000.0,8569000000.0,10133000000.0,3980000000.0,715000000.0,1.3035337552742616,6.0411899313501145,43.52288257575758,2026-03-09T02:16:04+00:00
WMT,Walmart Inc,simfin,2026-02-25 03:44:31+00:00,2025-01-31,2025-03-14,2024.0,FY,2026-02-23,125.81,680985000000.0,169232000000.0,29348000000.0,19436000000.0,260823000000.0,163131000000.0,97692000000.0,57815000000.0,9037000000.0,0.8226828460200447,2.405147877737904,52.308633978184815,2026-03-09T02:16:04+00:00
DIS,The Walt Disney Company,simfin,2026-02-25 03:44:31+00:00,2024-09-30,2024-11-14,2024.0,FY,2026-02-23,104.41,91361000000.0,32663000000.0,11914000000.0,4972000000.0,196219000000.0,90697000000.0,105522000000.0,45815000000.0,6002000000.0,0.7295297551952369,2.715456034953577,38.45026347546258,2026-03-09T02:16:04+00:00
WBD,"Warner Bros. Discovery, Inc.",simfin,2026-02-25 03:44:31+00:00,2024-12-31,2025-02-27,2024.0,FY,2026-02-23,28.92,39321000000.0,16351000000.0,18000000.0,-11311000000.0,104560000000.0,69622000000.0,34938000000.0,39505000000.0,5312000000.0,0.8904490828589501,-4.616734693877551,-6.264167624436389,2026-03-09T02:16:04+00:00
WM,Waste Management Inc.,simfin,2026-02-25 03:44:31+00:00,2024-12-31,2025-02-19,2024.0,FY,2026-02-23,230.56,22063000000.0,8680000000.0,4149000000.0,2746000000.0,44567000000.0,36313000000.0,8254000000.0,23900000000.0,414000000.0,0.7628635346756152,6.807139315815568,33.8703219227968,2026-03-09T02:16:04+00:00
WAT,Waters Corporation,simfin,2026-02-25 03:44:31+00:00,2024-12-31,2025-02-25,2024.0,FY,2026-02-23,327.78,2958387000.0,1758186000.0,837921000.0,637834000.0,4553795000.0,2725288000.0,1828507000.0,1626488000.0,325355000.0,2.113446144261913,10.710538688876948,30.60350272955032,2026-03-09T02:16:04+00:00
WEC,Wisconsin Energy Corporation,simfin,2026-02-25 03:44:31+00:00,2024-12-31,2025-02-21,2024.0,FY,2026-02-23,115.8,8599900000.0,5943900000.0,2164900000.0,1528400000.0,47363200000.0,34561300000.0,12801900000.0,20327000000.0,9800000.0,0.128507054934482,4.825276461295418,23.99862493452069,2026-03-09T02:16:04+00:00
WELL,Welltower Inc.,simfin,2026-02-25 03:44:31+00:00,2024-12-31,2025-02-12,2024.0,FY,2026-02-23,209.54,7991118000.0,3160907000.0,1293323000.0,951680000.0,51044308000.0,18471722000.0,32572586000.0,15500257000.0,3506586000.0,2.209222386937084,1.563334702258727,134.03399777236044,2026-03-09T02:16:04+00:00
WST,WEST PHARMACEUTICAL SERVICES INC,simfin,2026-02-25 03:44:31+00:00,2024-12-31,2025-02-18,2024.0,FY,2026-02-23,244.22,2893200000.0,998500000.0,569900000.0,492700000.0,3643400000.0,961100000.0,2682300000.0,202600000.0,484600000.0,2.794513081395349,6.685210312075983,36.53138623909073,2026-03-09T02:16:04+00:00
WDC,WESTERN DIGITAL CORP,simfin,2026-02-25 03:44:31+00:00,2024-06-30,2024-08-20,2024.0,FY,2026-02-23,280.42,6317000000.0,1773000000.0,97000000.0,-798000000.0,24188000000.0,13141000000.0,11047000000.0,7434000000.0,1551000000.0,1.3241333990471498,-1.8502288440938748,-151.5596305263158,2026-03-09T02:16:04+00:00
WY,WEYERHAEUSER CO,simfin,2026-02-25 03:44:31+00:00,2024-12-31,2025-02-14,2024.0,FY,2026-02-23,25.13,7124000000.0,1313000000.0,685000000.0,396000000.0,16536000000.0,6815000000.0,9721000000.0,5076000000.0,684000000.0,1.789150460593654,0.5432419196194014,46.2593166919192,2026-03-09T02:16:04+00:00
WSM,WILLIAMS SONOMA INC,simfin,2026-02-25 03:44:31+00:00,2025-01-31,2025-03-27,2024.0,FY,2026-02-23,201.88,7711541000.0,3582299000.0,1430184000.0,1125251000.0,5301607000.0,3159188000.0,2142419000.0,0.0,1212977000.0,1.641804059377969,8.788208464476222,22.97168994295495,2026-03-09T02:16:04+00:00
WMB,WILLIAMS COMPANIES INC,simfin,2026-02-25 03:44:31+00:00,2023-12-31,2024-02-21,2023.0,FY,2026-02-23,72.98,10907000000.0,8872000000.0,4152000000.0,3179000000.0,52627000000.0,37736000000.0,14891000000.0,26438000000.0,2150000000.0,0.7740994854202401,2.597498190502284,28.09626596347607,2026-03-09T02:16:04+00:00
WTW,Willis Towers Watson,simfin,2026-02-25 03:44:31+00:00,2024-12-31,2025-02-25,2024.0,FY,2026-02-23,291.52,9930000000.0,4428000000.0,2139000000.0,-98000000.0,27681000000.0,19664000000.0,8017000000.0,5309000000.0,1890000000.0,1.198999841244642,-0.9607843137254902,-303.41877551020406,2026-03-09T02:16:04+00:00
WDAY,"Workday, Inc.",simfin,2026-02-25 03:44:31+00:00,2025-01-31,2025-03-11,2024.0,FY,2026-02-23,129.21,8446000000.0,6377000000.0,499000000.0,526000000.0,17977000000.0,8943000000.0,9034000000.0,2984000000.0,8017000000.0,1.9352174710956136,1.953901301981761,66.1292358365019,2026-03-09T02:16:04+00:00
WYNN,Wynn Resorts Ltd,simfin,2026-02-25 03:44:31+00:00,2024-12-31,2025-02-13,2024.0,FY,2026-02-23,107.25,7127961000.0,,1132731000.0,501078000.0,12977963000.0,13946566000.0,-968603000.0,10541734000.0,2426155000.0,1.9598898108128824,4.544224473323841,23.601386909822423,2026-03-09T02:16:04+00:00
XEL,Xcel Energy Inc,simfin,2026-02-25 03:44:31+00:00,2024-12-31,2025-02-27,2024.0,FY,2026-02-23,83.35,13441000000.0,8688000000.0,2386000000.0,1936000000.0,70035000000.0,50513000000.0,19522000000.0,29114000000.0,179000000.0,0.6696082984982196,3.438721136767318,24.238662190082643,2026-03-09T02:16:04+00:00
XYL,Xylem Inc.,simfin,2026-02-25 03:44:31+00:00,2024-12-31,2025-03-03,2024.0,FY,2026-02-23,127.26,8562000000.0,3212000000.0,1071000000.0,890000000.0,16493000000.0,5611000000.0,10879000000.0,2016000000.0,1121000000.0,1.7542808219178083,3.655030800821356,34.81776404494382,2026-03-09T02:16:04+00:00
YUM,YUM BRANDS INC,simfin,2026-02-25 03:44:31+00:00,2024-12-31,2025-02-19,2024.0,FY,2026-02-23,166.45,7549000000.0,5429000000.0,2403000000.0,1486000000.0,6727000000.0,14375000000.0,-7648000000.0,11333000000.0,616000000.0,1.4743892828999212,5.2140350877192985,31.92345222072678,2026-03-09T02:16:04+00:00
ZBRA,ZEBRA TECHNOLOGIES CORP,simfin,2026-02-25 03:44:31+00:00,2024-12-31,2025-02-13,2024.0,FY,2026-02-23,231.32,4981000000.0,2413000000.0,765000000.0,528000000.0,7968000000.0,4382000000.0,3586000000.0,2171000000.0,901000000.0,1.431924882629108,10.177389391293618,22.728814935378782,2026-03-09T02:16:04+00:00
ZBH,Zimmer Biomet Holdings,simfin,2026-02-25 03:44:31+00:00,2024-12-31,2025-02-25,2024.0,FY,2026-02-23,99.46,7678600000.0,5487400000.0,1528300000.0,903700000.0,21365400000.0,8889100000.0,12476200000.0,6204600000.0,525500000.0,1.906075319270472,4.432074546346248,22.44095828261591,2026-03-09T02:16:04+00:00
ZTS,Zoetis,simfin,2026-02-25 03:44:31+00:00,2024-12-31,2025-02-13,2024.0,FY,2026-02-23,125.79,9256000000.0,6537000000.0,3392000000.0,2486000000.0,14237000000.0,9467000000.0,4770000000.0,6570000000.0,1987000000.0,1.6248642779587406,5.465562121851695,23.015016057924377,2026-03-09T02:16:04+00:00
