ticker,company_name,source,fetched_at_utc,report_date,publish_date,fiscal_year,fiscal_period,price_date,close,revenue,gross_profit,operating_income,net_income,total_assets,total_liabilities,total_equity,total_debt_simple,cash_and_equivalents,current_ratio_simple,eps_simple,pe_simple,storage_built_at_utc
MMM,3M CO,simfin,2026-04-15 23:13:34+00:00,2025-03-31,2025-04-22,2025.0,Q1,2026-04-13,152.79,5954000000.0,2476000000.0,1246000000.0,1116000000.0,39951000000.0,35428000000.0,4523000000.0,13476000000.0,7024000000.0,1.656650089937573,2.0376118312945044,74.98484139784945,2026-04-15T23:15:00+00:00
AOS,Smith A O Corp,simfin,2026-04-15 23:13:34+00:00,2025-03-31,2025-04-29,2025.0,Q1,2026-04-14,66.93,963900000.0,375400000.0,182800000.0,136600000.0,3267700000.0,1412600000.0,1855100000.0,269800000.0,200200000.0,1.6121754903072214,0.945932807470404,70.75555416983894,2026-04-15T23:15:00+00:00
ABT,ABBOTT LABORATORIES,simfin,2026-04-15 23:13:34+00:00,2025-03-31,2025-04-30,2025.0,Q1,2026-04-14,101.05,10358000000.0,5890000000.0,1693000000.0,1325000000.0,81448000000.0,32384000000.0,49064000000.0,13242000000.0,6844000000.0,1.7804521685635188,0.7583475463879763,133.25024981132074,2026-04-15T23:15:00+00:00
ABBV,AbbVie Inc.,simfin,2026-04-15 23:13:34+00:00,2025-03-31,2025-05-09,2025.0,Q1,2026-04-14,210.26,13343000000.0,9341000000.0,3981000000.0,1286000000.0,136165000000.0,134703000000.0,1462000000.0,69889000000.0,5176000000.0,0.7602395406971952,0.7257336343115124,289.7206220839813,2026-04-15T23:15:00+00:00
ACN,Accenture plc,simfin,2026-04-15 23:13:34+00:00,2025-02-28,2025-03-20,2025.0,Q2,2026-04-14,190.37,16659301000.0,4974988000.0,2244714000.0,1788075000.0,59869756000.0,29687808000.0,30181948000.0,5157290000.0,8495500000.0,1.3363780765674322,2.8193649158736007,67.52229870215736,2026-04-15T23:15:00+00:00
ADBE,Adobe Systems,simfin,2026-04-15 23:13:34+00:00,2025-02-28,2025-03-26,2025.0,Q1,2026-04-13,240.11,5714000000.0,5092000000.0,2163000000.0,1811000000.0,29955000000.0,16860000000.0,13095000000.0,6155000000.0,7435000000.0,1.107766098581488,4.134703196347032,58.07188293760354,2026-04-15T23:15:00+00:00
AMD,ADVANCED MICRO DEVICES INC,simfin,2026-04-15 23:13:34+00:00,2025-03-31,2025-05-07,2025.0,Q1,2026-04-14,255.07,7438000000.0,3736000000.0,806000000.0,709000000.0,71550000000.0,13669000000.0,57881000000.0,4164000000.0,7310000000.0,2.803453200051928,0.4360393603936039,584.9701269393512,2026-04-15T23:15:00+00:00
A,AGILENT TECHNOLOGIES INC,simfin,2026-04-15 23:13:34+00:00,2025-01-31,2025-03-03,2025.0,Q1,2026-04-14,120.39,1681000000.0,899000000.0,376000000.0,318000000.0,11914000000.0,5887000000.0,6027000000.0,3363000000.0,1467000000.0,2.197431781701445,1.10801393728223,108.6538679245283,2026-04-15T23:15:00+00:00
APD,AIR PRODUCTS & CHEMICALS INC /DE/,simfin,2026-04-15 23:13:34+00:00,2024-09-30,2024-11-21,2024.0,FY,2026-04-14,296.63,12100600000.0,3931900000.0,2832300000.0,3828200000.0,39574600000.0,20900900000.0,18673700000.0,14227900000.0,2984700000.0,1.8143363001244133,17.18222621184919,17.26376991797712,2026-04-15T23:15:00+00:00
ABNB,"Airbnb, Inc.",simfin,2026-04-15 23:13:34+00:00,2025-03-31,2025-05-01,2025.0,Q1,2026-04-14,133.85,2272000000.0,1766000000.0,38000000.0,154000000.0,25056000000.0,17119000000.0,7937000000.0,1996000000.0,11492000000.0,1.2728631201434548,0.231578947368421,577.9886363636364,2026-04-15T23:15:00+00:00
AKAM,AKAMAI TECHNOLOGIES INC,simfin,2026-04-15 23:13:34+00:00,2025-03-31,2025-05-09,2025.0,Q1,2026-04-14,88.84,1015139000.0,596194000.0,154944000.0,123171000.0,9982190000.0,5397629000.0,4584561000.0,3547714000.0,1344250000.0,3.828528230312861,0.8153564052322194,108.95848665676176,2026-04-15T23:15:00+00:00
ALB,ALBEMARLE CORP,simfin,2026-04-15 23:13:34+00:00,2025-03-31,2025-04-30,2025.0,Q1,2026-04-14,189.86,1076881000.0,156299000.0,18698000.0,41348000.0,16999258000.0,6724916000.0,10274342000.0,3539132000.0,1518511000.0,2.112372344479742,0.3515896703315391,540.0044882461062,2026-04-15T23:15:00+00:00
ARE,Alexandria Real Estate Equities Inc,simfin,2026-04-15 23:13:34+00:00,2025-03-31,2025-04-28,2025.0,Q1,2026-04-14,45.39,758158000.0,531763000.0,159026000.0,-8939000.0,37600428000.0,15600870000.0,21999558000.0,13090834000.0,476430000.0,0.1843885565589552,-0.068020548668207,-667.298351582033,2026-04-15T23:15:00+00:00
ALGN,Align Technology Inc,simfin,2026-04-15 23:13:34+00:00,2025-03-31,2025-05-08,2025.0,Q1,2026-04-14,184.69,979262000.0,680108000.0,135278000.0,93230000.0,6102820000.0,2308577000.0,3794243000.0,0.0,873012000.0,1.1488954331240442,1.2664538477212524,145.83239676069937,2026-04-15T23:15:00+00:00
ALLE,Allegion plc,simfin,2026-04-15 23:13:34+00:00,2025-03-31,2025-04-24,2025.0,Q1,2026-04-14,147.02,941900000.0,422500000.0,196400000.0,148200000.0,4564100000.0,2957200000.0,1606900000.0,1997000000.0,494500000.0,2.1738548483045808,1.7093425605536332,86.00967611336033,2026-04-15T23:15:00+00:00
LNT,ALLIANT ENERGY CORP,simfin,2026-04-15 23:13:34+00:00,2024-12-31,2025-02-21,2024.0,FY,2026-04-14,72.3,3981000000.0,2516000000.0,946000000.0,690000000.0,22714000000.0,15710000000.0,7004000000.0,10406000000.0,81000000.0,0.4360957642725598,2.686915887850468,26.90817391304348,2026-04-15T23:15:00+00:00
GOOG,Alphabet (Google),simfin,2026-04-15 23:13:34+00:00,2025-03-31,2025-04-25,2025.0,Q1,2026-04-13,319.21,90234000000.0,53873000000.0,30606000000.0,34540000000.0,475374000000.0,130107000000.0,345267000000.0,10886000000.0,95328000000.0,1.7680843171056364,2.7205419029615627,117.33324145917776,2026-04-15T23:15:00+00:00
MO,"ALTRIA GROUP, INC.",simfin,2026-04-15 23:13:34+00:00,2023-12-31,2024-02-27,2023.0,FY,2026-04-14,65.62,24483000000.0,18265000000.0,11547000000.0,8130000000.0,38570000000.0,42060000000.0,-3490000000.0,26233000000.0,3686000000.0,0.493418146479371,4.57512661789533,14.342772447724476,2026-04-15T23:15:00+00:00
AMZN,AMAZON COM INC,simfin,2026-04-15 23:13:34+00:00,2025-03-31,2025-05-02,2025.0,Q1,2026-04-14,249.02,155667000000.0,78691000000.0,18405000000.0,17127000000.0,643256000000.0,337389000000.0,305867000000.0,53374000000.0,94565000000.0,1.0481009927854188,1.5868618549059577,156.92607345127576,2026-04-15T23:15:00+00:00
AMCR,Amcor plc,simfin,2026-04-15 23:13:34+00:00,2025-03-31,2025-05-01,2025.0,Q3,2026-04-14,41.01,3333000000.0,654000000.0,324000000.0,196000000.0,18042000000.0,14183000000.0,3859000000.0,8797000000.0,2045000000.0,1.701015228426396,0.677731673582296,60.51067346938775,2026-04-15T23:15:00+00:00
AEE,AMEREN CORP,simfin,2026-04-15 23:13:34+00:00,2025-03-31,2025-05-05,2025.0,Q1,2026-04-14,111.86,2097000000.0,1426000000.0,430000000.0,289000000.0,45665000000.0,33317000000.0,12348000000.0,19623000000.0,23000000.0,0.857492141110723,1.0648489314664702,105.04776470588234,2026-04-15T23:15:00+00:00
AEP,AMERICAN ELECTRIC POWER CO INC,simfin,2026-04-15 23:13:34+00:00,2024-09-30,2024-11-06,2024.0,Q3,2026-04-14,135.46,5420100000.0,3760900000.0,1351500000.0,959600000.0,100119100000.0,73394500000.0,26724600000.0,39147700000.0,245800000.0,0.565460761110485,1.7983479868646834,75.32468742947061,2026-04-15T23:15:00+00:00
AMT,AMERICAN TOWER CORP /MA/,simfin,2026-04-15 23:13:34+00:00,2021-12-31,2022-02-25,2021.0,FY,2026-04-14,176.41,9356900000.0,6674900000.0,3132000000.0,2567700000.0,69887900000.0,60818300000.0,9069600000.0,43254200000.0,1949900000.0,0.4113021516879335,5.618882350752883,31.395923421739298,2026-04-15T23:15:00+00:00
AWK,"American Water Works Company, Inc.",simfin,2026-04-15 23:13:34+00:00,2024-12-31,2025-02-19,2024.0,FY,2026-04-14,133.39,4684000000.0,,1718000000.0,1051000000.0,32830000000.0,22498000000.0,10335000000.0,14037000000.0,96000000.0,0.3857142857142857,5.38974358974359,24.748858230256893,2026-04-15T23:15:00+00:00
AMP,AMERIPRISE FINANCIAL INC,simfin,2026-04-15 23:13:34+00:00,2025-03-31,2025-05-02,2025.0,Q1,2026-04-14,461.99,4481000000.0,,1511000000.0,583000000.0,179059000000.0,173633000000.0,5426000000.0,6177000000.0,10360000000.0,0.5578621992405884,5.83,79.24356775300171,2026-04-15T23:15:00+00:00
AME,AMETEK INC/,simfin,2026-04-15 23:13:34+00:00,2025-03-31,2025-05-01,2025.0,Q1,2026-04-14,234.36,1731971000.0,625000000.0,454829000.0,351758000.0,14877096000.0,4907150000.0,9969946000.0,1930966000.0,399001000.0,1.4067327402641143,1.5191973810367017,154.26566878365242,2026-04-15T23:15:00+00:00
AMGN,AMGEN INC,simfin,2026-04-15 23:13:34+00:00,2025-03-31,2025-05-02,2025.0,Q1,2026-04-14,350.95,8149000000.0,5181000000.0,1178000000.0,1730000000.0,89367000000.0,83160000000.0,6207000000.0,57381000000.0,8810000000.0,1.1704189847009736,3.1977818853974123,109.7479479768786,2026-04-15T23:15:00+00:00
APH,AMPHENOL CORP /DE/,simfin,2026-04-15 23:13:34+00:00,2025-03-31,2025-04-25,2025.0,Q1,2026-04-14,148.72,4811000000.0,1644000000.0,1068800000.0,737800000.0,22902100000.0,12529700000.0,10372400000.0,7166900000.0,1671700000.0,1.9893705075147023,0.582688358869057,255.2307725670913,2026-04-15T23:15:00+00:00
ADI,ANALOG DEVICES INC,simfin,2026-04-15 23:13:34+00:00,2025-01-31,2025-02-19,2025.0,Q1,2026-04-14,348.6,2423174000.0,1430303000.0,555200000.0,391316000.0,47967546000.0,12897011000.0,35070535000.0,7566814000.0,2721454000.0,1.9296814940174944,0.7847225007419766,444.233470647763,2026-04-15T23:15:00+00:00
AON,Aon plc,simfin,2026-04-15 23:13:34+00:00,2025-03-31,2025-04-25,2025.0,Q1,2026-04-14,323.02,4729000000.0,2398000000.0,1660000000.0,965000000.0,50304000000.0,43030000000.0,7272000000.0,17632000000.0,1330000000.0,1.0463292332747611,4.4286369894447,72.93892020725389,2026-04-15T23:15:00+00:00
APA,APACHE CORP,simfin,2026-04-15 23:13:34+00:00,2024-06-30,2024-08-02,2024.0,Q2,2026-04-14,37.03,1893000000.0,1441000000.0,815000000.0,464000000.0,17285000000.0,10809000000.0,6476000000.0,4816000000.0,151000000.0,1.5167848699763593,1.5064935064935066,24.58025862068965,2026-04-15T23:15:00+00:00
APO,Apollo Global Management LLC,simfin,2026-04-15 23:13:34+00:00,2022-12-31,2023-03-01,2022.0,FY,2026-04-14,114.82,3551356000.0,1608167000.0,960108000.0,933867000.0,13793947000.0,9295046000.0,4498901000.0,2864107000.0,9325364000.0,3.230512604015161,1.53553140510012,74.77541626217244,2026-04-15T23:15:00+00:00
AAPL,APPLE INC,simfin,2026-04-15 23:13:34+00:00,2025-03-31,2025-05-02,2025.0,Q2,2026-04-14,258.83,95359000000.0,44867000000.0,29589000000.0,24780000000.0,331233000000.0,264437000000.0,66796000000.0,98186000000.0,48498000000.0,0.9063719612320804,1.6458409340565734,157.2630712021792,2026-04-15T23:15:00+00:00
AMAT,APPLIED MATERIALS INC /DE,simfin,2026-04-15 23:13:34+00:00,2025-01-31,2025-02-20,2025.0,Q1,2026-04-14,395.64,7166000000.0,3496000000.0,2175000000.0,1185000000.0,33338000000.0,14713000000.0,18625000000.0,6260000000.0,8213000000.0,2.4577197149643704,1.4468864468864469,273.4423291139241,2026-04-15T23:15:00+00:00
APP,AppLovin Corporation,simfin,2026-04-15 23:13:34+00:00,2025-03-31,2025-05-07,2025.0,Q1,2026-04-14,433.51,1484021000.0,1212789000.0,852414000.0,576419000.0,5706701000.0,5131280000.0,575421000.0,3709964000.0,551024000.0,1.679884816040601,1.670955425679762,259.43839873744304,2026-04-15T23:15:00+00:00
APTV,Aptiv PLC,simfin,2026-04-15 23:13:34+00:00,2025-03-31,2025-05-01,2025.0,Q1,2026-04-14,59.07,4825000000.0,920000000.0,485000000.0,-11000000.0,23102000000.0,13848000000.0,9254000000.0,7887000000.0,1100000000.0,1.6141009595327491,-0.0477161323905782,-1237.9461,2026-04-15T23:15:00+00:00
ADM,ARCHER DANIELS MIDLAND CO,simfin,2026-04-15 23:13:34+00:00,2025-03-31,2025-05-06,2025.0,Q1,2026-04-14,68.84,20175000000.0,1180000000.0,248000000.0,295000000.0,53402000000.0,31020000000.0,22382000000.0,11065000000.0,897000000.0,1.382281493232859,0.6107660455486542,112.71091525423728,2026-04-15T23:15:00+00:00
ARES,Ares Management Corporation,simfin,2026-04-15 23:13:34+00:00,2020-12-31,2021-02-25,2020.0,FY,2026-04-14,112.61,1764046000.0,,333679000.0,296400000.0,15168992000.0,12697218000.0,2471774000.0,764907000.0,1062189000.0,2.0790722297022897,1.017614396741515,110.66077716725164,2026-04-15T23:15:00+00:00
ANET,"Arista Networks, Inc.",simfin,2026-04-15 23:13:34+00:00,2025-03-31,2025-05-07,2025.0,Q1,2026-04-14,154.37,2004800000.0,1276100000.0,858800000.0,813800000.0,14514600000.0,4395500000.0,10119100000.0,0.0,8149600000.0,3.93269477191184,0.6361788617886179,242.6518849840256,2026-04-15T23:15:00+00:00
AJG,GALLAGHER ARTHUR J & CO,simfin,2026-04-15 23:13:34+00:00,2025-03-31,2025-05-02,2025.0,Q1,2026-04-14,219.91,3727400000.0,,1046900000.0,704400000.0,74095700000.0,51742000000.0,22353700000.0,12934800000.0,16691800000.0,1.4428961010908306,2.7645211930926217,79.54722884724588,2026-04-15T23:15:00+00:00
T,AT&T INC.,simfin,2026-04-15 23:13:34+00:00,2024-12-31,2025-02-12,2024.0,FY,2026-04-14,25.62,122336000000.0,95364000000.0,24124000000.0,10948000000.0,394795000000.0,274570000000.0,120225000000.0,123532000000.0,3298000000.0,0.6649598907663424,1.491671293725708,17.17536571747627,2026-04-15T23:15:00+00:00
ATO,Atmos Energy Corp,simfin,2026-04-15 23:13:34+00:00,2025-03-31,2025-05-07,2025.0,Q2,2026-04-14,188.16,1950502000.0,1171269000.0,628939000.0,485576000.0,26980381000.0,13842416000.0,13137965000.0,8506464000.0,545120000.0,0.92205741582435,3.026791168513832,62.16484373198016,2026-04-15T23:15:00+00:00
ADSK,AUTODESK INC,simfin,2026-04-15 23:13:34+00:00,2025-01-31,2025-03-06,2024.0,FY,2026-04-14,228.59,6131000000.0,5553000000.0,1369000000.0,1112000000.0,10833000000.0,8212000000.0,2621000000.0,2287000000.0,1886000000.0,0.6836834871392107,5.124423963133641,44.60794064748202,2026-04-15T23:15:00+00:00
ADP,AUTOMATIC DATA PROCESSING INC,simfin,2026-04-15 23:13:34+00:00,2025-03-31,2025-05-01,2025.0,Q3,2026-04-14,195.08,5553000000.0,3018300000.0,1633000000.0,1249500000.0,56448600000.0,50593300000.0,5855300000.0,3983200000.0,2680600000.0,1.0150811204613768,3.05875152998776,63.77765506202482,2026-04-15T23:15:00+00:00
AZO,AUTOZONE INC,simfin,2026-04-15 23:13:34+00:00,2025-02-28,2025-03-21,2025.0,Q2,2026-04-14,3508.5,3952012000.0,2128401000.0,706767000.0,487923000.0,18116279000.0,22574052000.0,-4457773000.0,9052099000.0,300905000.0,0.8419442565987261,28.293592345607426,124.00334171580351,2026-04-15T23:15:00+00:00
AVB,AVALONBAY COMMUNITIES INC,simfin,2026-04-15 23:13:34+00:00,2025-03-31,2025-05-08,2025.0,Q1,2026-04-14,171.0,745880000.0,,239351000.0,236597000.0,21215714000.0,9299431000.0,11916283000.0,8303437000.0,53255000.0,0.3595535690703073,1.6604864579576692,102.98186966867712,2026-04-15T23:15:00+00:00
AVY,Avery Dennison Corp,simfin,2026-04-15 23:13:34+00:00,2025-03-31,2025-04-29,2025.0,Q1,2026-04-14,170.85,2148300000.0,621500000.0,274500000.0,166300000.0,8354700000.0,6184200000.0,2170500000.0,3459100000.0,195900000.0,1.0262801408832294,2.0944584382871536,81.5723992784125,2026-04-15T23:15:00+00:00
AXON,"AXON ENTERPRISE, INC.",simfin,2026-04-15 23:13:34+00:00,2022-12-31,2023-02-28,2022.0,FY,2026-04-14,380.86,1187143000.0,726113000.0,92973000.0,146930000.0,2851894000.0,1583403000.0,1268491000.0,673967000.0,974693000.0,2.995586131825317,2.025670719938236,188.0167374940448,2026-04-15T23:15:00+00:00
BKR,Baker Hughes Company,simfin,2026-04-15 23:13:34+00:00,2025-03-31,2025-04-23,2025.0,Q1,2026-04-14,61.49,6427000000.0,1475000000.0,752000000.0,402000000.0,38110000000.0,20904000000.0,17206000000.0,6024000000.0,3277000000.0,1.3372240749563284,0.4024024024024024,152.80723880597017,2026-04-15T23:15:00+00:00
BALL,BALL CORP,simfin,2026-04-15 23:13:34+00:00,2025-03-31,2025-05-06,2025.0,Q1,2026-04-14,63.51,3097000000.0,604000000.0,305000000.0,179000000.0,18039000000.0,12470000000.0,5569000000.0,6717000000.0,449000000.0,1.040247678018576,0.6279225585564095,101.14304564245808,2026-04-15T23:15:00+00:00
BAX,BAXTER INTERNATIONAL INC,simfin,2026-04-15 23:13:34+00:00,2025-03-31,2025-05-06,2025.0,Q1,2026-04-14,17.59,2625000000.0,861000000.0,58000000.0,126000000.0,21304000000.0,14250000000.0,7054000000.0,10074000000.0,2294000000.0,2.0209709853490376,0.245136186770428,71.75603174603175,2026-04-15T23:15:00+00:00
BDX,BECTON DICKINSON & CO,simfin,2026-04-15 23:13:34+00:00,2025-03-31,2025-05-01,2025.0,Q2,2026-04-14,155.73,5272000000.0,2257000000.0,637000000.0,308000000.0,54467000000.0,29226000000.0,25241000000.0,19270000000.0,683000000.0,1.12664152905994,0.8415266885380546,185.0565194438961,2026-04-15T23:15:00+00:00
BBY,BEST BUY CO INC,simfin,2026-04-15 23:13:34+00:00,2025-01-31,2025-03-19,2024.0,FY,2026-04-14,62.06,41528000000.0,9385000000.0,1734000000.0,927000000.0,14782000000.0,11974000000.0,2808000000.0,1154000000.0,1578000000.0,1.0259481037924152,4.2797783933518,14.50075080906149,2026-04-15T23:15:00+00:00
TECH,BIO-TECHNE Corp,simfin,2026-04-15 23:13:34+00:00,2025-03-31,2025-05-08,2025.0,Q3,2026-04-14,58.66,316181000.0,214556000.0,38708000.0,22588000.0,2644259000.0,626234000.0,2018025000.0,330000000.0,140670000.0,3.707004562539893,0.1421129454399033,412.7702780237294,2026-04-15T23:15:00+00:00
BIIB,BIOGEN INC.,simfin,2026-04-15 23:13:34+00:00,2025-03-31,2025-05-01,2025.0,Q1,2026-04-14,178.96,2431000000.0,1801700000.0,795100000.0,240500000.0,28033100000.0,11054400000.0,16978700000.0,6297800000.0,2598300000.0,0.774519860655488,1.640518417462483,109.0874677754678,2026-04-15T23:15:00+00:00
BLK,"BlackRock, Inc.",simfin,2026-04-15 23:13:34+00:00,2024-06-30,2024-08-06,2024.0,Q2,2026-04-13,1023.65,4805000000.0,2912000000.0,1800000000.0,1495000000.0,125271000000.0,83032000000.0,42239000000.0,9857000000.0,10228000000.0,1.2475317945504734,9.986639946559784,102.50194314381272,2026-04-15T23:15:00+00:00
BX,Blackstone Group L.P.,simfin,2026-04-15 23:13:34+00:00,2025-03-31,2025-05-02,2025.0,Q1,2026-04-14,126.33,3289458000.0,1961177000.0,1616700000.0,614852000.0,45255629000.0,25390726000.0,19864903000.0,0.0,32646408000.0,1.6077401560857267,0.7959923058962084,158.70756421164768,2026-04-15T23:15:00+00:00
BA,BOEING CO,simfin,2026-04-15 23:13:34+00:00,2025-03-31,2025-04-23,2025.0,Q1,2026-04-14,223.77,19496000000.0,2417000000.0,461000000.0,-37000000.0,156494000000.0,159819000000.0,-3325000000.0,53618000000.0,23674000000.0,1.2316167248731356,-0.1632598885054419,-1370.6367317073173,2026-04-15T23:15:00+00:00
BKNG,Booking Holdings Inc.,simfin,2026-04-15 23:13:34+00:00,2025-03-31,2025-04-29,2025.0,Q1,2026-04-14,181.12,4762000000.0,,1094000000.0,333000000.0,27191000000.0,33303000000.0,-6112000000.0,16024000000.0,15578000000.0,1.2169086251067465,0.4025020397062823,449.9852972972973,2026-04-15T23:15:00+00:00
BSX,BOSTON SCIENTIFIC CORP,simfin,2026-04-15 23:13:34+00:00,2025-03-31,2025-05-01,2025.0,Q1,2026-04-14,63.82,4663000000.0,3210000000.0,937000000.0,675000000.0,40140000000.0,17694000000.0,22445000000.0,11309000000.0,725000000.0,1.4501779359430604,0.4520795660036166,141.16984,2026-04-15T23:15:00+00:00
BMY,BRISTOL MYERS SQUIBB CO,simfin,2026-04-15 23:13:34+00:00,2025-03-31,2025-04-24,2025.0,Q1,2026-04-14,58.08,11201000000.0,8168000000.0,3497000000.0,2455000000.0,92426000000.0,74980000000.0,17447000000.0,49711000000.0,12126000000.0,1.2931865392604902,1.2034313725490196,48.26199592668024,2026-04-15T23:15:00+00:00
AVGO,Broadcom Inc.,simfin,2026-04-15 23:13:34+00:00,2025-01-31,2025-03-12,2025.0,Q1,2026-04-13,379.75,14916000000.0,11643000000.0,6446000000.0,5503000000.0,165358000000.0,95569000000.0,69789000000.0,66579000000.0,9307000000.0,1.0038259206121474,1.1379239040529363,333.7217881155733,2026-04-15T23:15:00+00:00
BR,"BROADRIDGE FINANCIAL SOLUTIONS, INC.",simfin,2026-04-15 23:13:34+00:00,2025-03-31,2025-05-01,2025.0,Q3,2026-04-14,158.61,1811700000.0,575800000.0,344900000.0,243200000.0,8299700000.0,5917300000.0,2382400000.0,3433600000.0,317200000.0,0.9802836795950798,2.052320675105485,77.28324424342107,2026-04-15T23:15:00+00:00
BRO,BROWN & BROWN INC,simfin,2026-04-15 23:13:34+00:00,2024-12-31,2025-02-13,2024.0,FY,2026-04-14,66.54,4805000000.0,2399000000.0,1467000000.0,993000000.0,17612000000.0,11175000000.0,6437000000.0,3824000000.0,675000000.0,1.096610706366804,3.4964788732394365,19.03057401812689,2026-04-15T23:15:00+00:00
BLDR,"Builders FirstSource, Inc.",simfin,2026-04-15 23:13:34+00:00,2025-03-31,2025-05-01,2025.0,Q1,2026-04-14,87.77,3657496000.0,1115241000.0,184441000.0,96304000.0,11447615000.0,7073455000.0,4374160000.0,4479504000.0,115371000.0,1.8209742563792843,0.8422672928746971,104.20682453480644,2026-04-15T23:15:00+00:00
BG,Bunge LTD,simfin,2026-04-15 23:13:34+00:00,2023-09-30,2023-10-26,2023.0,Q3,2026-04-14,122.33,14227000000.0,1045000000.0,598000000.0,373000000.0,25133000000.0,13987000000.0,11146000000.0,5994000000.0,2173000000.0,2.0162522741055184,2.466656230440342,49.59345306831099,2026-04-15T23:15:00+00:00
BXP,BOSTON PROPERTIES INC,simfin,2026-04-15 23:13:34+00:00,2024-12-31,2025-02-27,2024.0,FY,2026-04-14,55.03,3407719000.0,2085593000.0,1021931000.0,14272000.0,26084980000.0,18137324000.0,7947656000.0,12314775000.0,1254882000.0,0.251265835205919,0.0904476117445007,608.4184970571749,2026-04-15T23:15:00+00:00
CHRW,C. H. Robinson Worldwide,simfin,2026-04-15 23:13:34+00:00,2025-03-31,2025-05-02,2025.0,Q1,2026-04-14,168.51,4046740000.0,673088000.0,176853000.0,135302000.0,5226114000.0,3491389000.0,1734725000.0,1389941000.0,129942000.0,1.291760277286253,1.109651281041892,151.8585188689007,2026-04-15T23:15:00+00:00
CDNS,CADENCE DESIGN SYSTEMS INC,simfin,2026-04-15 23:13:34+00:00,2025-03-31,2025-04-30,2025.0,Q1,2026-04-14,292.37,1242366000.0,1075233000.0,361411000.0,273579000.0,9013486000.0,4237229000.0,4776257000.0,2477159000.0,2777674000.0,3.073638091987266,0.999809963052432,292.4255716630297,2026-04-15T23:15:00+00:00
CPT,Camden Property Trust,simfin,2026-04-15 23:13:34+00:00,2023-09-30,2023-10-27,2023.0,Q3,2026-04-14,101.78,391855000.0,251750000.0,83513000.0,47963000.0,9214464000.0,4279485000.0,4934979000.0,3653128000.0,14600000.0,0.0591043333274207,0.4412175960848527,230.67982986885724,2026-04-15T23:15:00+00:00
CPB,CAMPBELL SOUP CO,simfin,2026-04-15 23:13:34+00:00,2025-01-31,2025-03-05,2025.0,Q2,2026-04-14,20.0,2685000000.0,819000000.0,332000000.0,173000000.0,15910000000.0,11998000000.0,3912000000.0,7675000000.0,829000000.0,0.932024611778494,0.5785953177257525,34.56647398843931,2026-04-15T23:15:00+00:00
CAH,CARDINAL HEALTH INC,simfin,2026-04-15 23:13:34+00:00,2025-03-31,2025-05-01,2025.0,Q3,2026-04-14,214.95,54878000000.0,2123000000.0,656000000.0,506000000.0,49871000000.0,51769000000.0,-1898000000.0,7679000000.0,3326000000.0,0.9436200971032676,2.099585062240664,102.37737154150196,2026-04-15T23:15:00+00:00
CCL,CARNIVAL CORP,simfin,2026-04-15 23:13:34+00:00,2025-02-28,2025-03-25,2025.0,Q1,2026-04-14,28.69,5810000000.0,2902000000.0,542000000.0,-79000000.0,48535000000.0,39352000000.0,9183000000.0,27018000000.0,833000000.0,0.2571255830022456,-0.0641233766233766,-447.4187341772152,2026-04-15T23:15:00+00:00
CARR,Carrier Global Corp,simfin,2026-04-15 23:13:34+00:00,2025-03-31,2025-05-01,2025.0,Q1,2026-04-14,64.66,5218000000.0,1445000000.0,563000000.0,410000000.0,36447000000.0,22249000000.0,14198000000.0,11184000000.0,1698000000.0,1.204393096562545,0.4668108846635546,138.51433658536584,2026-04-15T23:15:00+00:00
CVNA,CARVANA CO.,simfin,2026-04-15 23:13:34+00:00,2025-03-31,2025-05-07,2025.0,Q1,2026-04-14,374.21,4232000000.0,929000000.0,394000000.0,216000000.0,8878000000.0,7105000000.0,1773000000.0,5641000000.0,1858000000.0,3.81365998515219,1.5148646089755728,247.02537625,2026-04-15T23:15:00+00:00
CAT,CATERPILLAR INC,simfin,2026-04-15 23:13:34+00:00,2025-03-31,2025-05-07,2025.0,Q1,2026-04-14,794.25,14249000000.0,5284000000.0,2905000000.0,2003000000.0,84974000000.0,66904000000.0,18070000000.0,20655000000.0,3562000000.0,1.3198036508666973,4.198281282749948,189.18456065901148,2026-04-15T23:15:00+00:00
CBOE,"CBOE Holdings, Inc.",simfin,2026-04-15 23:13:34+00:00,2025-03-31,2025-05-02,2025.0,Q1,2026-04-14,300.75,1195000000.0,565200000.0,354100000.0,250600000.0,8667300000.0,4215200000.0,4452100000.0,1441500000.0,1153100000.0,1.602507269173936,2.372978116079924,126.73947473937451,2026-04-15T23:15:00+00:00
CBRE,CBRE Group,simfin,2026-04-15 23:13:34+00:00,2025-03-31,2025-04-24,2025.0,Q1,2026-04-14,147.07,8910000000.0,1645000000.0,276000000.0,163000000.0,26366000000.0,17362000000.0,9004000000.0,6649000000.0,1382000000.0,0.9965955097534044,0.5381053333002811,273.31080161944783,2026-04-15T23:15:00+00:00
CDW,CDW Corp,simfin,2026-04-15 23:13:34+00:00,2025-03-31,2025-05-07,2025.0,Q1,2026-04-14,130.04,5199100000.0,1122300000.0,361400000.0,224900000.0,15018500000.0,12695400000.0,2323100000.0,5853000000.0,688100000.0,1.3234627691775491,1.6846441947565542,77.1913739439751,2026-04-15T23:15:00+00:00
COR,"CENCORA, INC.",simfin,2026-04-15 23:13:34+00:00,2024-09-30,2024-11-26,2024.0,FY,2026-04-14,319.9,293958599000.0,9910029000.0,2929879000.0,1509120000.0,67101667000.0,66314925000.0,786742000.0,4388076000.0,3132648000.0,0.8106209840081714,7.53490044137325,42.455769985156905,2026-04-15T23:15:00+00:00
CNC,Centene Corporation,simfin,2026-04-15 23:13:34+00:00,2025-03-31,2025-04-25,2025.0,Q1,2026-04-14,37.26,46620000000.0,9419000000.0,1534000000.0,1311000000.0,87044000000.0,59025000000.0,28019000000.0,18320000000.0,17287000000.0,1.1115957246318284,2.631578947368421,14.158799999999998,2026-04-15T23:15:00+00:00
CNP,CenterPoint Energy,simfin,2026-04-15 23:13:34+00:00,2024-12-31,2025-02-20,2024.0,FY,2026-04-14,42.9,8643000000.0,6925000000.0,1990000000.0,1019000000.0,43768000000.0,33102000000.0,10666000000.0,20655000000.0,585000000.0,1.0830655129789863,1.5822981366459627,27.112463199214915,2026-04-15T23:15:00+00:00
CF,"CF Industries Holdings, Inc.",simfin,2026-04-15 23:13:34+00:00,2025-03-31,2025-05-08,2025.0,Q1,2026-04-14,118.96,1663000000.0,572000000.0,474000000.0,310000000.0,13308000000.0,6011000000.0,7297000000.0,2972000000.0,1406000000.0,1.4692028985507246,1.8364928909952607,64.77563870967741,2026-04-15T23:15:00+00:00
CRL,CHARLES RIVER LABORATORIES INTERNATIONAL INC,simfin,2026-04-15 23:13:34+00:00,2025-03-31,2025-05-07,2025.0,Q1,2026-04-14,179.31,984168000.0,317732000.0,74669000.0,25469000.0,7582366000.0,4340584000.0,3241782000.0,2510754000.0,229356000.0,1.433186655312995,0.5008357422374294,358.0215724999019,2026-04-15T23:15:00+00:00
CHTR,Charter Communications,simfin,2026-04-15 23:13:34+00:00,2025-03-31,2025-04-25,2025.0,Q1,2026-04-14,215.57,13735000000.0,,3237000000.0,1217000000.0,150954000000.0,129238000000.0,21716000000.0,93769000000.0,796000000.0,0.3633703920421299,8.41779463962031,25.60884521764996,2026-04-15T23:15:00+00:00
CVX,CHEVRON CORP,simfin,2026-04-15 23:13:34+00:00,2025-03-31,2025-05-08,2025.0,Q1,2026-04-14,187.02,47610000000.0,19000000000.0,5806000000.0,3500000000.0,256397000000.0,106317000000.0,150080000000.0,29681000000.0,4638000000.0,1.0812279424121898,1.99835449781066,93.58699880571427,2026-04-15T23:15:00+00:00
CMG,CHIPOTLE MEXICAN GRILL INC,simfin,2026-04-15 23:13:34+00:00,2025-03-31,2025-04-24,2025.0,Q1,2026-04-14,34.92,2875253000.0,1168783000.0,485418000.0,386599000.0,9044094000.0,5553222000.0,3490872000.0,0.0,725597000.0,0.8909657748974383,0.284113766325009,122.90851109288954,2026-04-15T23:15:00+00:00
CHD,Church & Dwight,simfin,2026-04-15 23:13:34+00:00,2025-03-31,2025-05-01,2025.0,Q1,2026-04-14,95.53,1467100000.0,659600000.0,295300000.0,220100000.0,8955900000.0,4404900000.0,4551000000.0,2205200000.0,1074500000.0,1.9526490066225168,0.8875,107.63943661971832,2026-04-15T23:15:00+00:00
CIEN,CIENA CORP,simfin,2026-04-15 23:13:34+00:00,2025-01-31,2025-03-12,2025.0,Q1,2026-04-14,467.19,1072260000.0,471821000.0,82207000.0,44572000.0,5572902000.0,2779523000.0,2793379000.0,1542664000.0,1212069000.0,3.700720279972274,0.3054048128049115,1529.7401364085074,2026-04-15T23:15:00+00:00
CTAS,CINTAS CORP,simfin,2026-04-15 23:13:34+00:00,2025-02-28,2025-04-03,2025.0,Q3,2026-04-14,176.14,2609159000.0,1319341000.0,609853000.0,463497000.0,9611136000.0,5018888000.0,4592248000.0,2477392000.0,243428000.0,1.721368717242289,1.1296346394285257,155.92652159560902,2026-04-15T23:15:00+00:00
CSCO,"CISCO SYSTEMS, INC.",simfin,2026-04-15 23:13:34+00:00,2025-01-31,2025-02-18,2025.0,Q2,2026-04-14,82.61,13991000000.0,9111000000.0,3123000000.0,2428000000.0,121375000000.0,75845000000.0,45530000000.0,31038000000.0,16853000000.0,0.7078643295813033,0.6062421972534332,136.26567133443163,2026-04-15T23:15:00+00:00
CLX,CLOROX CO /DE/,simfin,2026-04-15 23:13:34+00:00,2024-06-30,2024-08-08,2024.0,FY,2026-04-14,104.44,7093000000.0,3048000000.0,923000000.0,280000000.0,5751000000.0,5259000000.0,492000000.0,2485000000.0,202000000.0,1.0304955527318933,2.243517835966796,46.551892,2026-04-15T23:15:00+00:00
CME,CME Group Inc.,simfin,2026-04-15 23:13:34+00:00,2025-03-31,2025-04-30,2025.0,Q1,2026-04-14,297.03,1642300000.0,1435600000.0,1108000000.0,956200000.0,157831600000.0,130800900000.0,27030700000.0,3419400000.0,1519200000.0,1.0166792675353853,2.6589251402178418,111.71055382765113,2026-04-15T23:15:00+00:00
CMS,CMS Energy,simfin,2026-04-15 23:13:34+00:00,2025-03-31,2025-04-24,2025.0,Q1,2026-04-14,78.82,2447000000.0,1449000000.0,494000000.0,305990000.0,36295000000.0,27372000000.0,8923000000.0,16966000000.0,465000000.0,1.1083860759493671,1.0163490471414245,77.5520971084575,2026-04-15T23:15:00+00:00
KO,COCA COLA CO,simfin,2026-04-15 23:13:34+00:00,2025-03-31,2025-05-01,2025.0,Q1,2026-04-14,75.9,11129000000.0,6966000000.0,3659000000.0,3330000000.0,101716000000.0,73962000000.0,27754000000.0,49111000000.0,13787000000.0,1.099546370967742,0.7720843960120566,98.30531531531533,2026-04-15T23:15:00+00:00
CTSH,COGNIZANT TECHNOLOGY SOLUTIONS CORP,simfin,2026-04-15 23:13:34+00:00,2025-03-31,2025-05-01,2025.0,Q1,2026-04-14,60.04,5115000000.0,1718000000.0,791000000.0,663000000.0,19967000000.0,5068000000.0,14899000000.0,600000000.0,1992000000.0,2.215208455666471,1.3393939393939394,44.8262443438914,2026-04-15T23:15:00+00:00
COIN,"Coinbase Global, Inc.",simfin,2026-04-15 23:13:34+00:00,2025-03-31,2025-05-08,2025.0,Q1,2026-04-14,184.41,2034295000.0,,740171000.0,65608000.0,21731006000.0,11262766000.0,10468240000.0,4237090000.0,8354087000.0,2.517360319348357,0.2418719193661959,762.428315296915,2026-04-15T23:15:00+00:00
CL,COLGATE PALMOLIVE CO,simfin,2026-04-15 23:13:34+00:00,2025-03-31,2025-04-25,2025.0,Q1,2026-04-14,84.16,4911000000.0,2987000000.0,1089000000.0,690000000.0,16647000000.0,15914000000.0,733000000.0,8269000000.0,1112000000.0,0.8473983384346305,0.8466257668711656,99.4063768115942,2026-04-15T23:15:00+00:00
CMCSA,COMCAST CORP,simfin,2026-04-15 23:13:34+00:00,2025-03-31,2025-04-24,2025.0,Q1,2026-04-14,28.14,29887000000.0,21472000000.0,5659000000.0,3376000000.0,267770000000.0,180471000000.0,87299000000.0,99122000000.0,8593000000.0,0.645324386901668,0.8361551919887614,33.65403966824645,2026-04-15T23:15:00+00:00
FIX,COMFORT SYSTEMS USA INC,simfin,2026-04-15 23:13:34+00:00,2025-03-31,2025-04-24,2025.0,Q1,2026-04-14,1650.48,1831286000.0,403416000.0,208542000.0,169289000.0,4569218000.0,2792205000.0,1777013000.0,67842000.0,204758000.0,1.0772443601725914,4.75464120207836,347.1302943487173,2026-04-15T23:15:00+00:00
CAG,CONAGRA FOODS INC /DE/,simfin,2026-04-15 23:13:34+00:00,2025-02-28,2025-04-03,2025.0,Q3,2026-04-14,14.28,2841000000.0,710300000.0,266600000.0,145100000.0,20744500000.0,11965400000.0,8779100000.0,8145100000.0,49400000.0,0.6890814880219346,0.302733152514083,47.17025499655409,2026-04-15T23:15:00+00:00
COP,ConocoPhillips,simfin,2026-04-15 23:13:34+00:00,2025-03-31,2025-05-08,2025.0,Q1,2026-04-14,118.79,17022000000.0,10834000000.0,4629000000.0,2849000000.0,124254000000.0,59016000000.0,65238000000.0,23784000000.0,7235000000.0,1.2683622177207592,2.234721883410112,53.15650277641279,2026-04-15T23:15:00+00:00
ED,Consolidated Edison,simfin,2026-04-15 23:13:34+00:00,2025-03-31,2025-05-01,2025.0,Q1,2026-04-14,111.66,4798000000.0,3588000000.0,1125000000.0,791000000.0,70691000000.0,46908000000.0,23783000000.0,24653000000.0,360000000.0,3.140077821011673,2.2516367776828923,49.59059165613147,2026-04-15T23:15:00+00:00
STZ,"CONSTELLATION BRANDS, INC.",simfin,2026-04-15 23:13:34+00:00,2025-02-28,2025-04-23,2024.0,FY,2026-04-14,164.5,10208700000.0,5314600000.0,3364600000.0,-81400000.0,21652300000.0,14517500000.0,7134800000.0,11497700000.0,68100000.0,0.9209952418715304,-0.4458930185423571,-368.9225737100737,2026-04-15T23:15:00+00:00
CEG,Constellation Energy Corp,simfin,2026-04-15 23:13:34+00:00,2024-12-31,2025-02-18,2024.0,FY,2026-04-14,296.61,23568000000.0,12149000000.0,4281000000.0,3749000000.0,52926000000.0,39387000000.0,13539000000.0,8412000000.0,3022000000.0,1.5740578439964945,11.901587301587302,24.921885836222994,2026-04-15T23:15:00+00:00
COO,COOPER COMPANIES INC,simfin,2026-04-15 23:13:34+00:00,2025-01-31,2025-03-07,2025.0,Q1,2026-04-14,71.61,964700000.0,660200000.0,182000000.0,104300000.0,12222200000.0,4094700000.0,8127500000.0,2539900000.0,100900000.0,1.9877951180472189,0.518389662027833,138.1393288590604,2026-04-15T23:15:00+00:00
CPRT,COPART INC,simfin,2026-04-15 23:13:34+00:00,2025-01-31,2025-02-26,2025.0,Q2,2026-04-14,33.29,1163316000.0,525553000.0,426211000.0,387400000.0,9187347000.0,863315000.0,8324032000.0,0.0,3797451000.0,7.372089329818562,0.3961509750386027,84.03361874032008,2026-04-15T23:15:00+00:00
GLW,CORNING INC /NY,simfin,2026-04-15 23:13:34+00:00,2025-03-31,2025-05-02,2025.0,Q1,2026-04-14,172.82,3452000000.0,1214000000.0,445000000.0,157000000.0,27394000000.0,16266000000.0,11128000000.0,7237000000.0,1359000000.0,1.690028741985408,0.1812933025404157,953.2619108280254,2026-04-15T23:15:00+00:00
CTVA,"Corteva, Inc.",simfin,2026-04-15 23:13:34+00:00,2025-03-31,2025-05-08,2025.0,Q1,2026-04-14,82.95,4417000000.0,2075000000.0,827000000.0,652000000.0,42123000000.0,17596000000.0,24527000000.0,4083000000.0,2009000000.0,1.4447347792004182,0.9496067579376638,87.35194785276074,2026-04-15T23:15:00+00:00
CSGP,COSTAR GROUP INC,simfin,2026-04-15 23:13:34+00:00,2025-03-31,2025-05-01,2025.0,Q1,2026-04-14,37.6,732200000.0,578900000.0,51700000.0,-14800000.0,10428100000.0,1871900000.0,8556200000.0,992200000.0,3966400000.0,6.009525124240751,-0.0360535931790499,-1042.891891891892,2026-04-15T23:15:00+00:00
COST,COSTCO WHOLESALE CORP /NEW,simfin,2026-04-15 23:13:34+00:00,2025-02-28,2025-03-13,2025.0,Q2,2026-04-14,974.8,63723000000.0,7979000000.0,2316000000.0,1788000000.0,73224000000.0,47647000000.0,25577000000.0,5755000000.0,13158000000.0,0.99724316873429,4.019007116429827,242.54746800894853,2026-04-15T23:15:00+00:00
CTRA,Coterra Energy Inc.,simfin,2026-04-15 23:13:34+00:00,2025-03-31,2025-05-06,2025.0,Q1,2026-04-14,31.67,1904000000.0,1688000000.0,984000000.0,516000000.0,23951000000.0,9719000000.0,14232000000.0,4280000000.0,186000000.0,0.8992537313432836,0.6780551905387647,46.70711240310078,2026-04-15T23:15:00+00:00
CRH,CRH plc,simfin,2026-04-15 23:13:34+00:00,2025-03-31,2025-05-05,2025.0,Q1,2026-04-14,117.41,6756000000.0,1837000000.0,4000000.0,-94000000.0,51921000000.0,29564000000.0,22357000000.0,15671000000.0,3352000000.0,1.6824571766095688,-0.1378097053218003,-851.971925531915,2026-04-15T23:15:00+00:00
CRWD,"CrowdStrike Holdings, Inc.",simfin,2026-04-15 23:13:34+00:00,2025-01-31,2025-03-10,2024.0,FY,2026-04-14,398.49,3953624000.0,2963452000.0,-116400000.0,-15241000.0,8701578000.0,5382661000.0,3318917000.0,743983000.0,4323295000.0,1.766326692766646,-0.0622717058222676,-6399.2144544321245,2026-04-15T23:15:00+00:00
CCI,Crown Castle International Corp.,simfin,2026-04-15 23:13:34+00:00,2025-03-31,2025-05-09,2025.0,Q1,2026-04-14,86.27,1061000000.0,793000000.0,523000000.0,-460000000.0,31760000000.0,33017000000.0,-1257000000.0,24381000000.0,60000000.0,0.3677966101694915,-1.055045871559633,-81.76895652173914,2026-04-15T23:15:00+00:00
CSX,CSX CORP,simfin,2026-04-15 23:13:34+00:00,2025-03-31,2025-04-16,2025.0,Q1,2026-04-14,42.51,3423000000.0,1553000000.0,1041000000.0,646000000.0,43199000000.0,31024000000.0,12175000000.0,19126000000.0,1147000000.0,0.8827828120432623,0.3414376321353065,124.50297213622292,2026-04-15T23:15:00+00:00
CMI,CUMMINS INC,simfin,2026-04-15 23:13:34+00:00,2025-03-31,2025-05-05,2025.0,Q1,2026-04-14,615.56,8174000000.0,2155000000.0,1003000000.0,824000000.0,32531000000.0,20560000000.0,11971000000.0,7488000000.0,2158000000.0,1.23059866962306,5.958062183658713,103.3154708737864,2026-04-15T23:15:00+00:00
CVS,CVS HEALTH Corp,simfin,2026-04-15 23:13:34+00:00,2025-03-31,2025-05-01,2025.0,Q1,2026-04-14,77.62,94588000000.0,14396000000.0,3374000000.0,1779000000.0,255585000000.0,178475000000.0,77110000000.0,64710000000.0,12654000000.0,0.8375118719318922,1.4074367088607596,55.14990444069702,2026-04-15T23:15:00+00:00
DHR,DANAHER CORP /DE/,simfin,2026-04-15 23:13:34+00:00,2025-03-31,2025-04-22,2025.0,Q1,2026-04-14,198.61,5741000000.0,3511000000.0,1274000000.0,954000000.0,79116000000.0,28259000000.0,50857000000.0,16477000000.0,1993000000.0,1.4334085778781038,1.3235294117647058,150.0608888888889,2026-04-15T23:15:00+00:00
DRI,DARDEN RESTAURANTS INC,simfin,2026-04-15 23:13:34+00:00,2025-02-28,2025-04-01,2025.0,Q3,2026-04-14,197.98,3158000000.0,702300000.0,418300000.0,323400000.0,12560900000.0,10357900000.0,2203000000.0,2181200000.0,224200000.0,0.3857036485480268,2.740677966101695,72.23760049474335,2026-04-15T23:15:00+00:00
DDOG,"Datadog, Inc.",simfin,2026-04-15 23:13:34+00:00,2025-03-31,2025-05-07,2025.0,Q1,2026-04-14,110.57,761553000.0,603925000.0,-12420000.0,24642000.0,6010381000.0,3093707000.0,2916674000.0,1615094000.0,4449674000.0,2.736831492816296,0.0678697139457637,1629.150818115413,2026-04-15T23:15:00+00:00
DVA,DAVITA INC.,simfin,2026-04-15 23:13:34+00:00,2025-03-31,2025-05-12,2025.0,Q1,2026-04-14,149.45,3223529000.0,983869000.0,433328000.0,162917000.0,17119030000.0,15459061000.0,1659969000.0,9738393000.0,511943000.0,1.2509324744683297,2.004515533681944,74.55666842625385,2026-04-15T23:15:00+00:00
DECK,DECKERS OUTDOOR CORP,simfin,2026-04-15 23:13:34+00:00,2025-03-31,2025-05-23,2024.0,FY,2026-04-14,107.81,4985612000.0,2885663000.0,1179092000.0,966091000.0,3570252000.0,1057239000.0,2513013000.0,0.0,1889188000.0,3.6507629593326594,6.3279688216414485,17.03706245063871,2026-04-15T23:15:00+00:00
DE,DEERE & CO,simfin,2026-04-15 23:13:34+00:00,2025-01-31,2025-02-27,2025.0,Q1,2026-04-14,596.04,8508000000.0,3471000000.0,1724000000.0,869000000.0,103119000000.0,80555000000.0,22564000000.0,64381000000.0,7815000000.0,2.1001809460895537,3.191333088505325,186.76834522439583,2026-04-15T23:15:00+00:00
DELL,Dell Technologies Inc.,simfin,2026-04-15 23:13:34+00:00,2025-01-31,2025-03-25,2024.0,FY,2026-04-14,184.51,95567000000.0,21250000000.0,6237000000.0,4592000000.0,79746000000.0,81133000000.0,-1387000000.0,24567000000.0,3633000000.0,0.7786661508371483,6.205405405405405,29.7337543554007,2026-04-15T23:15:00+00:00
DAL,DELTA AIR LINES INC /DE/,simfin,2026-04-15 23:13:34+00:00,2025-03-31,2025-04-09,2025.0,Q1,2026-04-14,71.7,14040000000.0,3254000000.0,569000000.0,240000000.0,77342000000.0,61895000000.0,15447000000.0,22280000000.0,3711000000.0,0.3783292366746355,0.3680981595092024,194.78500000000005,2026-04-15T23:15:00+00:00
DVN,DEVON ENERGY CORP/DE,simfin,2026-04-15 23:13:34+00:00,2025-03-31,2025-05-07,2025.0,Q1,2026-04-14,45.25,4452000000.0,3540000000.0,1052000000.0,494000000.0,30928000000.0,16155000000.0,14773000000.0,8880000000.0,1234000000.0,1.0793255942509674,0.765891472868217,59.08147773279352,2026-04-15T23:15:00+00:00
DXCM,DEXCOM INC,simfin,2026-04-15 23:13:34+00:00,2025-03-31,2025-05-01,2025.0,Q1,2026-04-14,62.95,1036000000.0,589000000.0,133700000.0,105400000.0,6751700000.0,4485100000.0,2266600000.0,2465900000.0,2701400000.0,1.4993908662869184,0.2586503067484662,243.3787950664137,2026-04-15T23:15:00+00:00
FANG,"Diamondback Energy, Inc.",simfin,2026-04-15 23:13:34+00:00,2025-03-31,2025-05-07,2025.0,Q1,2026-04-14,186.51,4048000000.0,3666000000.0,1821000000.0,1405000000.0,70066000000.0,28323000000.0,41743000000.0,13910000000.0,1816000000.0,0.8590363980643804,4.851318315539412,38.44522001423487,2026-04-15T23:15:00+00:00
DG,DOLLAR GENERAL CORP,simfin,2026-04-15 23:13:34+00:00,2025-01-31,2025-03-21,2024.0,FY,2026-04-14,119.59,40612308000.0,12017497000.0,1714074000.0,1125253000.0,31132733000.0,23719026000.0,7413707000.0,6238488000.0,932576000.0,1.1885688154763447,5.114158716884746,23.38410022457172,2026-04-15T23:15:00+00:00
DLTR,Dollar Tree,simfin,2026-04-15 23:13:34+00:00,2025-01-31,2025-03-26,2024.0,FY,2026-04-14,100.67,17578500000.0,6294400000.0,1462000000.0,-3030100000.0,18644000000.0,14666600000.0,3977400000.0,3431200000.0,1256500000.0,1.0695326057839014,-14.034738304770729,-7.17291607537705,2026-04-15T23:15:00+00:00
D,DOMINION RESOURCES INC /VA/,simfin,2026-04-15 23:13:34+00:00,2025-03-31,2025-05-01,2025.0,Q1,2026-04-14,63.71,4076000000.0,2958000000.0,1269000000.0,646000000.0,104555000000.0,73833000000.0,30722000000.0,41817000000.0,355000000.0,0.7297789929368876,0.7580380192443088,84.04591640866873,2026-04-15T23:15:00+00:00
DPZ,DOMINOS PIZZA INC,simfin,2026-04-15 23:13:34+00:00,2025-03-31,2025-04-28,2025.0,Q1,2026-04-14,369.17,1112056000.0,443147000.0,210095000.0,149651000.0,1877619000.0,5790307000.0,-3912688000.0,4975759000.0,304320000.0,0.6060725735537131,4.330953856910756,85.23988299042439,2026-04-15T23:15:00+00:00
DASH,"DoorDash, Inc.",simfin,2026-04-15 23:13:34+00:00,2024-12-31,2025-02-14,2024.0,FY,2026-04-14,163.55,10722000000.0,5180000000.0,-38000000.0,123000000.0,12845000000.0,5035000000.0,7810000000.0,0.0,5341000000.0,1.6901601830663615,0.3651509439003464,447.8969662601626,2026-04-15T23:15:00+00:00
DOV,DOVER Corp,simfin,2026-04-15 23:13:34+00:00,2025-03-31,2025-04-24,2025.0,Q1,2026-04-14,218.48,1866059000.0,745500000.0,296309000.0,230821000.0,12648548000.0,5510781000.0,7137767000.0,2972802000.0,1805320000.0,2.1289259644879013,1.6694705627079416,130.86783611543143,2026-04-15T23:15:00+00:00
DOW,Dow Inc.,simfin,2026-04-15 23:13:34+00:00,2025-03-31,2025-04-25,2025.0,Q1,2026-04-14,39.16,10431000000.0,671000000.0,29000000.0,-307000000.0,57499000000.0,40204000000.0,17295000000.0,16570000000.0,1465000000.0,1.542414509729832,-0.434290564436271,-90.17004560260584,2026-04-15T23:15:00+00:00
DHI,D. R. Horton,simfin,2026-04-15 23:13:34+00:00,2025-03-31,2025-04-23,2025.0,Q2,2026-04-14,145.25,7734000000.0,1900200000.0,1001500000.0,810400000.0,35690000000.0,10831300000.0,24858700000.0,6518400000.0,2471400000.0,3.925572120846762,2.580891719745223,56.27899802566634,2026-04-15T23:15:00+00:00
DTE,DTE Energy Co.,simfin,2026-04-15 23:13:34+00:00,2024-12-31,2025-02-13,2024.0,FY,2026-04-14,147.74,12457000000.0,6600000000.0,2119000000.0,1404000000.0,48846000000.0,37142000000.0,11704000000.0,23053000000.0,24000000.0,0.7064238151194673,6.782608695652174,21.782179487179487,2026-04-15T23:15:00+00:00
DUK,Duke Energy CORP,simfin,2026-04-15 23:13:34+00:00,2025-03-31,2025-05-06,2025.0,Q1,2026-04-14,129.78,8249000000.0,4277000000.0,2337000000.0,1379000000.0,187476000000.0,135682000000.0,51794000000.0,86448000000.0,475000000.0,0.7684210526315789,1.7567567567567568,73.87476923076923,2026-04-15T23:15:00+00:00
DD,"DUPONT DE NEMOURS, INC.",simfin,2026-04-15 23:13:34+00:00,2025-03-31,2025-05-02,2025.0,Q1,2026-04-14,46.68,3066000000.0,1146000000.0,494000000.0,-589000000.0,35981000000.0,12713000000.0,23268000000.0,7174000000.0,1762000000.0,1.395509499136442,-1.4027149321266967,-33.27832258064517,2026-04-15T23:15:00+00:00
ETN,Eaton Corp plc,simfin,2026-04-15 23:13:34+00:00,2025-03-31,2025-05-02,2025.0,Q1,2026-04-14,401.9,6377000000.0,2447000000.0,1201000000.0,966000000.0,39205000000.0,20657000000.0,18547000000.0,10080000000.0,1939000000.0,1.3058181054400335,2.4542682926829267,163.75552795031055,2026-04-15T23:15:00+00:00
EBAY,EBAY INC,simfin,2026-04-15 23:13:34+00:00,2025-03-31,2025-05-01,2025.0,Q1,2026-04-14,100.4,2585000000.0,1862000000.0,697000000.0,507000000.0,18954000000.0,14004000000.0,4950000000.0,6745000000.0,4791000000.0,1.1687074829931974,1.0673684210526315,94.06311637080869,2026-04-15T23:15:00+00:00
ECL,Ecolab Inc.,simfin,2026-04-15 23:13:34+00:00,2025-03-31,2025-05-08,2025.0,Q1,2026-04-14,273.13,3695000000.0,1634800000.0,584800000.0,402500000.0,22366400000.0,13462700000.0,8903700000.0,7611800000.0,1162600000.0,1.3193395817061528,1.410795653697862,193.59997267080743,2026-04-15T23:15:00+00:00
EIX,Edison International,simfin,2026-04-15 23:13:34+00:00,2024-09-30,2024-10-29,2024.0,Q3,2026-04-14,72.37,5201000000.0,3303000000.0,1032000000.0,538000000.0,84749000000.0,66642000000.0,18107000000.0,35419000000.0,200000000.0,0.8750440813447748,1.323076923076923,54.69825581395349,2026-04-15T23:15:00+00:00
EW,Edwards Lifesciences Corp,simfin,2026-04-15 23:13:34+00:00,2025-03-31,2025-05-06,2025.0,Q1,2026-04-14,78.2,1412700000.0,1111100000.0,399000000.0,358000000.0,13022300000.0,2830700000.0,10191600000.0,597800000.0,3898500000.0,4.531179345051418,0.6090506975161619,128.39653631284918,2026-04-15T23:15:00+00:00
EA,ELECTRONIC ARTS INC.,simfin,2026-04-15 23:13:34+00:00,2025-03-31,2025-05-13,2024.0,FY,2026-04-14,202.85,7463000000.0,5920000000.0,1577000000.0,1121000000.0,12368000000.0,5982000000.0,6386000000.0,1884000000.0,2248000000.0,0.9470945359930616,4.246212121212121,47.77198929527208,2026-04-15T23:15:00+00:00
EME,Emcor Group Inc,simfin,2026-04-15 23:13:34+00:00,2025-03-31,2025-04-30,2025.0,Q1,2026-04-14,814.18,3867372000.0,722718000.0,318756000.0,240677000.0,8078872000.0,5126944000.0,2951928000.0,250000000.0,576702000.0,1.163116831688796,5.256765784117611,154.882304716695,2026-04-15T23:15:00+00:00
EMR,EMERSON ELECTRIC CO,simfin,2026-04-15 23:13:34+00:00,2025-03-31,2025-05-07,2025.0,Q2,2026-04-14,144.56,4432000000.0,2371000000.0,1088000000.0,485000000.0,41978000000.0,22712000000.0,19266000000.0,14363000000.0,1887000000.0,0.7954084455098653,0.8577997877608773,168.52417319587627,2026-04-15T23:15:00+00:00
ETR,ENTERGY CORP /DE/,simfin,2026-04-15 23:13:34+00:00,2024-12-31,2025-02-18,2024.0,FY,2026-04-14,115.57,11879653000.0,8783543000.0,2758224000.0,1061184000.0,64790032000.0,49385638000.0,15404394000.0,28918886000.0,859703000.0,0.7617604711422618,2.445863691123732,47.25120227239742,2026-04-15T23:15:00+00:00
EOG,EOG RESOURCES INC,simfin,2026-04-15 23:13:34+00:00,2025-03-31,2025-05-01,2025.0,Q1,2026-04-14,133.59,5670000000.0,,2344000000.0,1463000000.0,46982000000.0,17466000000.0,29516000000.0,4744000000.0,6599000000.0,1.8674593460395168,2.6455696202531644,50.49574162679426,2026-04-15T23:15:00+00:00
EPAM,"EPAM Systems, Inc.",simfin,2026-04-15 23:13:34+00:00,2025-03-31,2025-05-08,2025.0,Q1,2026-04-14,127.41,1301692000.0,349684000.0,99330000.0,73482000.0,4723612000.0,1080396000.0,3643216000.0,25059000.0,1173639000.0,3.061231188000872,1.2832594041423633,99.2862390789581,2026-04-15T23:15:00+00:00
EQT,EQT Corporation,simfin,2026-04-15 23:13:34+00:00,2025-03-31,2025-04-23,2025.0,Q1,2026-04-14,56.71,1739850000.0,1273203000.0,499142000.0,242139000.0,39703364000.0,15300095000.0,24403269000.0,8392783000.0,281764000.0,0.5679111561901894,0.4016651239636519,141.18726425730674,2026-04-15T23:15:00+00:00
EFX,Equifax Inc.,simfin,2026-04-15 23:13:34+00:00,2025-03-31,2025-04-22,2025.0,Q1,2026-04-14,186.43,1442000000.0,785300000.0,235800000.0,133100000.0,11854800000.0,6742300000.0,5112500000.0,4964100000.0,195200000.0,0.8525622508521579,1.0639488409272582,175.2245905334335,2026-04-15T23:15:00+00:00
EQIX,Equinix,simfin,2026-04-15 23:13:34+00:00,2025-03-31,2025-04-30,2025.0,Q1,2026-04-14,1057.37,2225000000.0,1141000000.0,474000000.0,343000000.0,36079000000.0,22166000000.0,13913000000.0,15764000000.0,3673000000.0,1.654643823264202,3.504040373083249,301.7573679008746,2026-04-15T23:15:00+00:00
EQR,Equity Residential,simfin,2026-04-15 23:13:34+00:00,2025-03-31,2025-04-30,2025.0,Q1,2026-04-14,61.36,760810000.0,469269000.0,194268000.0,256592000.0,20562185000.0,8973055000.0,11589130000.0,7846884000.0,39849000.0,0.0135234377068017,0.6550351629305254,93.67436051140356,2026-04-15T23:15:00+00:00
ESS,Essex Property Trust Inc,simfin,2026-04-15 23:13:34+00:00,2025-03-31,2025-04-30,2025.0,Q1,2026-04-14,251.42,464583000.0,366224000.0,146051000.0,203110000.0,13186258000.0,7322012000.0,5864246000.0,6790252000.0,98735000.0,0.2333003261623151,3.1563375103354865,79.65561324691053,2026-04-15T23:15:00+00:00
EL,ESTEE LAUDER COMPANIES INC,simfin,2026-04-15 23:13:34+00:00,2025-03-31,2025-05-01,2025.0,Q3,2026-04-14,76.42,3550000000.0,2661000000.0,403000000.0,159000000.0,19886000000.0,15541000000.0,4345000000.0,7301000000.0,2631000000.0,1.4135777598710717,0.4399557277255119,173.69929559748428,2026-04-15T23:15:00+00:00
EG,"Everest Group, Ltd.",simfin,2026-04-15 23:13:34+00:00,2025-03-31,2025-05-02,2025.0,Q1,2026-04-14,341.24,4263000000.0,1370000000.0,287000000.0,210000000.0,58131000000.0,43993000000.0,14140000000.0,3587000000.0,36508000000.0,1.329864593781344,4.964539007092198,68.73548571428572,2026-04-15T23:15:00+00:00
EVRG,"Evergy, Inc.",simfin,2026-04-15 23:13:34+00:00,2024-12-31,2025-02-27,2024.0,FY,2026-04-14,81.92,5847300000.0,3996500000.0,1468000000.0,873600000.0,32282100000.0,22292900000.0,9989200000.0,14069500000.0,22000000.0,0.664366985732346,3.7883781439722464,21.624029304029303,2026-04-15T23:15:00+00:00
ES,Eversource Energy,simfin,2026-04-15 23:13:34+00:00,2025-03-31,2025-05-05,2025.0,Q1,2026-04-14,69.01,4118355000.0,,1183944000.0,550788000.0,60194678000.0,44697853000.0,15496825000.0,29391556000.0,111362000.0,0.7537315058908015,1.4980188432356525,46.06751130776269,2026-04-15T23:15:00+00:00
EXC,Exelon Corp.,simfin,2026-04-15 23:13:34+00:00,2024-09-30,2024-10-30,2024.0,Q3,2026-04-14,48.66,6154000000.0,3771000000.0,1193000000.0,707000000.0,106070000000.0,79448000000.0,26622000000.0,46076000000.0,616000000.0,1.0865384615384617,0.704183266932271,69.10132956152758,2026-04-15T23:15:00+00:00
EXE,Expand Energy,simfin,2026-04-15 23:13:34+00:00,2025-03-31,2025-04-29,2025.0,Q1,2026-04-13,97.78,2196000000.0,1486000000.0,-268000000.0,-249000000.0,27934000000.0,10743000000.0,17191000000.0,5243000000.0,349000000.0,0.5887433825578156,-1.0344999501445806,-94.51909590361448,2026-04-15T23:15:00+00:00
EXPE,"Expedia, Inc.",simfin,2026-04-15 23:13:34+00:00,2025-03-31,2025-05-09,2025.0,Q1,2026-04-14,248.57,2988000000.0,2631000000.0,-44000000.0,-200000000.0,26114000000.0,23793000000.0,2321000000.0,6211000000.0,6126000000.0,0.7315457922791149,-1.4729384385379614,-168.75790155,2026-04-15T23:15:00+00:00
EXPD,Expeditors International,simfin,2026-04-15 23:13:34+00:00,2025-03-31,2025-05-08,2025.0,Q1,2026-04-14,144.91,2666419000.0,2208482000.0,330201000.0,203795000.0,4756650000.0,2469147000.0,2287503000.0,0.0,1318520000.0,1.8292249593517176,1.472134936974031,98.4352700017174,2026-04-15T23:15:00+00:00
EXR,Extra Space Storage Inc.,simfin,2026-04-15 23:13:34+00:00,2025-03-31,2025-05-02,2025.0,Q1,2026-04-14,141.43,819997000.0,596415000.0,352969000.0,270875000.0,28993918000.0,14215415000.0,14778503000.0,12541740000.0,119559000.0,0.3011714209067334,1.277394470098387,110.7175608714721,2026-04-15T23:15:00+00:00
XOM,EXXON MOBIL CORP,simfin,2026-04-15 23:13:34+00:00,2025-03-31,2025-05-05,2025.0,Q1,2026-04-14,149.24,81761000000.0,24890000000.0,16471000000.0,7713000000.0,451908000000.0,182102000000.0,269806000000.0,37551000000.0,17036000000.0,1.235733925693156,1.764181152790485,84.59448722935305,2026-04-15T23:15:00+00:00
FFIV,F5 NETWORKS INC,simfin,2026-04-15 23:13:34+00:00,2025-03-31,2025-05-06,2025.0,Q2,2026-04-14,295.19,731123000.0,590164000.0,158897000.0,145530000.0,5906577000.0,2592532000.0,3314045000.0,0.0,1259282000.0,1.5328219933075258,2.4765162344292424,119.19566522366522,2026-04-15T23:15:00+00:00
FDS,FACTSET RESEARCH SYSTEMS INC,simfin,2026-04-15 23:13:34+00:00,2025-02-28,2025-04-04,2025.0,Q2,2026-04-14,223.55,570660000.0,301056000.0,185492000.0,144860000.0,4241442000.0,2184525000.0,2056917000.0,1472162000.0,287019000.0,1.3398713601102736,3.761620358348481,59.42917644622394,2026-04-15T23:15:00+00:00
FICO,Fair Isaac Corp,simfin,2026-04-15 23:13:34+00:00,2025-03-31,2025-04-29,2025.0,Q2,2026-04-14,1007.28,498735000.0,411105000.0,245648000.0,162615000.0,1835753000.0,2959805000.0,-1124052000.0,2528179000.0,192041000.0,2.244218364885416,6.587603807980555,152.90537035328845,2026-04-15T23:15:00+00:00
FAST,FASTENAL CO,simfin,2026-04-15 23:13:34+00:00,2025-03-31,2025-04-16,2025.0,Q1,2026-04-14,44.62,1959400000.0,883900000.0,393900000.0,298700000.0,4870900000.0,1180600000.0,3690300000.0,200000000.0,231800000.0,4.276617422312786,0.2598295059151009,171.72799464345496,2026-04-15T23:15:00+00:00
FRT,Federal Realty Investment Trust,simfin,2026-04-15 23:13:34+00:00,2025-03-31,2025-05-08,2025.0,Q1,2026-04-14,110.21,309154000.0,241350000.0,106962000.0,63768000.0,8621850000.0,5176245000.0,3445605000.0,4513293000.0,109224000.0,0.2274518033656013,0.7182314016909139,153.44636803756475,2026-04-15T23:15:00+00:00
FDX,FEDEX CORP,simfin,2026-04-15 23:13:34+00:00,2024-05-31,2024-07-15,2024.0,FY,2026-04-14,370.14,87693000000.0,26530000000.0,6298000000.0,4331000000.0,87007000000.0,59425000000.0,27582000000.0,20203000000.0,6501000000.0,1.3633096218644702,17.254980079681275,21.45119833756638,2026-04-15T23:15:00+00:00
FIS,"Fidelity National Information Services, Inc.",simfin,2026-04-15 23:13:34+00:00,2025-03-31,2025-05-06,2025.0,Q1,2026-04-14,46.98,2532000000.0,879000000.0,349000000.0,79000000.0,32841000000.0,17773000000.0,15068000000.0,12020000000.0,805000000.0,0.634167385677308,0.1487758945386064,315.77696202531644,2026-04-15T23:15:00+00:00
FSLR,"FIRST SOLAR, INC.",simfin,2026-04-15 23:13:34+00:00,2025-03-31,2025-04-29,2025.0,Q1,2026-04-14,200.61,844568000.0,344403000.0,221244000.0,209535000.0,12116665000.0,3929331000.0,8187334000.0,525143000.0,890760000.0,1.5012718496150408,1.950705208769725,102.83973154842866,2026-04-15T23:15:00+00:00
FE,FIRSTENERGY CORP,simfin,2026-04-15 23:13:34+00:00,2025-03-31,2025-04-30,2025.0,Q1,2026-04-14,51.04,3765000000.0,2528000000.0,754000000.0,360000000.0,52771000000.0,38909000000.0,13862000000.0,24786000000.0,132000000.0,0.4159403992128198,0.6228373702422145,81.94755555555555,2026-04-15T23:15:00+00:00
F,FORD MOTOR CO,simfin,2026-04-15 23:13:34+00:00,2025-03-31,2025-05-06,2025.0,Q1,2026-04-14,12.71,40659000000.0,5471000000.0,319000000.0,471000000.0,284539000000.0,239879000000.0,44660000000.0,155270000000.0,35226000000.0,2.100686264467889,0.1174270755422587,108.23738853503184,2026-04-15T23:15:00+00:00
FTNT,FORTINET INC,simfin,2026-04-15 23:13:34+00:00,2025-03-31,2025-05-08,2025.0,Q1,2026-04-14,78.7,1539700000.0,1246600000.0,447500000.0,433400000.0,10407000000.0,8444100000.0,1962900000.0,994900000.0,4780500000.0,1.3627056982105843,0.5579299691040165,141.0571296723581,2026-04-15T23:15:00+00:00
FTV,Fortive Corp,simfin,2026-04-15 23:13:34+00:00,2025-03-31,2025-05-01,2025.0,Q1,2026-04-14,59.71,1474200000.0,880900000.0,233600000.0,171900000.0,17137000000.0,6893700000.0,10243300000.0,3862900000.0,892100000.0,0.9920754301647284,0.3759150217742051,158.8390900639907,2026-04-15T23:15:00+00:00
FOX,Fox Corp,simfin,2026-04-15 23:13:34+00:00,2025-03-31,2025-05-12,2025.0,Q3,2026-04-14,56.82,4371000000.0,,760000000.0,346000000.0,23367000000.0,11501000000.0,11866000000.0,7201000000.0,4815000000.0,2.9487698011459385,0.7505422993492408,75.70526011560693,2026-04-15T23:15:00+00:00
BEN,Franklin Resources,simfin,2026-04-15 23:13:34+00:00,2022-09-30,2022-11-14,2022.0,FY,2026-04-14,26.43,8275300000.0,4966600000.0,1773900000.0,1291900000.0,28060600000.0,14235900000.0,13824700000.0,8834100000.0,6433800000.0,2.4829387860414114,2.63330615572768,10.036812446783808,2026-04-15T23:15:00+00:00
FCX,Freeport-McMoran Cp & Gld,simfin,2026-04-15 23:13:34+00:00,2025-03-31,2025-05-08,2025.0,Q1,2026-04-14,68.27,5728000000.0,1506000000.0,1313000000.0,352000000.0,56022000000.0,26808000000.0,29214000000.0,9404000000.0,4385000000.0,2.322396096247686,0.2437673130193905,280.06215909090906,2026-04-15T23:15:00+00:00
GRMN,GARMIN LTD,simfin,2026-04-15 23:13:34+00:00,2025-03-31,2025-04-30,2025.0,Q1,2026-04-14,264.48,1535099000.0,884545000.0,332824000.0,332769000.0,9787622000.0,1608144000.0,8179478000.0,0.0,2674510000.0,4.095028525102541,1.717810001187299,153.96347664596163,2026-04-15T23:15:00+00:00
IT,Gartner Inc,simfin,2026-04-15 23:13:34+00:00,2025-03-31,2025-05-06,2025.0,Q1,2026-04-14,149.1,1534130000.0,1059100000.0,278032000.0,210939000.0,8479761000.0,6981907000.0,1497854000.0,2460949000.0,2091048000.0,1.0897379667932152,2.7116467412263785,54.985038328616334,2026-04-15T23:15:00+00:00
GE,GENERAL ELECTRIC CO,simfin,2026-04-15 23:13:34+00:00,2025-03-31,2025-04-22,2025.0,Q1,2026-04-14,318.0,9934000000.0,3939000000.0,2704000000.0,1977000000.0,124123000000.0,104655000000.0,19468000000.0,19571000000.0,13405000000.0,1.0438949854146409,1.8339517625231911,173.3960546282246,2026-04-15T23:15:00+00:00
GEHC,GE HealthCare Technologies Inc.,simfin,2026-04-15 23:13:34+00:00,2025-03-31,2025-04-30,2025.0,Q1,2026-04-14,74.67,4777000000.0,2012000000.0,628000000.0,47000000.0,33585000000.0,24168000000.0,9419000000.0,8759000000.0,2473000000.0,0.883137726953556,0.10239651416122,729.2240425531915,2026-04-15T23:15:00+00:00
GEN,Gen Digital Inc.,simfin,2026-04-15 23:13:34+00:00,2025-03-31,2025-05-15,2024.0,FY,2026-04-14,18.91,3935000000.0,3159000000.0,1620000000.0,643000000.0,15495000000.0,13226000000.0,2269000000.0,8259000000.0,1006000000.0,0.5064889512451771,1.0304487179487178,18.351228615863143,2026-04-15T23:15:00+00:00
GNRC,GENERAC HOLDINGS INC.,simfin,2026-04-15 23:13:34+00:00,2025-03-31,2025-05-06,2025.0,Q1,2026-04-14,211.87,942121000.0,371986000.0,83638000.0,43840000.0,5060454000.0,2385313000.0,2675141000.0,1324701000.0,187464000.0,1.6466350015484772,0.7337534573989254,288.7482135362682,2026-04-15T23:15:00+00:00
GD,GENERAL DYNAMICS CORP,simfin,2026-04-15 23:13:34+00:00,2025-03-31,2025-04-23,2025.0,Q1,2026-04-14,339.88,12223000000.0,1893000000.0,1268000000.0,994000000.0,56580000000.0,34355000000.0,22225000000.0,9609000000.0,1242000000.0,1.3388592750533048,3.6577871491707423,92.9195675251509,2026-04-15T23:15:00+00:00
GIS,GENERAL MILLS INC,simfin,2026-04-15 23:13:34+00:00,2024-05-30,2024-06-25,2024.0,FY,2026-04-14,34.7,19857200000.0,6932100000.0,3673100000.0,2496600000.0,31469900000.0,21821400000.0,9648500000.0,12930100000.0,418000000.0,0.6513344044589157,4.308196721311475,8.05441400304414,2026-04-15T23:15:00+00:00
GM,General Motors Co,simfin,2026-04-15 23:13:34+00:00,2025-03-31,2025-05-01,2025.0,Q1,2026-04-13,76.83,44020000000.0,8829000000.0,3353000000.0,2785000000.0,282104000000.0,215679000000.0,66427000000.0,83270000000.0,27489000000.0,1.0555070475240114,2.779441117764471,27.64224775583483,2026-04-15T23:15:00+00:00
GPC,GENUINE PARTS CO,simfin,2026-04-15 23:13:34+00:00,2025-03-31,2025-04-22,2025.0,Q1,2026-04-14,109.9,5866069000.0,2173684000.0,342715000.0,194392000.0,19817205000.0,15352642000.0,4464563000.0,4589794000.0,420447000.0,1.149595732228875,1.396494252873563,78.69706572286925,2026-04-15T23:15:00+00:00
GILD,GILEAD SCIENCES INC,simfin,2026-04-15 23:13:34+00:00,2025-03-31,2025-05-07,2025.0,Q1,2026-04-14,140.45,6667000000.0,5127000000.0,2490000000.0,1315000000.0,56434000000.0,37354000000.0,19078000000.0,24952000000.0,7926000000.0,1.369278133354938,1.044479745830024,134.46885931558933,2026-04-15T23:15:00+00:00
GPN,GLOBAL PAYMENTS INC,simfin,2026-04-15 23:13:34+00:00,2025-03-31,2025-05-06,2025.0,Q1,2026-04-14,68.6,2412098000.0,1490903000.0,466892000.0,305734000.0,47616106000.0,24591533000.0,23024573000.0,16194829000.0,2896024000.0,0.943662776563482,1.236988185790581,55.45727985765404,2026-04-15T23:15:00+00:00
GDDY,GoDaddy Inc.,simfin,2026-04-15 23:13:34+00:00,2025-03-31,2025-05-02,2025.0,Q1,2026-04-14,79.32,1194300000.0,753800000.0,249400000.0,219500000.0,7838800000.0,7639100000.0,199700000.0,3791500000.0,719400000.0,0.5562875966771699,1.5119891439868296,52.46069412300682,2026-04-15T23:15:00+00:00
HAL,Halliburton Co.,simfin,2026-04-15 23:13:34+00:00,2025-03-31,2025-04-25,2025.0,Q1,2026-04-14,37.51,5417000000.0,879000000.0,787000000.0,204000000.0,25179000000.0,14770000000.0,10409000000.0,7541000000.0,1804000000.0,2.233419188667096,0.2355658198614318,159.23362745098038,2026-04-15T23:15:00+00:00
HAS,HASBRO INC,simfin,2026-04-15 23:13:34+00:00,2025-03-31,2025-05-06,2025.0,Q1,2026-04-14,92.75,887100000.0,675200000.0,195700000.0,98600000.0,6040000000.0,4842500000.0,1197500000.0,3331500000.0,621100000.0,1.6546712802768166,0.699290780141844,132.6343813387424,2026-04-15T23:15:00+00:00
HCA,HCA Holdings,simfin,2026-04-15 23:13:34+00:00,2022-12-31,2023-02-17,2022.0,FY,2026-04-14,498.66,60233000000.0,23177000000.0,9053000000.0,5643000000.0,52438000000.0,52511000000.0,-73000000.0,38084000000.0,908000000.0,1.3778024641486568,19.150495815601392,26.039012503987244,2026-04-15T23:15:00+00:00
DOC,Physicians Realty Trust,simfin,2026-04-15 23:13:34+00:00,2023-12-31,2024-02-22,2023.0,FY,2026-04-14,16.87,543463000.0,,130955000.0,41876000.0,5155621000.0,2266095000.0,2889526000.0,1973036000.0,156779000.0,0.0979652644645276,0.167944206621297,100.45002646647244,2026-04-15T23:15:00+00:00
HSIC,Henry Schein,simfin,2026-04-15 23:13:34+00:00,2024-03-31,2024-05-07,2024.0,Q1,2026-04-14,77.2,3172000000.0,1012000000.0,160000000.0,93000000.0,10145000000.0,5111000000.0,5034000000.0,2113000000.0,159000000.0,1.8044247787610617,0.7166548585577606,107.72270511827958,2026-04-15T23:15:00+00:00
HSY,HERSHEY CO,simfin,2026-04-15 23:13:34+00:00,2025-03-31,2025-05-01,2025.0,Q1,2026-04-14,197.68,2805419000.0,944267000.0,385595000.0,224203000.0,13967764000.0,9282868000.0,4684896000.0,5925494000.0,1515252000.0,1.592806711878905,1.1036816792277284,179.1096144119392,2026-04-15T23:15:00+00:00
HPE,Hewlett Packard Enterprise Co,simfin,2026-04-15 23:13:34+00:00,2025-01-31,2025-03-07,2025.0,Q1,2026-04-14,24.47,7854000000.0,2423000000.0,642000000.0,627000000.0,70327000000.0,45045000000.0,25282000000.0,17877000000.0,13431000000.0,1.3255701895277867,0.4449964513839602,54.989202551834126,2026-04-15T23:15:00+00:00
HLT,Hilton Worldwide Holdings Inc.,simfin,2026-04-15 23:13:34+00:00,2025-03-31,2025-04-29,2025.0,Q1,2026-04-14,331.38,1065000000.0,-326000000.0,-285000000.0,-301000000.0,16043000000.0,20382000000.0,-4339000000.0,11152000000.0,731000000.0,0.571664943123061,-1.2386831275720165,-267.5260465116279,2026-04-15T23:15:00+00:00
HOLX,HOLOGIC INC,simfin,2026-04-15 23:13:34+00:00,2024-09-30,2024-11-27,2024.0,FY,2026-04-07,76.01,4030300000.0,2267000000.0,970200000.0,789500000.0,9156000000.0,4026000000.0,5130000000.0,2550100000.0,2333600000.0,3.686174315464713,3.323468867999983,22.870682115262827,2026-04-15T23:15:00+00:00
HD,HOME DEPOT INC,simfin,2026-04-15 23:13:34+00:00,2025-01-31,2025-03-21,2024.0,FY,2026-04-14,342.71,159514000000.0,53308000000.0,21526000000.0,14806000000.0,96119000000.0,89479000000.0,6640000000.0,53383000000.0,1659000000.0,1.1054394473326123,14.910372608257804,22.98467040389032,2026-04-15T23:15:00+00:00
HON,HONEYWELL INTERNATIONAL INC,simfin,2026-04-15 23:13:34+00:00,2025-03-31,2025-04-29,2025.0,Q1,2026-04-14,233.24,9822000000.0,3785000000.0,1985000000.0,1449000000.0,75218000000.0,57187000000.0,18031000000.0,32832000000.0,10059000000.0,1.2525485931765663,2.0955849972311955,111.30066320772949,2026-04-15T23:15:00+00:00
HRL,HORMEL FOODS CORP /DE/,simfin,2026-04-15 23:13:34+00:00,2025-01-31,2025-02-27,2025.0,Q1,2026-04-14,20.76,2988813000.0,475232000.0,212219000.0,170574000.0,13403482000.0,5365041000.0,8038442000.0,2857393000.0,866414000.0,2.452353903600291,0.3102168939391184,66.92092018713286,2026-04-15T23:15:00+00:00
HST,"HOST HOTELS & RESORTS, INC.",simfin,2026-04-15 23:13:34+00:00,2025-03-31,2025-05-02,2025.0,Q1,2026-04-14,20.91,1594000000.0,613000000.0,275000000.0,244000000.0,12947000000.0,6161000000.0,6786000000.0,5085000000.0,428000000.0,1.0241635687732342,0.3494200200486896,59.84202049180328,2026-04-15T23:15:00+00:00
HWM,Howmet Aerospace Inc.,simfin,2026-04-15 23:13:34+00:00,2025-03-31,2025-05-01,2025.0,Q1,2026-04-14,258.03,1942000000.0,652000000.0,490000000.0,344000000.0,10772000000.0,5980000000.0,4792000000.0,3324000000.0,536000000.0,2.295865633074935,0.8452088452088452,305.2854941860465,2026-04-15T23:15:00+00:00
HPQ,HP INC,simfin,2026-04-15 23:13:34+00:00,2025-01-31,2025-02-28,2025.0,Q1,2026-04-14,18.99,13504000000.0,2840000000.0,921000000.0,565000000.0,38930000000.0,40002000000.0,-1072000000.0,9691000000.0,2894000000.0,0.7229714952249034,0.5903866248693835,32.1653628318584,2026-04-15T23:15:00+00:00
HUBB,HUBBELL INC,simfin,2026-04-15 23:13:34+00:00,2025-03-31,2025-05-02,2025.0,Q1,2026-04-14,545.62,1365200000.0,451200000.0,239000000.0,169700000.0,6922100000.0,3649900000.0,3272200000.0,1860100000.0,360300000.0,1.16689882887066,3.154275092936803,172.9779375368297,2026-04-15T23:15:00+00:00
HII,"HUNTINGTON INGALLS INDUSTRIES, INC.",simfin,2026-04-15 23:13:34+00:00,2025-03-31,2025-05-01,2025.0,Q1,2026-04-14,398.07,2734000000.0,394000000.0,148000000.0,149000000.0,12103000000.0,7330000000.0,4773000000.0,3202000000.0,167000000.0,1.0654991243432574,3.791348600508906,104.9943020134228,2026-04-15T23:15:00+00:00
IBM,INTERNATIONAL BUSINESS MACHINES CORP,simfin,2026-04-15 23:13:34+00:00,2025-03-31,2025-04-24,2025.0,Q1,2026-04-14,240.27,14541000000.0,8031000000.0,1195000000.0,1056000000.0,145667000000.0,118714000000.0,26953000000.0,63284000000.0,22593000000.0,1.006580259222333,1.1169875185106832,215.10535795454547,2026-04-15T23:15:00+00:00
IEX,IDEX CORP /DE/,simfin,2026-04-15 23:13:34+00:00,2025-03-31,2025-05-01,2025.0,Q1,2026-04-14,204.9,814300000.0,368900000.0,159500000.0,95300000.0,6795100000.0,2889200000.0,3905900000.0,1939800000.0,594100000.0,2.7873543522960933,1.2572559366754616,162.97397691500527,2026-04-15T23:15:00+00:00
IDXX,Idexx Laboratories Inc,simfin,2026-04-15 23:13:34+00:00,2025-03-31,2025-05-01,2025.0,Q1,2026-04-14,584.05,998427000.0,623379000.0,316534000.0,242677000.0,3213689000.0,1765676000.0,1448013000.0,940228000.0,163970000.0,1.6133121426988428,2.962293401040013,197.16142897761225,2026-04-15T23:15:00+00:00
ITW,Illinois Tool Works,simfin,2026-04-15 23:13:34+00:00,2025-03-31,2025-05-01,2025.0,Q1,2026-04-14,272.25,3839000000.0,1678000000.0,972000000.0,700000000.0,15468000000.0,12226000000.0,3242000000.0,8263000000.0,873000000.0,1.5970899470899471,2.3769100169779285,114.5394642857143,2026-04-15T23:15:00+00:00
INCY,INCYTE CORP,simfin,2026-04-15 23:13:34+00:00,2025-03-31,2025-04-29,2025.0,Q1,2026-04-14,97.69,1052898000.0,979710000.0,216740000.0,158203000.0,5749365000.0,2081802000.0,3667563000.0,0.0,1941722000.0,2.3143232612247213,0.7982108710020838,122.38620588737255,2026-04-15T23:15:00+00:00
PODD,INSULET CORP,simfin,2026-04-15 23:13:34+00:00,2025-03-31,2025-05-09,2025.0,Q1,2026-04-14,201.49,569000000.0,409000000.0,88800000.0,35400000.0,3517300000.0,2186600000.0,1330700000.0,1695400000.0,1283100000.0,4.474250576479631,0.4776618855500533,421.8255759887006,2026-04-15T23:15:00+00:00
INTC,INTEL CORP,simfin,2026-04-15 23:13:34+00:00,2025-03-31,2025-04-25,2025.0,Q1,2026-04-14,63.81,12667000000.0,4672000000.0,-145000000.0,-821000000.0,192242000000.0,85829000000.0,106413000000.0,50151000000.0,21048000000.0,1.3095667309007273,-0.1890398342159797,-337.5479049939099,2026-04-15T23:15:00+00:00
ICE,Intercontinental Exchange,simfin,2026-04-15 23:13:34+00:00,2025-03-31,2025-05-01,2025.0,Q1,2026-04-14,162.04,3229000000.0,1992000000.0,1253000000.0,797000000.0,142870000000.0,108113000000.0,34757000000.0,20288000000.0,783000000.0,0.9991803278688524,1.3812824956672445,117.31126725219572,2026-04-15T23:15:00+00:00
IFF,Intl Flavors & Fragrances,simfin,2026-04-15 23:13:34+00:00,2025-03-31,2025-05-06,2025.0,Q1,2026-04-14,72.59,2843000000.0,1035000000.0,267000000.0,-1018000000.0,28265000000.0,15052000000.0,13213000000.0,9290000000.0,613000000.0,1.873887562405036,-3.9765625,-18.254459724950884,2026-04-15T23:15:00+00:00
IP,INTERNATIONAL PAPER CO /NEW/,simfin,2026-04-15 23:13:34+00:00,2025-03-31,2025-05-07,2025.0,Q1,2026-04-14,36.54,5901000000.0,1642000000.0,-35000000.0,-105000000.0,41168000000.0,23076000000.0,18092000000.0,12218000000.0,1156000000.0,1.3291356611333716,-0.239945155393053,-152.2848,2026-04-15T23:15:00+00:00
INTU,INTUIT INC,simfin,2026-04-15 23:13:34+00:00,2024-07-31,2024-09-04,2024.0,FY,2026-04-14,366.8,16285000000.0,12820000000.0,3853000000.0,2963000000.0,32132000000.0,13696000000.0,18436000000.0,6038000000.0,4074000000.0,1.2919503404084902,10.433098591549296,35.157340533243335,2026-04-15T23:15:00+00:00
ISRG,INTUITIVE SURGICAL INC,simfin,2026-04-15 23:13:34+00:00,2025-03-31,2025-04-23,2025.0,Q1,2026-04-14,467.22,2253400000.0,1457700000.0,578100000.0,698400000.0,19220400000.0,2012700000.0,17207700000.0,0.0,4511300000.0,4.978740003900917,1.9155238617663195,243.9123883161512,2026-04-15T23:15:00+00:00
IVZ,Invesco Ltd.,simfin,2026-04-15 23:13:34+00:00,2025-03-31,2025-04-28,2025.0,Q1,2026-04-14,24.72,1529200000.0,555600000.0,277300000.0,230300000.0,28143600000.0,12356200000.0,15787400000.0,964800000.0,821700000.0,0.8252323087919943,0.3768722466960352,65.59251899473992,2026-04-15T23:15:00+00:00
INVH,Invitation Homes Inc.,simfin,2026-04-15 23:13:34+00:00,2025-03-31,2025-05-01,2025.0,Q1,2026-04-14,26.47,674479000.0,400291000.0,187627000.0,165745000.0,18578092000.0,8823078000.0,9755014000.0,8103480000.0,84387000.0,1.2719709701757678,0.2702238358862471,97.95582951883918,2026-04-15T23:15:00+00:00
IQV,IQVIA HOLDINGS INC.,simfin,2026-04-15 23:13:34+00:00,2025-03-31,2025-05-06,2025.0,Q1,2026-04-14,175.28,3829000000.0,1298000000.0,525000000.0,249000000.0,27322000000.0,21337000000.0,5985000000.0,14330000000.0,1876000000.0,0.8233737289316061,1.403607666290868,124.87820080321283,2026-04-15T23:15:00+00:00
IRM,Iron Mountain Incorporated,simfin,2026-04-15 23:13:34+00:00,2025-03-31,2025-05-01,2025.0,Q1,2026-04-14,114.03,1592529000.0,882325000.0,320434000.0,15952000.0,19362087000.0,19786125000.0,-424038000.0,14914396000.0,155338000.0,0.6161270099626494,0.0536634595976586,2124.9095912738217,2026-04-15T23:15:00+00:00
JBHT,J. B. Hunt Transport Services,simfin,2026-04-15 23:13:34+00:00,2025-03-31,2025-04-25,2025.0,Q1,2026-04-14,229.61,2921392000.0,668483000.0,178680000.0,117740000.0,8255673000.0,4389000000.0,3866673000.0,1579466000.0,43407000.0,0.8912618872957653,1.1716705311029068,195.96805919823345,2026-04-15T23:15:00+00:00
JBL,JABIL CIRCUIT INC,simfin,2026-04-15 23:13:34+00:00,2025-02-28,2025-04-08,2025.0,Q2,2026-04-14,305.97,6728000000.0,576000000.0,298000000.0,117000000.0,17396000000.0,16038000000.0,1358000000.0,2883000000.0,1592000000.0,1.0171760341907912,1.053105310531053,290.5407435897436,2026-04-15T23:15:00+00:00
JKHY,Henry Jack & Associates Inc,simfin,2026-04-15 23:13:34+00:00,2025-03-31,2025-05-12,2025.0,Q3,2026-04-14,151.42,585087000.0,244501000.0,138740000.0,111108000.0,2932018000.0,895587000.0,2036431000.0,170000000.0,39870000.0,1.361807430260959,1.5217563995452863,99.5034422363826,2026-04-15T23:15:00+00:00
J,Jacobs Engineering Group,simfin,2026-04-15 23:13:34+00:00,2025-03-31,2025-05-06,2025.0,Q2,2026-04-14,125.41,2910415000.0,738345000.0,208648000.0,5612000.0,11210695000.0,6515994000.0,4694701000.0,2633620000.0,1380508000.0,1.5016878079109026,0.0453127906736393,2767.6512114041343,2026-04-15T23:15:00+00:00
JNJ,JOHNSON & JOHNSON,simfin,2026-04-15 23:13:34+00:00,2025-03-31,2025-04-23,2025.0,Q1,2026-04-14,240.1,21893000000.0,14536000000.0,6199000000.0,10999000000.0,193671000000.0,115562000000.0,78109000000.0,52252000000.0,38781000000.0,1.2574205226437971,4.537915669609704,52.90975361396491,2026-04-15T23:15:00+00:00
JCI,JOHNSON CONTROLS INC,simfin,2026-04-15 23:13:34+00:00,2025-03-31,2025-05-07,2025.0,Q2,2026-04-14,142.05,5676000000.0,2069000000.0,642000000.0,478000000.0,42367000000.0,25335000000.0,17032000000.0,9986000000.0,795000000.0,0.9604806634509604,0.7231467473524962,196.43315899581592,2026-04-15T23:15:00+00:00
KVUE,Kenvue Inc.,simfin,2026-04-15 23:13:34+00:00,2025-03-31,2025-05-08,2025.0,Q1,2026-04-14,17.38,3741000000.0,2168000000.0,618000000.0,322000000.0,26257000000.0,16204000000.0,10053000000.0,8738000000.0,1057000000.0,0.8565856585658566,0.1672727272727272,103.90217391304348,2026-04-15T23:15:00+00:00
KDP,Keurig Dr Pepper Inc.,simfin,2026-04-15 23:13:34+00:00,2025-03-31,2025-04-24,2025.0,Q1,2026-04-14,26.02,3635000000.0,1985000000.0,801000000.0,517000000.0,53699000000.0,29252000000.0,24447000000.0,15926000000.0,653000000.0,0.4738850725111765,0.3795331082073117,68.55791876208897,2026-04-15T23:15:00+00:00
KEYS,"Keysight Technologies, Inc.",simfin,2026-04-15 23:13:34+00:00,2024-10-31,2024-12-17,2024.0,FY,2026-04-14,330.46,4979000000.0,3133000000.0,833000000.0,614000000.0,9269000000.0,4164000000.0,5105000000.0,1790000000.0,1796000000.0,3.075867052023121,3.5085714285714285,94.18648208469055,2026-04-15T23:15:00+00:00
KMB,KIMBERLY CLARK CORP,simfin,2026-04-15 23:13:34+00:00,2025-03-31,2025-04-22,2025.0,Q1,2026-04-14,97.16,4840000000.0,1733000000.0,792000000.0,565000000.0,16305000000.0,15081000000.0,1224000000.0,7247000000.0,563000000.0,0.7630400231180465,1.6951695169516952,57.3158017699115,2026-04-15T23:15:00+00:00
KIM,Kimco Realty,simfin,2026-04-15 23:13:34+00:00,2025-03-31,2025-05-02,2025.0,Q1,2026-04-14,23.6,536624000.0,466713000.0,180131000.0,132817000.0,19731252000.0,8950651000.0,10780601000.0,7579983000.0,132503000.0,0.0527128138500763,0.1847544437537926,127.73711701056467,2026-04-15T23:15:00+00:00
KMI,"KINDER MORGAN, INC.",simfin,2026-04-15 23:13:34+00:00,2025-03-31,2025-04-18,2025.0,Q1,2026-04-14,31.65,4241000000.0,2765000000.0,1145000000.0,717000000.0,72318000000.0,40392000000.0,31926000000.0,33009000000.0,80000000.0,0.4463482173762547,0.3226822682268226,98.08410041841005,2026-04-15T23:15:00+00:00
KKR,KKR & Co. Inc.,simfin,2026-04-15 23:13:34+00:00,2025-03-31,2025-05-09,2025.0,Q1,2026-04-14,100.43,3110183000.0,1777080000.0,1057093000.0,-185924000.0,372372919000.0,303415987000.0,68956932000.0,49580258000.0,128690862000.0,0.7196049981634131,-0.194194164354855,-517.1628114245606,2026-04-15T23:15:00+00:00
KLAC,KLA TENCOR CORP,simfin,2026-04-15 23:13:34+00:00,2025-03-31,2025-05-01,2025.0,Q3,2026-04-14,1795.91,3063029000.0,1887340000.0,1300392000.0,1088416000.0,15188307000.0,11183568000.0,4004739000.0,5883322000.0,4028622000.0,2.92427108014634,8.164977532388619,219.9528403937465,2026-04-15T23:15:00+00:00
KHC,Kraft Heinz Co,simfin,2026-04-15 23:13:34+00:00,2024-12-31,2025-02-13,2024.0,FY,2026-04-14,22.11,25846000000.0,8968000000.0,5352000000.0,2744000000.0,88287000000.0,38962000000.0,49325000000.0,19869000000.0,1334000000.0,1.0554253412381085,2.2584362139917697,9.789959912536442,2026-04-15T23:15:00+00:00
KR,KROGER CO,simfin,2026-04-15 23:13:34+00:00,2025-01-31,2025-04-01,2024.0,FY,2026-04-14,67.19,147123000000.0,33403000000.0,3849000000.0,2665000000.0,52616000000.0,44335000000.0,8281000000.0,17905000000.0,3959000000.0,0.958155583437892,3.701388888888889,18.15264540337711,2026-04-15T23:15:00+00:00
LHX,"L3HARRIS TECHNOLOGIES, INC.",simfin,2026-04-15 23:13:34+00:00,2025-03-31,2025-04-24,2025.0,Q1,2026-04-14,355.56,5132000000.0,1350000000.0,525000000.0,386000000.0,41248000000.0,22118000000.0,19130000000.0,12252000000.0,517000000.0,1.0197341925090615,2.0412480169222635,174.18755440414506,2026-04-15T23:15:00+00:00
LH,Laboratory Corp. of America Holding,simfin,2026-04-15 23:13:34+00:00,2025-03-31,2025-04-29,2025.0,Q1,2026-04-14,268.87,3345100000.0,948000000.0,332400000.0,212800000.0,17603800000.0,9282100000.0,8321700000.0,5756700000.0,369400000.0,1.835561367819432,2.524317912218268,106.5119407894737,2026-04-15T23:15:00+00:00
LRCX,LAM RESEARCH CORP,simfin,2026-04-15 23:13:34+00:00,2025-03-31,2025-04-25,2025.0,Q3,2026-04-14,272.41,4720175000.0,2313686000.0,1561759000.0,1330667000.0,19968310000.0,10457205000.0,9511105000.0,4484340000.0,5450718000.0,2.177867666153494,1.0330463473332816,263.6958164589638,2026-04-15T23:15:00+00:00
LW,"Lamb Weston Holdings, Inc.",simfin,2026-04-15 23:13:34+00:00,2025-02-28,2025-04-03,2025.0,Q3,2026-04-14,43.73,1520500000.0,412900000.0,248700000.0,146000000.0,7422800000.0,5789200000.0,1633600000.0,4245100000.0,67500000.0,1.3541640962368908,1.0252808988764044,42.65172602739726,2026-04-15T23:15:00+00:00
LVS,LAS VEGAS SANDS CORP,simfin,2026-04-15 23:13:34+00:00,2025-03-31,2025-04-25,2025.0,Q1,2026-04-14,55.52,2862000000.0,1476000000.0,631000000.0,352000000.0,21247000000.0,18214000000.0,3033000000.0,13851000000.0,3036000000.0,0.8169464428457234,0.4936886395511921,112.45954545454546,2026-04-15T23:15:00+00:00
LDOS,"Leidos Holdings, Inc.",simfin,2026-04-15 23:13:34+00:00,2022-01-31,2022-02-14,2021.0,FY,2026-04-14,156.17,14396000000.0,2084000000.0,1134000000.0,685000000.0,13197000000.0,8895000000.0,4302000000.0,5133000000.0,842000000.0,1.536305302262749,4.79020979020979,32.60191240875913,2026-04-15T23:15:00+00:00
LEN,LENNAR CORP /NEW/,simfin,2026-04-15 23:13:34+00:00,2024-02-29,2024-03-29,2024.0,Q1,2026-04-14,88.83,7312930000.0,1084303000.0,917894000.0,719334000.0,38951199000.0,12173269000.0,26777930000.0,4551665000.0,4950128000.0,3.787442000982378,2.597379994655998,34.19984760903836,2026-04-15T23:15:00+00:00
LII,LENNOX INTERNATIONAL INC,simfin,2026-04-15 23:13:34+00:00,2025-03-31,2025-04-23,2025.0,Q1,2026-04-14,520.42,1072600000.0,328500000.0,154400000.0,120300000.0,3455400000.0,2602900000.0,852500000.0,1149400000.0,222900000.0,1.432875019310984,3.369747899159664,154.4388528678304,2026-04-15T23:15:00+00:00
LLY,Lilly (Eli) & Co.,simfin,2026-04-15 23:13:34+00:00,2025-03-31,2025-05-01,2025.0,Q1,2026-04-14,922.5,12728500000.0,10504300000.0,5301800000.0,2759300000.0,89388800000.0,73542000000.0,15846800000.0,38515900000.0,3220700000.0,1.3722583069764966,3.063846324672441,301.0921248142645,2026-04-15T23:15:00+00:00
LIN,LINDE PLC,simfin,2026-04-15 23:13:34+00:00,2025-03-31,2025-05-01,2025.0,Q1,2026-04-14,499.65,8112000000.0,3955000000.0,2221000000.0,1741000000.0,82704000000.0,43241000000.0,39463000000.0,23897000000.0,5294000000.0,0.938695201933034,3.655550936249375,136.68254353819643,2026-04-15T23:15:00+00:00
LYV,"Live Nation Entertainment, Inc.",simfin,2026-04-15 23:13:34+00:00,2024-12-31,2025-02-21,2024.0,FY,2026-04-14,166.28,23155625000.0,5774759000.0,813495000.0,896287000.0,19638771000.0,17693477000.0,1945295000.0,6438069000.0,6095424000.0,0.9927184268904116,3.7921629489864097,43.84832672985327,2026-04-15T23:15:00+00:00
LMT,LOCKHEED MARTIN CORP,simfin,2026-04-15 23:13:34+00:00,2025-03-31,2025-04-22,2025.0,Q1,2026-04-14,611.58,17963000000.0,2039000000.0,2323000000.0,1712000000.0,56669000000.0,49986000000.0,6683000000.0,20304000000.0,1803000000.0,1.0761787888799736,7.275818104547386,84.05652686915889,2026-04-15T23:15:00+00:00
LOW,LOWES COMPANIES INC,simfin,2026-04-15 23:13:34+00:00,2025-01-31,2025-03-24,2024.0,FY,2026-04-14,248.44,83674000000.0,27877000000.0,10466000000.0,6957000000.0,43102000000.0,57333000000.0,-14231000000.0,35487000000.0,2133000000.0,1.0853548008743403,12.248239436619718,20.283731493459825,2026-04-15T23:15:00+00:00
LULU,lululemon athletica inc.,simfin,2026-04-15 23:13:34+00:00,2025-01-31,2025-03-27,2024.0,FY,2026-04-14,160.6,10588126000.0,6270811000.0,2505697000.0,1814616000.0,7603292000.0,3279245000.0,4324047000.0,0.0,1984336000.0,2.1636426890189875,14.641675071610118,10.968690345505603,2026-04-15T23:15:00+00:00
LYB,LyondellBasell,simfin,2026-04-15 23:13:34+00:00,2024-12-31,2025-02-27,2024.0,FY,2026-04-14,73.25,33394000000.0,4644000000.0,2867000000.0,1360000000.0,35746000000.0,23158000000.0,12588000000.0,11149000000.0,3375000000.0,1.82938105891126,4.171779141104294,17.55845588235294,2026-04-15T23:15:00+00:00
MPC,Marathon Petroleum Corp,simfin,2026-04-15 23:13:34+00:00,2025-03-31,2025-05-06,2025.0,Q1,2026-04-14,223.93,31850000000.0,2490000000.0,687000000.0,-74000000.0,81633000000.0,58568000000.0,23065000000.0,30910000000.0,3812000000.0,1.1942794279427942,-0.2364217252396166,-947.1633783783784,2026-04-15T23:15:00+00:00
MAR,MARRIOTT INTERNATIONAL INC /MD/,simfin,2026-04-15 23:13:34+00:00,2025-03-31,2025-05-06,2025.0,Q1,2026-04-14,366.7,6263000000.0,5967000000.0,949000000.0,665000000.0,26651000000.0,29819000000.0,-3168000000.0,15062000000.0,523000000.0,0.4521970062771608,2.394670507742168,153.13171428571428,2026-04-15T23:15:00+00:00
MLM,Martin Marietta Materials,simfin,2026-04-15 23:13:34+00:00,2025-03-31,2025-04-30,2025.0,Q1,2026-04-14,630.8,1353000000.0,335000000.0,196000000.0,116000000.0,17724000000.0,8640000000.0,9084000000.0,5414000000.0,101000000.0,2.2491978609625667,1.901639344262295,331.71379310344827,2026-04-15T23:15:00+00:00
MAS,MASCO CORP /DE/,simfin,2026-04-15 23:13:34+00:00,2025-03-31,2025-04-23,2025.0,Q1,2026-04-14,64.91,1801000000.0,644000000.0,286000000.0,185000000.0,5106000000.0,5113000000.0,-6000000.0,3078000000.0,377000000.0,1.7454772301933874,0.8685446009389671,74.73421621621621,2026-04-15T23:15:00+00:00
MA,Mastercard Inc,simfin,2026-04-15 23:13:34+00:00,2025-03-31,2025-05-01,2025.0,Q1,2026-04-14,513.16,7250000000.0,,4300000000.0,3280000000.0,48470000000.0,41774000000.0,6696000000.0,18802000000.0,7894000000.0,1.1108368857976216,3.588621444201313,142.99641463414633,2026-04-15T23:15:00+00:00
MTCH,"Match Group, Inc.",simfin,2026-04-15 23:13:34+00:00,2025-03-31,2025-05-08,2025.0,Q1,2026-04-14,33.59,831178000.0,594270000.0,172593000.0,117570000.0,3889885000.0,4072597000.0,-182712000.0,3427164000.0,414170000.0,1.6234159365613454,0.4323570945250213,77.69041013864083,2026-04-15T23:15:00+00:00
MKC,MCCORMICK & CO INC,simfin,2026-04-15 23:13:34+00:00,2025-02-28,2025-03-25,2025.0,Q1,2026-04-14,53.84,1605500000.0,604000000.0,225200000.0,162300000.0,12899800000.0,7450100000.0,5449700000.0,4307700000.0,102800000.0,0.6488603758986428,0.6022263450834879,89.40160197165743,2026-04-15T23:15:00+00:00
MCD,MCDONALDS CORP,simfin,2026-04-15 23:13:34+00:00,2025-03-31,2025-05-12,2025.0,Q1,2026-04-14,303.22,5955000000.0,5335000000.0,2647000000.0,1867000000.0,56329000000.0,59783000000.0,-3454000000.0,38925000000.0,1238000000.0,1.181636726546906,2600278.5515320334,0.0001166105838243,2026-04-15T23:15:00+00:00
MCK,MCKESSON CORP,simfin,2026-04-15 23:13:34+00:00,2025-03-31,2025-05-09,2024.0,FY,2026-04-14,862.79,359051000000.0,13323000000.0,4816000000.0,3295000000.0,75140000000.0,76834000000.0,-1694000000.0,5654000000.0,5691000000.0,0.8992597883254334,25.72209211553474,33.54276145675265,2026-04-15T23:15:00+00:00
MDT,Medtronic plc,simfin,2026-04-15 23:13:34+00:00,2025-01-31,2025-02-25,2025.0,Q3,2026-04-14,88.12,8292000000.0,5513000000.0,1710000000.0,1292000000.0,89972000000.0,40358000000.0,49616000000.0,26607000000.0,7922000000.0,1.6894559099437148,1.004509407557145,87.72441486068112,2026-04-15T23:15:00+00:00
MRK,"Merck & Co., Inc.",simfin,2026-04-15 23:13:34+00:00,2025-03-31,2025-05-02,2025.0,Q1,2026-04-14,119.96,15529000000.0,12110000000.0,5937000000.0,5079000000.0,115122000000.0,66722000000.0,48400000000.0,34844000000.0,9228000000.0,1.164177325812346,2.0067167127617545,59.77924000787556,2026-04-15T23:15:00+00:00
META,"Meta Platforms, Inc.",simfin,2026-04-15 23:13:34+00:00,2025-03-31,2025-05-01,2025.0,Q1,2026-04-14,662.49,42314000000.0,34742000000.0,17555000000.0,16644000000.0,280213000000.0,95184000000.0,185029000000.0,28829000000.0,70230000000.0,2.6623487754499853,6.4262548262548265,103.09114996395095,2026-04-15T23:15:00+00:00
MTD,METTLER TOLEDO INTERNATIONAL INC/,simfin,2026-04-15 23:13:34+00:00,2025-03-31,2025-05-02,2025.0,Q1,2026-04-14,1341.53,883744000.0,525879000.0,219541000.0,163587000.0,3234679000.0,3416661000.0,-181982000.0,2074095000.0,64291000.0,1.0131339181261116,7.810242619927785,171.7654707136875,2026-04-15T23:15:00+00:00
MGM,MGM Resorts International,simfin,2026-04-15 23:13:34+00:00,2025-03-31,2025-04-30,2025.0,Q1,2026-04-14,36.73,4277082000.0,1957199000.0,397953000.0,148554000.0,41903113000.0,38281691000.0,3621422000.0,6414628000.0,2270563000.0,1.3059260977044949,0.5138569886819603,71.47903173256863,2026-04-15T23:15:00+00:00
MCHP,MICROCHIP TECHNOLOGY INC,simfin,2026-04-15 23:13:34+00:00,2025-03-31,2025-05-23,2024.0,FY,2026-04-14,74.5,4401600000.0,2467900000.0,375500000.0,-500000.0,15374600000.0,8296300000.0,7078300000.0,5630400000.0,771700000.0,2.589645918102329,-0.0050251256281407,-14825.5,2026-04-15T23:15:00+00:00
MU,MICRON TECHNOLOGY INC,simfin,2026-04-15 23:13:34+00:00,2025-02-28,2025-03-21,2025.0,Q2,2026-04-14,465.66,8053000000.0,2963000000.0,1773000000.0,1583000000.0,73053000000.0,24420000000.0,48633000000.0,14355000000.0,8215000000.0,3.1343150945791547,1.4096170970614426,330.3450284270373,2026-04-15T23:15:00+00:00
MSFT,MICROSOFT CORP,simfin,2026-04-15 23:13:34+00:00,2025-03-31,2025-04-30,2025.0,Q3,2026-04-14,393.11,70066000000.0,48147000000.0,32000000000.0,25824000000.0,562624000000.0,240733000000.0,321891000000.0,42881000000.0,79618000000.0,1.3715916852004273,3.4611982308001608,113.5762743959108,2026-04-15T23:15:00+00:00
MAA,MID AMERICA APARTMENT COMMUNITIES INC.,simfin,2026-04-15 23:13:34+00:00,2023-09-30,2023-10-26,2023.0,Q3,2026-04-14,126.34,542042000.0,419382000.0,166295000.0,110732000.0,11382322000.0,5060700000.0,6321622000.0,4394263000.0,161897000.0,0.1577102655796568,0.9408710404332068,134.27982642746562,2026-04-15T23:15:00+00:00
MRNA,"Moderna, Inc.",simfin,2026-04-15 23:13:34+00:00,2025-03-31,2025-05-01,2025.0,Q1,2026-04-14,52.84,108000000.0,18000000.0,-1050000000.0,-971000000.0,12704000000.0,2638000000.0,10066000000.0,0.0,5975000000.0,4.218204488778055,-2.5155440414507773,-21.0053964984552,2026-04-15T23:15:00+00:00
MOH,"MOLINA HEALTHCARE, INC.",simfin,2026-04-15 23:13:34+00:00,2025-03-31,2025-04-24,2025.0,Q1,2026-04-14,147.51,11147000000.0,1668000000.0,433000000.0,298000000.0,16386000000.0,12076000000.0,4310000000.0,3574000000.0,9294000000.0,1.6256284488044144,5.437956204379562,27.126,2026-04-15T23:15:00+00:00
TAP,MOLSON COORS BREWING CO,simfin,2026-04-15 23:13:34+00:00,2025-03-31,2025-05-08,2025.0,Q1,2026-04-14,43.66,2304100000.0,850900000.0,181800000.0,121000000.0,25930500000.0,12478700000.0,13451800000.0,6237800000.0,412700000.0,0.894549514969642,0.5931372549019608,73.6085950413223,2026-04-15T23:15:00+00:00
MDLZ,Mondelez International,simfin,2026-04-15 23:13:34+00:00,2025-03-31,2025-04-29,2025.0,Q1,2026-04-14,57.84,9313000000.0,2430000000.0,682000000.0,402000000.0,68927000000.0,43104000000.0,25823000000.0,19538000000.0,1561000000.0,0.6061038899204876,0.3080459770114943,187.7641791044776,2026-04-15T23:15:00+00:00
MPWR,MONOLITHIC POWER SYSTEMS INC,simfin,2026-04-15 23:13:34+00:00,2025-03-31,2025-05-05,2025.0,Q1,2026-04-14,1363.42,637554000.0,353230000.0,168759000.0,133791000.0,3805760000.0,538750000.0,3267010000.0,0.0,1026664000.0,4.921246776976398,2.7869641294838146,489.21332914770056,2026-04-15T23:15:00+00:00
MNST,Monster Beverage Corp,simfin,2026-04-15 23:13:34+00:00,2025-03-31,2025-05-09,2025.0,Q1,2026-04-14,75.07,1854558000.0,1047962000.0,569745000.0,442993000.0,8227028000.0,1707589000.0,6519439000.0,199059000.0,1903419000.0,3.3748687117305405,0.4514431121736666,166.28894754544655,2026-04-15T23:15:00+00:00
MCO,MOODYS CORP /DE/,simfin,2026-04-15 23:13:34+00:00,2025-03-31,2025-04-23,2025.0,Q1,2026-04-14,438.06,1924000000.0,1433000000.0,881000000.0,625000000.0,15096000000.0,11238000000.0,3858000000.0,6823000000.0,2201000000.0,1.5649640041138155,3.458771444382956,126.6519072,2026-04-15T23:15:00+00:00
MOS,MOSAIC CO,simfin,2026-04-15 23:13:34+00:00,2025-03-31,2025-05-07,2025.0,Q1,2026-04-14,23.94,2620900000.0,488400000.0,338500000.0,238100000.0,23165700000.0,11249000000.0,11916700000.0,4597600000.0,259200000.0,1.123148374480567,0.7482715273412948,31.99373372532549,2026-04-15T23:15:00+00:00
MSI,"Motorola Solutions, Inc.",simfin,2026-04-15 23:13:34+00:00,2025-03-31,2025-05-01,2025.0,Q1,2026-04-14,440.08,2528000000.0,1300000000.0,582000000.0,430000000.0,14433000000.0,12774000000.0,1659000000.0,5999000000.0,1564000000.0,1.1984965461194637,2.532391048292108,173.78042790697674,2026-04-15T23:15:00+00:00
MSCI,MSCI Inc.,simfin,2026-04-15 23:13:34+00:00,2025-03-31,2025-04-22,2025.0,Q1,2026-04-14,545.69,745826000.0,,377023000.0,288600000.0,5344374000.0,6302944000.0,-958570000.0,4546859000.0,360671000.0,0.8426047923793313,3.709177837469636,147.11885595980598,2026-04-15T23:15:00+00:00
NDAQ,NASDAQ OMX Group,simfin,2026-04-15 23:13:34+00:00,2025-03-31,2025-04-28,2025.0,Q1,2026-04-14,86.71,2090000000.0,1341000000.0,576000000.0,395000000.0,30647000000.0,19092000000.0,11555000000.0,9326000000.0,891000000.0,0.9808054196462176,0.6810546114450852,127.31724966374682,2026-04-15T23:15:00+00:00
NTAP,"NetApp, Inc.",simfin,2026-04-15 23:13:34+00:00,2025-01-31,2025-02-27,2025.0,Q3,2026-04-14,98.89,1641000000.0,1145000000.0,373000000.0,299000000.0,8989000000.0,7994000000.0,995000000.0,6116000000.0,2261000000.0,0.931585220500596,1.4375,68.79304347826087,2026-04-15T23:15:00+00:00
NFLX,NETFLIX INC,simfin,2026-04-15 23:13:34+00:00,2025-03-31,2025-04-18,2025.0,Q1,2026-04-14,106.28,10542801000.0,5279654000.0,3346999000.0,2890351000.0,52087644000.0,28059571000.0,24028073000.0,15016918000.0,8370990000.0,1.2036434769536388,0.6614650701891698,160.67363915316858,2026-04-15T23:15:00+00:00
NEM,NEWMONT MINING CORP /DE/,simfin,2026-04-15 23:13:34+00:00,2025-03-31,2025-04-24,2025.0,Q1,2026-04-14,119.3,5010000000.0,2904000000.0,2016000000.0,1891000000.0,55519000000.0,24088000000.0,31431000000.0,8657000000.0,4716000000.0,1.979358643568006,1.6779059449866904,71.10052882072976,2026-04-15T23:15:00+00:00
NWS,NEWS CORP,simfin,2026-04-15 23:13:34+00:00,2023-06-30,2023-08-15,2023.0,FY,2026-04-14,28.83,8012000000.0,,674000000.0,149000000.0,16921000000.0,7976000000.0,8945000000.0,2967000000.0,1833000000.0,1.280568720379147,0.2573402417962003,112.0306711409396,2026-04-15T23:15:00+00:00
NEE,NEXTERA ENERGY INC,simfin,2026-04-15 23:13:34+00:00,2025-03-31,2025-04-23,2025.0,Q1,2026-04-14,91.31,6247000000.0,5082000000.0,2220000000.0,833000000.0,194264000000.0,133898000000.0,60366000000.0,89678000000.0,2419000000.0,0.5532566379423473,0.4042315717959917,225.88537454981991,2026-04-15T23:15:00+00:00
NKE,NIKE INC,simfin,2026-04-15 23:13:34+00:00,2025-02-28,2025-04-03,2025.0,Q3,2026-04-14,44.2,11269000000.0,4675000000.0,788000000.0,794000000.0,37793000000.0,23786000000.0,14007000000.0,8960000000.0,10393000000.0,2.1927292167869554,0.536269080102661,82.42130982367759,2026-04-15T23:15:00+00:00
NI,NISOURCE INC/DE,simfin,2026-04-15 23:13:34+00:00,2024-12-31,2025-02-12,2024.0,FY,2026-04-14,47.22,5455100000.0,4322900000.0,1464500000.0,760400000.0,31788100000.0,21119800000.0,10668300000.0,13960300000.0,279500000.0,0.4379102445665386,1.6221491228070175,29.10953089090172,2026-04-15T23:15:00+00:00
NDSN,NORDSON CORP,simfin,2026-04-15 23:13:34+00:00,2025-01-31,2025-02-20,2025.0,Q1,2026-04-14,279.01,615420000.0,335896000.0,140947000.0,94652000.0,5871526000.0,2994915000.0,2876611000.0,2186240000.0,130424000.0,2.5327568291166305,1.6465226315972583,169.4540935215315,2026-04-15T23:15:00+00:00
NSC,Norfolk Southern Corp.,simfin,2026-04-15 23:13:34+00:00,2025-03-31,2025-04-23,2025.0,Q1,2026-04-14,299.7,2993000000.0,2046000000.0,961000000.0,750000000.0,43800000000.0,29289000000.0,14511000000.0,17215000000.0,1006000000.0,0.7828985507246377,3.3112582781456954,90.5094,2026-04-15T23:15:00+00:00
NOC,NORTHROP GRUMMAN CORP /DE/,simfin,2026-04-15 23:13:34+00:00,2025-03-31,2025-04-22,2025.0,Q1,2026-04-14,680.13,9468000000.0,1580000000.0,573000000.0,481000000.0,48468000000.0,33484000000.0,14984000000.0,14167000000.0,1685000000.0,0.9497458658458016,3.3195307108350587,204.887395010395,2026-04-15T23:15:00+00:00
NCLH,Norwegian Cruise Line Holdings Ltd.,simfin,2026-04-15 23:13:34+00:00,2025-03-31,2025-05-05,2025.0,Q1,2026-04-14,21.09,2127553000.0,823615000.0,200942000.0,-40295000.0,21354343000.0,19937809000.0,1416534000.0,13993781000.0,184359000.0,0.187956067843599,-0.0704221893703791,-299.47947072589653,2026-04-15T23:15:00+00:00
NRG,NRG Energy,simfin,2026-04-15 23:13:34+00:00,2024-06-30,2024-08-08,2024.0,Q2,2026-04-14,170.96,6659000000.0,2331000000.0,1426000000.0,738000000.0,25762000000.0,22139000000.0,3620000000.0,10687000000.0,376000000.0,1.7392692444129123,3.369158878504673,50.74263522884882,2026-04-15T23:15:00+00:00
NUE,NUCOR CORP,simfin,2026-04-15 23:13:34+00:00,2025-03-31,2025-05-14,2025.0,Q1,2026-04-14,190.04,7830000000.0,605000000.0,324000000.0,156000000.0,34699000000.0,13584000000.0,21115000000.0,7880000000.0,4061000000.0,2.5222375963629178,0.669815371404036,283.71997435897435,2026-04-15T23:15:00+00:00
NVDA,NVIDIA CORP,simfin,2026-04-15 23:13:34+00:00,2025-01-31,2025-02-26,2024.0,FY,2026-04-14,196.51,130497000000.0,97858000000.0,81453000000.0,72880000000.0,111601000000.0,32274000000.0,79327000000.0,8463000000.0,43210000000.0,4.439851498864077,2.938235768424448,66.88026948408341,2026-04-15T23:15:00+00:00
NVR,NVR INC,simfin,2026-04-15 23:13:34+00:00,2025-03-31,2025-05-05,2025.0,Q1,2026-04-14,6843.71,2377157000.0,541782000.0,351972000.0,299576000.0,6195533000.0,2240869000.0,3954664000.0,910633000.0,2211106000.0,2.369075832106512,94.83254194365306,72.16626128261277,2026-04-15T23:15:00+00:00
NXPI,NXP Semiconductors N.V.,simfin,2026-04-15 23:13:34+00:00,2025-03-31,2025-04-29,2025.0,Q1,2026-04-14,209.89,2835000000.0,1560000000.0,705000000.0,490000000.0,25180000000.0,15503000000.0,9677000000.0,11725000000.0,3988000000.0,2.084957131722525,1.9214329968864945,109.23617963265303,2026-04-15T23:15:00+00:00
ORLY,O REILLY AUTOMOTIVE INC,simfin,2026-04-15 23:13:34+00:00,2025-03-31,2025-05-09,2025.0,Q1,2026-04-14,93.52,4136924000.0,2121485000.0,741466000.0,538485000.0,15293875000.0,16651331000.0,-1357456000.0,5651821000.0,191248000.0,0.708473385718781,0.6230085731144355,150.11029388005235,2026-04-15T23:15:00+00:00
OXY,OCCIDENTAL PETROLEUM CORP /DE/,simfin,2026-04-15 23:13:34+00:00,2025-03-31,2025-05-07,2025.0,Q1,2026-04-14,55.38,6843000000.0,4825000000.0,1517000000.0,936000000.0,84967000000.0,49862000000.0,35105000000.0,25594000000.0,2612000000.0,1.0096643458380965,0.7793264828568521,71.06136031331593,2026-04-15T23:15:00+00:00
ODFL,OLD DOMINION FREIGHT LINE INC/VA,simfin,2026-04-15 23:13:34+00:00,2024-12-31,2025-02-25,2024.0,FY,2026-04-14,210.41,5814810000.0,3125496000.0,1568371000.0,1186073000.0,5491395000.0,1246807000.0,4244588000.0,59987000.0,108676000.0,1.333292015784537,5.478776820564935,38.40455760311549,2026-04-15T23:15:00+00:00
OMC,OMNICOM GROUP INC.,simfin,2026-04-15 23:13:34+00:00,2025-03-31,2025-04-16,2025.0,Q1,2026-04-14,76.48,3690400000.0,629500000.0,452600000.0,287700000.0,28113700000.0,22745300000.0,5368400000.0,6135600000.0,3378300000.0,1.0061806481774307,1.4508320726172466,52.71457768508864,2026-04-15T23:15:00+00:00
ON,ON SEMICONDUCTOR CORP,simfin,2026-04-15 23:13:34+00:00,2025-03-31,2025-05-05,2025.0,Q1,2026-04-14,72.05,1445700000.0,293800000.0,-34400000.0,-486100000.0,13253900000.0,5205000000.0,8048900000.0,3348300000.0,3012500000.0,4.94915121645936,-1.1538096368383577,-62.44530960707673,2026-04-15T23:15:00+00:00
OKE,ONEOK INC /NEW/,simfin,2026-04-15 23:13:34+00:00,2025-03-31,2025-04-30,2025.0,Q1,2026-04-14,84.84,8043000000.0,2388000000.0,1262000000.0,636000000.0,64263000000.0,42143000000.0,22120000000.0,32040000000.0,141000000.0,0.6656962639495391,1.0383673469387755,81.70518867924528,2026-04-15T23:15:00+00:00
ORCL,ORACLE CORP,simfin,2026-04-15 23:13:34+00:00,2025-02-28,2025-03-11,2025.0,Q3,2026-04-14,163.0,14130000000.0,9935000000.0,4449000000.0,2936000000.0,161378000000.0,144117000000.0,17261000000.0,96276000000.0,17823000000.0,0.7636677147783751,1.021572720946416,159.55790190735695,2026-04-15T23:15:00+00:00
OTIS,Otis Worldwide Corp,simfin,2026-04-15 23:13:34+00:00,2025-03-31,2025-04-24,2025.0,Q1,2026-04-14,81.9,3350000000.0,1001000000.0,500000000.0,243000000.0,11178000000.0,16169000000.0,-4991000000.0,8406000000.0,1918000000.0,0.942093258996452,0.6088699574041594,134.5114814814815,2026-04-15T23:15:00+00:00
PCAR,PACCAR INC,simfin,2026-04-15 23:13:34+00:00,2024-12-31,2025-02-19,2024.0,FY,2026-04-14,125.43,31564300000.0,5494700000.0,4382900000.0,4162000000.0,43418900000.0,25912000000.0,17506900000.0,15895000000.0,9839600000.0,1.577577439722022,7.903532092669958,15.870119654012496,2026-04-15T23:15:00+00:00
PKG,Packaging Corp Of America,simfin,2026-04-15 23:13:34+00:00,2025-03-31,2025-05-08,2025.0,Q1,2026-04-14,209.93,2141000000.0,454700000.0,293300000.0,203800000.0,8969800000.0,4470600000.0,4499200000.0,2718400000.0,843100000.0,3.2772650590453507,2.274553571428572,92.2950343473994,2026-04-15T23:15:00+00:00
PLTR,Palantir Technologies Inc.,simfin,2026-04-15 23:13:34+00:00,2025-03-31,2025-05-06,2025.0,Q1,2026-04-14,135.7,883855000.0,710885000.0,176048000.0,214031000.0,6736917000.0,1217944000.0,5518973000.0,0.0,5430689000.0,6.806539158245073,0.09203259373925,1474.4776224004931,2026-04-15T23:15:00+00:00
PANW,Palo Alto Networks Inc,simfin,2026-04-15 23:13:34+00:00,2025-01-31,2025-02-14,2025.0,Q2,2026-04-14,161.59,2257000000.0,1658000000.0,241000000.0,269000000.0,20951700000.0,14576400000.0,6375300000.0,533800000.0,3232900000.0,0.9033112960218852,0.3794076163610719,425.900780669145,2026-04-15T23:15:00+00:00
PH,PARKER HANNIFIN CORP,simfin,2026-04-15 23:13:34+00:00,2025-03-31,2025-05-06,2025.0,Q3,2026-04-14,985.0,4960349000.0,1830398000.0,1046043000.0,960866000.0,28917808000.0,15517983000.0,13399825000.0,9372913000.0,408735000.0,1.2070854111504103,7.373082311141701,133.59405991053904,2026-04-15T23:15:00+00:00
PAYX,PAYCHEX INC,simfin,2026-04-15 23:13:34+00:00,2024-05-31,2024-07-11,2024.0,FY,2026-04-14,88.85,5278300000.0,3799000000.0,2174100000.0,1690400000.0,10383100000.0,6582100000.0,3801000000.0,817300000.0,1502800000.0,1.3658623872219398,4.668323667495167,19.032527804070043,2026-04-15T23:15:00+00:00
PAYC,"Paycom Software, Inc.",simfin,2026-04-15 23:13:34+00:00,2025-03-31,2025-05-08,2025.0,Q1,2026-04-14,119.84,530500000.0,445900000.0,185100000.0,139400000.0,4572600000.0,2855400000.0,1717200000.0,0.0,520800000.0,1.2146107589793598,2.476021314387211,48.400229555236734,2026-04-15T23:15:00+00:00
PYPL,"PayPal Holdings, Inc.",simfin,2026-04-15 23:13:34+00:00,2025-03-31,2025-04-29,2025.0,Q1,2026-04-14,47.97,7791000000.0,4087000000.0,1967000000.0,1287000000.0,81274000000.0,61020000000.0,20254000000.0,11417000000.0,11211000000.0,1.3000514778430785,1.2882882882882882,37.235454545454544,2026-04-15T23:15:00+00:00
PNR,PENTAIR plc,simfin,2026-04-15 23:13:34+00:00,2025-03-31,2025-04-22,2025.0,Q1,2026-04-14,90.81,1010400000.0,403300000.0,203100000.0,154900000.0,6747200000.0,3113600000.0,3633600000.0,1835700000.0,140600000.0,1.8922975786129068,0.931449188214071,97.49324080051646,2026-04-15T23:15:00+00:00
PEP,PEPSICO INC,simfin,2026-04-15 23:13:34+00:00,2025-03-31,2025-04-24,2025.0,Q1,2026-04-14,155.72,17919000000.0,9993000000.0,2583000000.0,1834000000.0,101737000000.0,83208000000.0,18529000000.0,48518000000.0,8582000000.0,0.834248357716353,1.3328488372093024,116.832453653217,2026-04-15T23:15:00+00:00
PFE,PFIZER INC,simfin,2026-04-15 23:13:34+00:00,2025-03-31,2025-05-05,2025.0,Q1,2026-04-14,27.11,13715000000.0,10870000000.0,4425000000.0,2968000000.0,208028000000.0,117389000000.0,90637000000.0,62109000000.0,17317000000.0,1.2581893004115223,0.5197898423817864,52.155694070080855,2026-04-15T23:15:00+00:00
PCG,PG&E Corp.,simfin,2026-04-15 23:13:34+00:00,2025-03-31,2025-04-24,2025.0,Q1,2026-04-14,17.56,5983000000.0,5088000000.0,1269000000.0,634000000.0,135443000000.0,104506000000.0,30937000000.0,58882000000.0,2406000000.0,11.08464566929134,0.2759090909090909,63.64415156507414,2026-04-15T23:15:00+00:00
PM,Philip Morris International Inc.,simfin,2026-04-15 23:13:34+00:00,2025-03-31,2025-04-24,2025.0,Q1,2026-04-14,159.47,9301000000.0,6261000000.0,3544000000.0,2690000000.0,65079000000.0,74005000000.0,-8926000000.0,49579000000.0,4443000000.0,0.7764368419211529,1.7276814386640975,92.30289591078068,2026-04-15T23:15:00+00:00
PSX,Phillips 66,simfin,2026-04-15 23:13:34+00:00,2025-03-31,2025-04-25,2025.0,Q1,2026-04-14,158.76,30430000000.0,2770000000.0,-407000000.0,487000000.0,71838000000.0,43485000000.0,28353000000.0,18803000000.0,1489000000.0,1.2281798024591817,1.186343649894642,133.82294414784394,2026-04-15T23:15:00+00:00
PNW,PINNACLE WEST CAPITAL CORP,simfin,2026-04-15 23:13:34+00:00,2024-06-30,2024-08-01,2024.0,Q2,2026-04-14,102.69,1308994000.0,871822000.0,313747000.0,203805000.0,25701130000.0,19384808000.0,6316322000.0,9587675000.0,4007000.0,0.658285090346347,1.759928499261677,58.34896136012365,2026-04-15T23:15:00+00:00
POOL,Pool Corp,simfin,2026-04-15 23:13:34+00:00,2025-03-31,2025-04-29,2025.0,Q1,2026-04-14,217.98,1071526000.0,312369000.0,77538000.0,53545000.0,3712449000.0,2473758000.0,1238691000.0,1025090000.0,71644000.0,1.79439306418291,1.422933829391443,153.19053879914088,2026-04-15T23:15:00+00:00
PPG,PPG INDUSTRIES INC,simfin,2026-04-15 23:13:34+00:00,2025-03-31,2025-04-30,2025.0,Q1,2026-04-14,110.54,3684000000.0,1542000000.0,481000000.0,373000000.0,21140000000.0,14048000000.0,7092000000.0,7262000000.0,1893000000.0,1.3536063046085318,1.6295325469637396,67.83540482573727,2026-04-15T23:15:00+00:00
PPL,PPL Corp,simfin,2026-04-15 23:13:34+00:00,2024-12-31,2025-02-13,2024.0,FY,2026-04-13,39.5,8462000000.0,6000000000.0,1740000000.0,888000000.0,41069000000.0,26992000000.0,14077000000.0,16806000000.0,306000000.0,0.8640864086408641,1.2002384257413297,32.91012781531531,2026-04-15T23:15:00+00:00
PG,PROCTER & GAMBLE Co,simfin,2026-04-15 23:13:34+00:00,2025-03-31,2025-04-24,2025.0,Q3,2026-04-14,144.38,19776000000.0,10082000000.0,4558000000.0,3771000000.0,122983000000.0,70439000000.0,52545000000.0,34141000000.0,9116000000.0,0.7134723195515067,1.5393093313739896,93.79531264916469,2026-04-15T23:15:00+00:00
PLD,"Prologis, Inc.",simfin,2026-04-15 23:13:34+00:00,2025-03-31,2025-04-29,2025.0,Q1,2026-04-14,138.36,2139665000.0,1590571000.0,814163000.0,592953000.0,95993391000.0,37917953000.0,58075438000.0,32262055000.0,671117000.0,0.2151133206433355,0.6186731235879843,223.63990728671635,2026-04-15T23:15:00+00:00
PEG,PUBLIC SERVICE ENTERPRISE GROUP INC,simfin,2026-04-15 23:13:34+00:00,2024-12-31,2025-02-25,2024.0,FY,2026-04-14,82.05,10290000000.0,6897000000.0,2353000000.0,1772000000.0,54640000000.0,38526000000.0,16114000000.0,22707000000.0,125000000.0,0.6510376633358954,3.544,23.15180586907449,2026-04-15T23:15:00+00:00
PTC,PTC INC.,simfin,2026-04-15 23:13:34+00:00,2025-03-31,2025-05-01,2025.0,Q2,2026-04-14,133.65,636366000.0,530104000.0,227677000.0,162644000.0,6162431000.0,2775968000.0,3386463000.0,1567498000.0,235169000.0,0.9882739367502726,1.3457891339963923,99.3097630407516,2026-04-15T23:15:00+00:00
PSA,Public Storage,simfin,2026-04-15 23:13:34+00:00,2025-03-31,2025-04-30,2025.0,Q1,2026-04-14,304.0,1183184000.0,851337000.0,543438000.0,407791000.0,19615446000.0,9945094000.0,9670352000.0,9424558000.0,287177000.0,0.0288762479268672,2.0360687044594243,149.3073388605086,2026-04-15T23:15:00+00:00
PHM,PULTEGROUP INC/MI/,simfin,2026-04-15 23:13:34+00:00,2025-03-31,2025-04-22,2025.0,Q1,2026-04-14,122.68,3892650000.0,1122580000.0,674273000.0,522799000.0,17336546000.0,5035574000.0,12300972000.0,1625672000.0,1235666000.0,2.954613912932269,2.5669681436090817,47.79178904320781,2026-04-15T23:15:00+00:00
PWR,Quanta Services Inc.,simfin,2026-04-15 23:13:34+00:00,2025-03-31,2025-05-01,2025.0,Q1,2026-04-14,594.4,6233334000.0,834037000.0,230509000.0,144258000.0,19134546000.0,11662174000.0,7472372000.0,4433723000.0,520561000.0,1.3080969579354205,0.9555788134919584,622.0313715703808,2026-04-15T23:15:00+00:00
QCOM,QUALCOMM INC/DE,simfin,2026-04-15 23:13:34+00:00,2025-03-31,2025-04-30,2025.0,Q2,2026-04-14,132.84,10979000000.0,6042000000.0,3120000000.0,2812000000.0,55372000000.0,27644000000.0,27728000000.0,14623000000.0,13846000000.0,2.709328900893414,2.5219730941704035,52.67304409672831,2026-04-15T23:15:00+00:00
DGX,QUEST DIAGNOSTICS INC,simfin,2026-04-15 23:13:34+00:00,2025-03-31,2025-04-23,2025.0,Q1,2026-04-14,194.16,2652000000.0,863000000.0,346000000.0,220000000.0,15797000000.0,8754000000.0,7043000000.0,6032000000.0,188000000.0,1.439972241498959,1.9469026548672568,99.72763636363636,2026-04-15T23:15:00+00:00
RL,RALPH LAUREN CORP,simfin,2026-04-15 23:13:34+00:00,2025-03-31,2025-05-22,2024.0,FY,2026-04-14,373.0,7079000000.0,4852900000.0,989900000.0,742900000.0,7047300000.0,4458800000.0,2588500000.0,1142600000.0,2083000000.0,1.7762103388480106,11.6078125,32.133530757840894,2026-04-15T23:15:00+00:00
RTX,RTX Corporation,simfin,2026-04-15 23:13:34+00:00,2025-03-31,2025-04-22,2025.0,Q1,2026-04-14,202.81,20306000000.0,4116000000.0,2031000000.0,1535000000.0,164864000000.0,101520000000.0,63344000000.0,41300000000.0,5157000000.0,1.00554879902706,1.1355230063618875,178.60492377850164,2026-04-15T23:15:00+00:00
O,REALTY INCOME CORP,simfin,2026-04-15 23:13:34+00:00,2025-03-31,2025-05-06,2025.0,Q1,2026-04-14,63.81,1380505000.0,1273824000.0,620845000.0,249815000.0,69757696000.0,30515509000.0,39242187000.0,26973220000.0,319007000.0,0.2653735518483806,0.2799514989056996,227.93233917098647,2026-04-15T23:15:00+00:00
REG,REGENCY CENTERS CORP,simfin,2026-04-15 23:13:34+00:00,2025-03-31,2025-05-02,2025.0,Q1,2026-04-14,79.57,380912000.0,,146031000.0,109587000.0,12560070000.0,5683630000.0,6876440000.0,265000000.0,,,0.5839736432488326,136.25614943394802,2026-04-15T23:15:00+00:00
REGN,Regeneron,simfin,2026-04-15 23:13:34+00:00,2025-03-31,2025-04-29,2025.0,Q1,2026-04-14,755.51,3028700000.0,2564400000.0,604000000.0,808700000.0,37545200000.0,8157600000.0,29387600000.0,1984800000.0,17625700000.0,7.105653186533982,7.27248201438849,103.88612835414862,2026-04-15T23:15:00+00:00
RSG,"REPUBLIC SERVICES, INC.",simfin,2026-04-15 23:13:34+00:00,2025-03-31,2025-04-25,2025.0,Q1,2026-04-14,211.73,4009000000.0,1695000000.0,834000000.0,491000000.0,33103000000.0,21438000000.0,11665000000.0,13699000000.0,83000000.0,0.6648524778000573,1.5671879987232684,135.10185132382892,2026-04-15T23:15:00+00:00
RMD,RESMED INC,simfin,2026-04-15 23:13:34+00:00,2025-03-31,2025-04-24,2025.0,Q3,2026-04-14,230.69,1291736000.0,773853000.0,426268000.0,365041000.0,7566822000.0,2020689000.0,5546133000.0,673032000.0,932711000.0,2.9391740243274587,2.479561200923788,93.03662273552833,2026-04-15T23:15:00+00:00
HOOD,"Robinhood Markets, Inc.",simfin,2026-04-15 23:13:34+00:00,2025-03-31,2025-05-01,2025.0,Q1,2026-04-14,79.09,927000000.0,877000000.0,370000000.0,336000000.0,27517000000.0,19564000000.0,7953000000.0,11629000000.0,8858000000.0,1.5331360946745562,0.3695387375355065,214.02357037711312,2026-04-15T23:15:00+00:00
ROK,ROCKWELL AUTOMATION INC,simfin,2026-04-15 23:13:34+00:00,2025-03-31,2025-05-07,2025.0,Q2,2026-04-14,405.27,2001000000.0,810000000.0,341000000.0,252000000.0,10993000000.0,7388000000.0,3605000000.0,3682000000.0,450000000.0,1.0518973214285714,2.224183583406884,182.2106785714286,2026-04-15T23:15:00+00:00
ROL,ROLLINS INC,simfin,2026-04-15 23:13:34+00:00,2025-03-31,2025-04-24,2025.0,Q1,2026-04-14,54.8,822504000.0,422370000.0,142648000.0,105248000.0,2948558000.0,1592806000.0,1355752000.0,485451000.0,201177000.0,1.4631425883963889,0.2172597299116082,252.23266190331407,2026-04-15T23:15:00+00:00
ROP,ROPER TECHNOLOGIES INC,simfin,2026-04-15 23:13:34+00:00,2025-03-31,2025-05-02,2025.0,Q1,2026-04-14,354.0,1882800000.0,1293700000.0,525800000.0,331100000.0,31418800000.0,12195200000.0,19223600000.0,7456400000.0,372800000.0,0.4622017353579176,3.06007393715342,115.68347931138628,2026-04-15T23:15:00+00:00
ROST,ROSS STORES INC,simfin,2026-04-15 23:13:34+00:00,2025-01-31,2025-04-01,2024.0,FY,2026-04-14,223.29,21129219000.0,5868713000.0,2585586000.0,2090730000.0,14905332000.0,9396137000.0,5509195000.0,2214811000.0,4730744000.0,1.6171126114772647,6.316710173301429,35.34909689916919,2026-04-15T23:15:00+00:00
RCL,ROYAL CARIBBEAN CRUISES LTD,simfin,2026-04-15 23:13:34+00:00,2025-03-31,2025-04-29,2025.0,Q1,2026-04-14,281.53,3999000000.0,1921000000.0,947000000.0,731000000.0,37452000000.0,29310000000.0,8142000000.0,19389000000.0,386000000.0,0.1774757281553398,2.648550724637681,106.2958686730506,2026-04-15T23:15:00+00:00
SPGI,"S&P Global, Inc.",simfin,2026-04-15 23:13:34+00:00,2025-03-31,2025-04-29,2025.0,Q1,2026-04-14,425.24,3777000000.0,2624000000.0,1567000000.0,1090000000.0,59889000000.0,22164000000.0,37725000000.0,11391000000.0,1469000000.0,0.902027027027027,3.542411439714007,120.04252110091744,2026-04-15T23:15:00+00:00
CRM,SALESFORCE COM INC,simfin,2026-04-15 23:13:34+00:00,2025-01-31,2025-03-05,2024.0,FY,2026-04-14,171.31,37895000000.0,29252000000.0,7666000000.0,6197000000.0,102928000000.0,41755000000.0,61173000000.0,8433000000.0,14032000000.0,1.0624374553252325,6.362422997946612,26.925276746812973,2026-04-15T23:15:00+00:00
SBAC,SBA COMMUNICATIONS CORP,simfin,2026-04-15 23:13:34+00:00,2025-03-31,2025-05-01,2025.0,Q1,2026-04-14,218.08,664248000.0,510582000.0,334910000.0,220732000.0,10442917000.0,15351016000.0,-4908099000.0,12426174000.0,636447000.0,0.694940343227482,2.04116885518772,106.84074443216208,2026-04-15T23:15:00+00:00
SLB,SCHLUMBERGER LIMITED/NV,simfin,2026-04-15 23:13:34+00:00,2025-03-31,2025-04-25,2025.0,Q1,2026-04-14,51.49,8490000000.0,1606000000.0,1416000000.0,797000000.0,49002000000.0,28254000000.0,20748000000.0,14002000000.0,3897000000.0,1.2366985900505454,0.577536231884058,89.15457967377667,2026-04-15T23:15:00+00:00
STX,Seagate Technology,simfin,2026-04-15 23:13:34+00:00,2025-03-31,2025-05-02,2025.0,Q3,2026-04-14,533.44,2160000000.0,760000000.0,441000000.0,340000000.0,7564000000.0,8393000000.0,-829000000.0,5146000000.0,814000000.0,1.3606965174129353,1.5740740740740742,338.8912941176471,2026-04-15T23:15:00+00:00
SRE,Sempra Energy,simfin,2026-04-15 23:13:34+00:00,2024-12-31,2025-02-25,2024.0,FY,2026-04-14,96.16,13185000000.0,11428000000.0,2962000000.0,2862000000.0,96155000000.0,58367000000.0,37788000000.0,35848000000.0,1565000000.0,0.5461967755270773,4.415755012595169,21.776570422435213,2026-04-15T23:15:00+00:00
NOW,"ServiceNow, Inc.",simfin,2026-04-15 23:13:34+00:00,2025-03-31,2025-04-23,2025.0,Q1,2026-04-14,87.79,3088000000.0,2437000000.0,451000000.0,460000000.0,20972000000.0,10833000000.0,10139000000.0,1490000000.0,6597000000.0,1.1225478324049407,0.4394113797994947,199.79000097826088,2026-04-15T23:15:00+00:00
SHW,Sherwin-Williams,simfin,2026-04-15 23:13:34+00:00,2025-03-31,2025-04-29,2025.0,Q1,2026-04-14,333.6,5305700000.0,2559100000.0,756400000.0,503900000.0,24636100000.0,20506000000.0,4130100000.0,10776400000.0,199800000.0,0.7667805045260071,1.995643564356436,167.1641198650526,2026-04-15T23:15:00+00:00
SPG,SIMON PROPERTY GROUP INC /DE/,simfin,2026-04-15 23:13:34+00:00,2025-03-31,2025-05-12,2025.0,Q1,2026-04-14,202.96,1473012000.0,1306049000.0,727616000.0,414533000.0,32501143000.0,29233568000.0,3267575000.0,24753200000.0,1380008000.0,0.4820800434250044,1.267796417280181,160.0887944102355,2026-04-15T23:15:00+00:00
SWKS,"SKYWORKS SOLUTIONS, INC.",simfin,2026-04-15 23:13:34+00:00,2025-03-31,2025-05-07,2025.0,Q2,2026-04-14,57.28,953200000.0,391600000.0,116900000.0,68700000.0,7885700000.0,1945400000.0,5940300000.0,995100000.0,1506600000.0,4.950260926288324,0.4326196473551637,132.40267831149927,2026-04-15T23:15:00+00:00
SJM,J M SMUCKER Co,simfin,2026-04-15 23:13:34+00:00,2025-01-31,2025-02-27,2025.0,Q3,2026-04-14,92.21,2186000000.0,878100000.0,468800000.0,-662300000.0,18425600000.0,11518300000.0,6907300000.0,7847300000.0,47200000.0,0.6005046513041892,-6.224624060150376,-14.813746036539332,2026-04-15T23:15:00+00:00
SNA,SNAP-ON Inc,simfin,2026-04-15 23:13:34+00:00,2024-12-31,2025-02-13,2024.0,FY,2026-04-14,377.87,4707400000.0,2377900000.0,1345700000.0,1043900000.0,7896800000.0,2479800000.0,5417000000.0,1199200000.0,1360500000.0,4.149141965678627,19.51214953271028,19.365882747389595,2026-04-15T23:15:00+00:00
SO,SOUTHERN CO,simfin,2026-04-15 23:13:34+00:00,2022-12-31,2022-11-29,2022.0,FY,2026-04-14,95.96,3369000000.0,1444000000.0,396000000.0,354000000.0,134891000000.0,100359000000.0,34532000000.0,50656000000.0,1917000000.0,0.6551132027473925,0.3274745605920444,293.030395480226,2026-04-15T23:15:00+00:00
LUV,SOUTHWEST AIRLINES CO,simfin,2026-04-15 23:13:34+00:00,2025-03-31,2025-04-25,2025.0,Q1,2026-04-13,39.45,6428000000.0,1263000000.0,-223000000.0,-149000000.0,33212000000.0,23847000000.0,9365000000.0,6694000000.0,8252000000.0,0.7721746636932595,-0.2538330494037478,-155.41711409395975,2026-04-15T23:15:00+00:00
SWK,"STANLEY BLACK & DECKER, INC.",simfin,2026-04-15 23:13:34+00:00,2025-03-31,2025-04-30,2025.0,Q1,2026-04-14,72.19,3744600000.0,1120800000.0,253800000.0,90400000.0,22496200000.0,13654600000.0,8841600000.0,6739800000.0,344800000.0,1.104021295698332,0.5959169144160475,121.14104878318584,2026-04-15T23:15:00+00:00
SBUX,STARBUCKS CORP,simfin,2026-04-15 23:13:34+00:00,2025-03-31,2025-04-29,2025.0,Q2,2026-04-14,98.47,8761600000.0,6024000000.0,658100000.0,384200000.0,31633100000.0,39248500000.0,-7615400000.0,15571800000.0,3011600000.0,0.4118682747874311,0.3370175438596491,292.1806350858928,2026-04-15T23:15:00+00:00
STLD,STEEL DYNAMICS INC,simfin,2026-04-15 23:13:34+00:00,2025-03-31,2025-05-12,2025.0,Q1,2026-04-14,195.3,4369195000.0,486544000.0,275144000.0,217151000.0,15930428000.0,7096534000.0,8833894000.0,4196079000.0,1206553000.0,2.742916480252447,1.4399074325802836,135.63371893290844,2026-04-15T23:15:00+00:00
STE,STERIS plc,simfin,2026-04-15 23:13:34+00:00,2025-03-31,2025-05-29,2024.0,FY,2026-04-14,224.83,5459515000.0,2402764000.0,960840000.0,614641000.0,10146800000.0,3531000000.0,6615800000.0,2202500000.0,171700000.0,1.957346898845627,6.204170830431315,36.23852504144696,2026-04-15T23:15:00+00:00
SYK,STRYKER CORP,simfin,2026-04-15 23:13:34+00:00,2025-03-31,2025-05-02,2025.0,Q1,2026-04-14,345.88,5866000000.0,3744000000.0,872000000.0,654000000.0,46006000000.0,25076000000.0,20930000000.0,16781000000.0,2409000000.0,1.6423256400554924,1.6925465838509317,204.35478899082568,2026-04-15T23:15:00+00:00
SMCI,"Super Micro Computer, Inc.",simfin,2026-04-15 23:13:34+00:00,2025-03-31,2025-05-12,2025.0,Q3,2026-04-14,27.2,4599913000.0,440218000.0,146780000.0,108777000.0,10738525000.0,4359046000.0,6379479000.0,2492294000.0,2536101000.0,6.661542738226611,0.1749363550543655,155.48511909686792,2026-04-15T23:15:00+00:00
SNPS,SYNOPSYS INC,simfin,2026-04-15 23:13:34+00:00,2025-01-31,2025-02-26,2025.0,Q1,2026-04-14,418.8,1455315000.0,1185340000.0,251839000.0,295683000.0,13041089000.0,3736188000.0,9304901000.0,14220000.0,3809369000.0,2.798946923007466,1.8931102702495053,221.2232465173852,2026-04-15T23:15:00+00:00
SYY,SYSCO CORP,simfin,2026-04-15 23:13:34+00:00,2025-03-31,2025-04-30,2025.0,Q3,2026-04-14,74.04,19598000000.0,3581000000.0,681000000.0,401000000.0,26347000000.0,24402000000.0,1945000000.0,13466000000.0,1527000000.0,1.261633281972265,0.8194854260954323,90.34937979650874,2026-04-15T23:15:00+00:00
TMUS,"T-Mobile US, Inc.",simfin,2026-04-15 23:13:34+00:00,2025-03-31,2025-04-24,2025.0,Q1,2026-04-14,190.0,20886000000.0,13486000000.0,4800000000.0,2953000000.0,214633000000.0,153528000000.0,61105000000.0,90185000000.0,12003000000.0,1.1613271826992255,2.579815956593612,73.64866455469014,2026-04-15T23:15:00+00:00
TROW,T. Rowe Price Group,simfin,2026-04-15 23:13:34+00:00,2025-03-31,2025-05-02,2025.0,Q1,2026-04-14,95.84,1763900000.0,,625000000.0,490500000.0,13993700000.0,2461400000.0,11532300000.0,42000000.0,2836700000.0,2.540451330414281,2.203504043126685,43.49436085626912,2026-04-15T23:15:00+00:00
TTWO,TAKE TWO INTERACTIVE SOFTWARE INC,simfin,2026-04-15 23:13:34+00:00,2025-03-31,2025-05-20,2024.0,FY,2026-04-14,205.1,5633600000.0,3062200000.0,-739400000.0,-4478900000.0,9180700000.0,7043000000.0,2137700000.0,3661100000.0,1465500000.0,0.7787764810000554,-25.57909765848087,-8.01826564558262,2026-04-15T23:15:00+00:00
TPR,Tapestry Inc,simfin,2026-04-15 23:13:34+00:00,2024-06-30,2024-08-15,2024.0,FY,2026-04-14,150.87,6671200000.0,4889500000.0,1140100000.0,816000000.0,13396300000.0,10499400000.0,2896900000.0,7240600000.0,7203800000.0,5.143549894835242,3.4991423670668955,43.11627941176471,2026-04-15T23:15:00+00:00
TRGP,Targa Resources Corp.,simfin,2026-04-15 23:13:34+00:00,2025-03-31,2025-05-01,2025.0,Q1,2026-04-14,239.28,4561500000.0,1303700000.0,543300000.0,270500000.0,22800300000.0,20227600000.0,2572700000.0,16208700000.0,151400000.0,0.6491979612895157,0.9144947416552356,261.65268,2026-04-15T23:15:00+00:00
TGT,TARGET CORP,simfin,2026-04-15 23:13:34+00:00,2025-01-31,2025-03-12,2024.0,FY,2026-04-14,119.53,106566000000.0,30064000000.0,5566000000.0,4091000000.0,57769000000.0,43103000000.0,14666000000.0,15940000000.0,4762000000.0,0.9353334294918024,8.858813339107838,13.492777804937669,2026-04-15T23:15:00+00:00
TEL,TE Connectivity Ltd.,simfin,2026-04-15 23:13:34+00:00,2025-03-31,2025-04-28,2025.0,Q2,2026-04-14,236.88,4143000000.0,1459000000.0,802000000.0,13000000.0,23656000000.0,11439000000.0,12217000000.0,5614000000.0,2554000000.0,1.418921032056294,0.0433333333333333,5466.461538461538,2026-04-15T23:15:00+00:00
TDY,TELEDYNE TECHNOLOGIES INC,simfin,2026-04-15 23:13:34+00:00,2025-03-31,2025-04-28,2025.0,Q1,2026-04-14,647.59,1449900000.0,619500000.0,259300000.0,188600000.0,15048500000.0,5117100000.0,9931400000.0,2964800000.0,461500000.0,2.1853562005277043,3.987315010570824,162.4125503711559,2026-04-15T23:15:00+00:00
TER,"TERADYNE, INC",simfin,2026-04-15 23:13:34+00:00,2025-03-31,2025-05-02,2025.0,Q1,2026-04-14,365.51,685680000.0,415336000.0,135318000.0,98896000.0,3705837000.0,908338000.0,2797499000.0,0.0,621531000.0,3.832946830781596,0.6104842094866539,598.72146456884,2026-04-15T23:15:00+00:00
TSLA,Tesla,simfin,2026-04-15 23:13:34+00:00,2025-03-31,2025-04-23,2025.0,Q1,2026-04-14,364.2,19335000000.0,3153000000.0,493000000.0,409000000.0,125111000000.0,49693000000.0,75418000000.0,7529000000.0,36996000000.0,1.996067623432931,0.1161601817665436,3135.325672371638,2026-04-15T23:15:00+00:00
TXN,TEXAS INSTRUMENTS INC,simfin,2026-04-15 23:13:34+00:00,2025-03-31,2025-04-24,2025.0,Q1,2026-04-14,218.87,4069000000.0,2313000000.0,1324000000.0,1179000000.0,33757000000.0,17351000000.0,16406000000.0,12848000000.0,5005000000.0,5.257533145841704,1.287117903930131,170.0465818490246,2026-04-15T23:15:00+00:00
TPL,TEXAS PACIFIC LAND TRUST,simfin,2026-04-15 23:13:34+00:00,2024-12-31,2025-02-19,2024.0,FY,2026-04-14,412.2,705823000.0,,585262000.0,453960000.0,1248020000.0,115555000.0,1132465000.0,0.0,369835000.0,5.357155020114514,6.573485620724649,62.70645800158604,2026-04-15T23:15:00+00:00
TXT,Textron Inc.,simfin,2026-04-15 23:13:34+00:00,2025-03-31,2025-04-24,2025.0,Q1,2026-04-14,92.65,3306000000.0,634000000.0,204000000.0,207000000.0,16942000000.0,9667000000.0,7275000000.0,3734000000.0,1245000000.0,1.6596035543403964,1.1270335605549142,82.20695748792272,2026-04-15T23:15:00+00:00
TMO,THERMO FISHER SCIENTIFIC INC.,simfin,2026-04-15 23:13:34+00:00,2025-03-31,2025-05-02,2025.0,Q1,2026-04-14,527.22,10364000000.0,4235000000.0,1815000000.0,1507000000.0,99042000000.0,49557000000.0,49485000000.0,34189000000.0,5947000000.0,1.7744971537001897,3.9762532981530345,132.59215660252156,2026-04-15T23:15:00+00:00
TJX,TJX COMPANIES INC /DE/,simfin,2026-04-15 23:13:34+00:00,2025-01-31,2025-04-02,2024.0,FY,2026-04-14,160.28,56360000000.0,17248000000.0,6302000000.0,4864000000.0,31749000000.0,23356000000.0,8393000000.0,2866000000.0,5335000000.0,1.180141715116279,4.259194395796848,37.63152960526316,2026-04-15T23:15:00+00:00
TTD,"Trade Desk, Inc.",simfin,2026-04-15 23:13:34+00:00,2025-03-31,2025-05-08,2025.0,Q1,2026-04-14,21.02,616021000.0,473182000.0,54452000.0,50678000.0,5705441000.0,2988757000.0,2716684000.0,0.0,1740371000.0,1.8608351492722897,0.1007627091684163,208.60892063617348,2026-04-15T23:15:00+00:00
TSCO,Tractor Supply Company,simfin,2026-04-15 23:13:34+00:00,2025-03-31,2025-05-08,2025.0,Q1,2026-04-14,45.02,3466952000.0,1255422000.0,249137000.0,179369000.0,10385317000.0,8146777000.0,2238540000.0,2082721000.0,231717000.0,1.4059074475276812,0.33583474224816,134.05402817655224,2026-04-15T23:15:00+00:00
TT,Trane Technologies plc,simfin,2026-04-15 23:13:34+00:00,2025-03-31,2025-04-30,2025.0,Q1,2026-04-14,470.57,4688500000.0,1677500000.0,818900000.0,604900000.0,20117400000.0,12599900000.0,7517500000.0,4771300000.0,860500000.0,1.089065837416761,2.6718197879858656,176.12340552157383,2026-04-15T23:15:00+00:00
TDG,TransDigm Group,simfin,2026-04-15 23:13:34+00:00,2025-03-31,2025-05-06,2025.0,Q2,2026-04-14,1296.58,2150000000.0,1274000000.0,991000000.0,479000000.0,21905000000.0,27569000000.0,-5664000000.0,25049000000.0,2426000000.0,3.089681774349084,8.244406196213426,157.26784551148225,2026-04-15T23:15:00+00:00
TRMB,TRIMBLE INC.,simfin,2026-04-15 23:13:34+00:00,2025-03-31,2025-05-12,2025.0,Q1,2026-04-14,66.51,840600000.0,560800000.0,102000000.0,66700000.0,8898900000.0,3479800000.0,5419100000.0,1391000000.0,290000000.0,0.8434828357227411,0.2709179528838343,245.49868065967016,2026-04-15T23:15:00+00:00
TYL,TYLER TECHNOLOGIES INC,simfin,2026-04-15 23:13:34+00:00,2025-03-31,2025-04-25,2025.0,Q1,2026-04-14,322.31,565165000.0,267081000.0,89173000.0,81052000.0,5192134000.0,1679430000.0,3512704000.0,598366000.0,807403000.0,0.9395619035419202,1.8444803495437272,174.74298388688743,2026-04-15T23:15:00+00:00
TSN,TYSON FOODS INC,simfin,2026-04-15 23:13:34+00:00,2025-03-31,2025-05-05,2025.0,Q2,2026-04-14,64.96,13074000000.0,600000000.0,100000000.0,7000000.0,36280000000.0,17749000000.0,18531000000.0,9068000000.0,992000000.0,1.6687295231161268,0.0196078431372549,3312.96,2026-04-15T23:15:00+00:00
UBER,"Uber Technologies, Inc",simfin,2026-04-15 23:13:34+00:00,2025-03-31,2025-05-07,2025.0,Q1,2026-04-14,72.91,11533000000.0,4596000000.0,1228000000.0,1776000000.0,52822000000.0,29917000000.0,22905000000.0,18822000000.0,6026000000.0,1.2024271443903245,0.8367026002794662,87.13968377252252,2026-04-15T23:15:00+00:00
UDR,"UDR, Inc.",simfin,2026-04-15 23:13:34+00:00,2025-03-31,2025-05-01,2025.0,Q1,2026-04-14,35.12,421948000.0,273568000.0,77553000.0,76720000.0,10745412000.0,6356559000.0,4388853000.0,5811209000.0,1250000.0,0.0611002108737508,0.2276458547496812,154.2747178006727,2026-04-15T23:15:00+00:00
ULTA,"Ulta Salon, Cosmetics & Fragrance, Inc.",simfin,2026-04-15 23:13:34+00:00,2025-01-31,2025-03-26,2024.0,FY,2026-04-14,533.09,11295654000.0,4387253000.0,1564972000.0,1201118000.0,6001693000.0,3513340000.0,2488353000.0,0.0,703201000.0,1.7020766764185902,25.337903974348155,21.03923041699484,2026-04-15T23:15:00+00:00
UNP,UNION PACIFIC CORP,simfin,2026-04-15 23:13:34+00:00,2025-03-31,2025-04-24,2025.0,Q1,2026-04-14,252.04,6027000000.0,3581000000.0,2371000000.0,1626000000.0,68492000000.0,52453000000.0,16039000000.0,32842000000.0,1411000000.0,0.7295081967213115,2.701445422827712,93.29820172201724,2026-04-15T23:15:00+00:00
UAL,"United Continental Holdings, Inc.",simfin,2026-04-15 23:13:34+00:00,2025-03-31,2025-04-16,2025.0,Q1,2026-04-14,97.2,13212000000.0,4051000000.0,502000000.0,390000000.0,76111000000.0,63496000000.0,12616000000.0,32925000000.0,15330000000.0,0.7809217411527578,1.1711711711711712,82.99384615384615,2026-04-15T23:15:00+00:00
UPS,UNITED PARCEL SERVICE INC,simfin,2026-04-15 23:13:34+00:00,2025-03-31,2025-05-07,2025.0,Q1,2026-04-14,103.22,21546000000.0,5199000000.0,1666000000.0,1187000000.0,68466000000.0,52782000000.0,15684000000.0,25594000000.0,5065000000.0,1.091315453384419,1.396470588235294,73.91491154170177,2026-04-15T23:15:00+00:00
URI,UNITED RENTALS INC /DE,simfin,2026-04-15 23:13:34+00:00,2025-03-31,2025-04-23,2025.0,Q1,2026-04-14,771.01,3719000000.0,1356000000.0,805000000.0,518000000.0,28050000000.0,19261000000.0,8789000000.0,12922000000.0,542000000.0,0.8542435424354243,7.916252769924353,97.39582886100384,2026-04-15T23:15:00+00:00
UNH,UNITEDHEALTH GROUP INC,simfin,2026-04-15 23:13:34+00:00,2025-03-31,2025-05-07,2025.0,Q1,2026-04-14,314.19,109575000000.0,23774000000.0,9119000000.0,6292000000.0,309790000000.0,204621000000.0,105169000000.0,81271000000.0,34291000000.0,0.8485427994818059,6.8540305010893245,45.84018118245391,2026-04-15T23:15:00+00:00
UHS,"Universal Health Services, Inc.",simfin,2026-04-15 23:13:34+00:00,2025-03-31,2025-05-08,2025.0,Q1,2026-04-14,181.95,4099720000.0,2148616000.0,454825000.0,316680000.0,14875430000.0,7989696000.0,6885734000.0,4649682000.0,126753000.0,1.3650989676279752,4.548431575318856,40.00280030314513,2026-04-15T23:15:00+00:00
VLO,VALERO ENERGY CORP/TX,simfin,2026-04-15 23:13:34+00:00,2025-03-31,2025-04-24,2025.0,Q1,2026-04-14,235.58,30258000000.0,507000000.0,231000000.0,-595000000.0,59177000000.0,32862000000.0,26315000000.0,10854000000.0,4634000000.0,1.5578154923066765,-1.894904458598726,-124.32289075630251,2026-04-15T23:15:00+00:00
VTR,VENTAS INC,simfin,2026-04-15 23:13:34+00:00,2025-03-31,2025-05-01,2025.0,Q1,2026-04-14,85.34,1358074000.0,574190000.0,197691000.0,46868000.0,26032295000.0,14166450000.0,11865845000.0,12701675000.0,182335000.0,0.3793230930769352,0.1049853950504453,812.8749714090638,2026-04-15T23:15:00+00:00
VRSN,Verisign Inc.,simfin,2026-04-15 23:13:34+00:00,2025-03-31,2025-04-24,2025.0,Q1,2026-04-14,268.34,402300000.0,352900000.0,271200000.0,199300000.0,1447700000.0,3424700000.0,-1977000000.0,1786300000.0,648500000.0,0.555028757966734,2.102320675105485,127.6398996487707,2026-04-15T23:15:00+00:00
VRSK,Verisk Analytics,simfin,2026-04-15 23:13:34+00:00,2025-03-31,2025-05-07,2025.0,Q1,2026-04-14,170.63,753000000.0,522200000.0,330100000.0,232300000.0,5122100000.0,4998300000.0,123800000.0,3752500000.0,1112100000.0,1.2944485025566106,1.6482243043835352,103.52353107899268,2026-04-15T23:15:00+00:00
VZ,VERIZON COMMUNICATIONS INC,simfin,2026-04-15 23:13:34+00:00,2025-03-31,2025-04-25,2025.0,Q1,2026-04-14,45.48,33485000000.0,20429000000.0,7978000000.0,4879000000.0,380364000000.0,278327000000.0,102037000000.0,143649000000.0,2257000000.0,0.6116824419480562,1.1545196403218174,39.39300676368108,2026-04-15T23:15:00+00:00
VRTX,VERTEX PHARMACEUTICALS INC / MA,simfin,2026-04-15 23:13:34+00:00,2024-12-31,2025-02-13,2024.0,FY,2026-04-14,444.28,11020100000.0,9489600000.0,4395000000.0,-535600000.0,22533200000.0,6123600000.0,16409600000.0,0.0,6115900000.0,2.692139370476351,-2.0767739433889103,-213.92795369678865,2026-04-15T23:15:00+00:00
VTRS,Viatris Inc,simfin,2026-04-15 23:13:34+00:00,2025-03-31,2025-05-08,2025.0,Q1,2026-04-14,13.91,3254300000.0,1161200000.0,-8900000.0,-3042000000.0,38474900000.0,22824500000.0,15650400000.0,14186000000.0,755000000.0,1.6822083530008216,-2.551157329755116,-5.452427350427351,2026-04-15T23:15:00+00:00
VICI,VICI PROPERTIES INC.,simfin,2026-04-15 23:13:34+00:00,2025-03-31,2025-04-30,2025.0,Q1,2026-04-14,28.36,974597000.0,,940132000.0,547827000.0,45526064000.0,18503399000.0,27022665000.0,16847001000.0,2370850000.0,3.627149501254513,0.5185630408158762,54.68958982379473,2026-04-15T23:15:00+00:00
V,VISA INC.,simfin,2026-04-15 23:13:34+00:00,2025-03-31,2025-04-30,2025.0,Q2,2026-04-14,311.37,9594000000.0,,6659000000.0,4577000000.0,92853000000.0,54631000000.0,38222000000.0,20762000000.0,13751000000.0,1.0914333057166528,2.195203836930456,141.84104216735852,2026-04-15T23:15:00+00:00
VST,Vistra Energy Corp.,simfin,2026-04-15 23:13:34+00:00,2025-03-31,2025-05-08,2025.0,Q1,2026-04-14,163.97,3933000000.0,1486000000.0,-120000000.0,-268000000.0,38228000000.0,33390000000.0,4838000000.0,16305000000.0,561000000.0,0.8265516227081087,-0.769295901036719,-213.1429528989179,2026-04-15T23:15:00+00:00
VMC,Vulcan Materials,simfin,2026-04-15 23:13:34+00:00,2025-03-31,2025-04-30,2025.0,Q1,2026-04-14,296.86,1634600000.0,365300000.0,219000000.0,128900000.0,16712100000.0,8553600000.0,8158500000.0,4908400000.0,181300000.0,2.416739866984565,0.969172932330827,306.30240496508924,2026-04-15T23:15:00+00:00
GWW,GRAINGER W W INC,simfin,2026-04-15 23:13:34+00:00,2025-03-31,2025-05-01,2025.0,Q1,2026-04-14,1155.42,4306000000.0,1710000000.0,672000000.0,479000000.0,8658000000.0,4811000000.0,3847000000.0,2281000000.0,666000000.0,2.741695587506197,9.917184265010352,116.50686012526096,2026-04-15T23:15:00+00:00
WAB,WESTINGHOUSE AIR BRAKE TECHNOLOGIES CORP,simfin,2026-04-15 23:13:34+00:00,2025-03-31,2025-04-23,2025.0,Q1,2026-04-14,268.29,2610000000.0,900000000.0,474000000.0,322000000.0,19096000000.0,8682000000.0,10414000000.0,4007000000.0,698000000.0,1.3381716322892794,1.87974314068885,142.72694720496895,2026-04-15T23:15:00+00:00
WMT,Walmart Inc,simfin,2026-04-15 23:13:34+00:00,2025-01-31,2025-03-14,2024.0,FY,2026-04-14,125.05,680985000000.0,169232000000.0,29348000000.0,19436000000.0,260823000000.0,163131000000.0,97692000000.0,57815000000.0,9037000000.0,0.8226828460200447,2.405147877737904,51.99264509158263,2026-04-15T23:15:00+00:00
DIS,The Walt Disney Company,simfin,2026-04-15 23:13:34+00:00,2025-03-31,2025-05-07,2025.0,Q2,2026-04-14,102.59,23621000000.0,8811000000.0,3506000000.0,3275000000.0,195833000000.0,87067000000.0,108766000000.0,42889000000.0,5852000000.0,0.6681066149460754,1.8054024255788312,56.82389618320611,2026-04-15T23:15:00+00:00
WBD,"Warner Bros. Discovery, Inc.",simfin,2026-04-15 23:13:34+00:00,2025-03-31,2025-05-08,2025.0,Q1,2026-04-14,27.37,8979000000.0,3848000000.0,107000000.0,-453000000.0,101679000000.0,66508000000.0,35171000000.0,37426000000.0,3868000000.0,0.8361899777574251,-0.1811275489804078,-151.10898454746138,2026-04-15T23:15:00+00:00
WM,Waste Management Inc.,simfin,2026-04-15 23:13:34+00:00,2025-03-31,2025-04-29,2025.0,Q1,2026-04-14,227.09,6018000000.0,2371000000.0,1028000000.0,637000000.0,44486000000.0,35835000000.0,8651000000.0,23837000000.0,216000000.0,0.8331774827005798,1.5771230502599654,143.99003296703296,2026-04-15T23:15:00+00:00
WAT,Waters Corporation,simfin,2026-04-15 23:13:34+00:00,2025-03-31,2025-05-06,2025.0,Q1,2026-04-14,330.98,661705000.0,384960000.0,151745000.0,121381000.0,4591576000.0,2629179000.0,1962397000.0,1456727000.0,382872000.0,1.8105506004876328,2.032808025321968,162.8191132055264,2026-04-15T23:15:00+00:00
WEC,Wisconsin Energy Corporation,simfin,2026-04-15 23:13:34+00:00,2025-03-31,2025-05-07,2025.0,Q1,2026-04-14,116.5,3149500000.0,1983800000.0,937500000.0,724500000.0,48232100000.0,18643300000.0,29588800000.0,4350900000.0,82200000.0,0.4537857880698725,2.2680864390855,51.36488539077603,2026-04-15T23:15:00+00:00
WELL,Welltower Inc.,simfin,2026-04-15 23:13:34+00:00,2025-03-31,2025-04-29,2025.0,Q1,2026-04-14,210.99,2423087000.0,960697000.0,411070000.0,257957000.0,53293614000.0,18711637000.0,34581977000.0,15723857000.0,3501851000.0,2.209188427528132,0.3945533385847246,534.7565952852607,2026-04-15T23:15:00+00:00
WST,WEST PHARMACEUTICAL SERVICES INC,simfin,2026-04-15 23:13:34+00:00,2025-03-31,2025-04-24,2025.0,Q1,2026-04-14,267.93,698000000.0,231900000.0,127600000.0,90200000.0,3618200000.0,935100000.0,2683100000.0,202600000.0,404200000.0,2.767229922156825,1.2356164383561643,216.8391352549889,2026-04-15T23:15:00+00:00
WDC,WESTERN DIGITAL CORP,simfin,2026-04-15 23:13:34+00:00,2025-03-31,2025-05-02,2025.0,Q3,2026-04-14,366.22,2294000000.0,912000000.0,559000000.0,520000000.0,16368000000.0,10962000000.0,5406000000.0,7333000000.0,3477000000.0,1.5604013894249325,1.452513966480447,252.12838461538465,2026-04-15T23:15:00+00:00
WY,WEYERHAEUSER CO,simfin,2026-04-15 23:13:34+00:00,2025-03-31,2025-04-25,2025.0,Q1,2026-04-14,24.78,1763000000.0,335000000.0,179000000.0,83000000.0,16520000000.0,6875000000.0,9645000000.0,5167000000.0,560000000.0,2.040322580645161,0.1142360088415918,216.9193431325301,2026-04-15T23:15:00+00:00
WSM,WILLIAMS SONOMA INC,simfin,2026-04-15 23:13:34+00:00,2025-01-31,2025-03-27,2024.0,FY,2026-04-14,193.84,7711541000.0,3582299000.0,1430184000.0,1125251000.0,5301607000.0,3159188000.0,2142419000.0,0.0,1212977000.0,1.641804059377969,8.788208464476222,22.0568277122171,2026-04-15T23:15:00+00:00
WMB,WILLIAMS COMPANIES INC,simfin,2026-04-15 23:13:34+00:00,2025-03-31,2025-05-05,2025.0,Q1,2026-04-14,71.44,3048000000.0,2405000000.0,1084000000.0,691000000.0,54924000000.0,40059000000.0,14865000000.0,27411000000.0,100000000.0,0.4045643153526971,0.5634304257329291,126.79471455072462,2026-04-15T23:15:00+00:00
WTW,Willis Towers Watson,simfin,2026-04-15 23:13:34+00:00,2025-03-31,2025-04-24,2025.0,Q1,2026-04-14,288.48,2223000000.0,899000000.0,432000000.0,234000000.0,28064000000.0,19850000000.0,8214000000.0,5310000000.0,1507000000.0,1.1551852958756723,2.3168316831683167,124.5148717948718,2026-04-15T23:15:00+00:00
WDAY,"Workday, Inc.",simfin,2026-04-15 23:13:34+00:00,2025-01-31,2025-03-11,2024.0,FY,2026-04-14,117.86,8446000000.0,6377000000.0,499000000.0,526000000.0,17977000000.0,8943000000.0,9034000000.0,2984000000.0,8017000000.0,1.9006849315068493,1.953901301981761,60.32034467680609,2026-04-15T23:15:00+00:00
WYNN,Wynn Resorts Ltd,simfin,2026-04-15 23:13:34+00:00,2025-03-31,2025-05-06,2025.0,Q1,2026-04-14,105.59,1700397000.0,,268589000.0,72747000.0,12724044000.0,13825965000.0,-1101921000.0,10553099000.0,2070086000.0,1.1222645240832028,0.6880450203348151,153.4637950705871,2026-04-15T23:15:00+00:00
XEL,Xcel Energy Inc,simfin,2026-04-15 23:13:34+00:00,2025-03-31,2025-04-24,2025.0,Q1,2026-04-14,79.83,3906000000.0,2371000000.0,677000000.0,483000000.0,72749000000.0,52945000000.0,19804000000.0,31218000000.0,1123000000.0,1.0265825205584242,0.8370883882149047,95.36627329192544,2026-04-15T23:15:00+00:00
XYL,Xylem Inc.,simfin,2026-04-15 23:13:34+00:00,2025-03-31,2025-04-29,2025.0,Q1,2026-04-14,129.66,2069000000.0,768000000.0,252000000.0,165000000.0,16559000000.0,5505000000.0,11051000000.0,2015000000.0,1059000000.0,1.88550323176362,0.6767842493847416,191.58247272727272,2026-04-15T23:15:00+00:00
YUM,YUM BRANDS INC,simfin,2026-04-15 23:13:34+00:00,2025-03-31,2025-05-07,2025.0,Q1,2026-04-14,161.57,1787000000.0,1267000000.0,535000000.0,253000000.0,6660000000.0,14463000000.0,-7805000000.0,11357000000.0,607000000.0,1.4040650406504065,0.8971631205673759,180.0898814229249,2026-04-15T23:15:00+00:00
ZBRA,ZEBRA TECHNOLOGIES CORP,simfin,2026-04-15 23:13:34+00:00,2024-12-31,2025-02-13,2024.0,FY,2026-04-14,226.7,4981000000.0,2413000000.0,765000000.0,528000000.0,7968000000.0,4382000000.0,3586000000.0,2171000000.0,901000000.0,1.431924882629108,10.177389391293618,22.274867481628785,2026-04-15T23:15:00+00:00
ZBH,Zimmer Biomet Holdings,simfin,2026-04-15 23:13:34+00:00,2025-03-31,2025-05-05,2025.0,Q1,2026-04-14,96.52,1909100000.0,1359300000.0,338900000.0,181900000.0,22183900000.0,9780200000.0,12403800000.0,7176300000.0,1384500000.0,2.4358605664488016,0.9108662994491736,105.9650577240242,2026-04-15T23:15:00+00:00
ZTS,Zoetis,simfin,2026-04-15 23:13:34+00:00,2025-03-31,2025-05-06,2025.0,Q1,2026-04-14,121.11,2220000000.0,1598000000.0,846000000.0,631000000.0,14098000000.0,9443000000.0,4655000000.0,6577000000.0,1721000000.0,1.6048607318405244,1.4084821428571428,85.98618066561015,2026-04-15T23:15:00+00:00
