Ticker;SimFinId;Date;Open;High;Low;Close;Adj. Close;Volume;Dividend;Shares Outstanding
A;45846;2026-02-20;125.20;125.80;122.06;122.90;122.90;4233818;;283498871
AA;367153;2026-02-23;60.00;61.02;58.21;59.81;59.81;3875627;;258964032
AAC;7962652;2023-11-06;10.77;10.79;10.77;10.79;10.79;599704;;98498541
AACB;18959140;2026-02-23;10.34;10.34;10.34;10.34;10.34;2;;
AACG;18712193;2026-02-20;0.88;0.91;0.88;0.91;0.91;20097;;63995782
AACI;11820349;2024-08-15;11.00;11.12;9.52;9.75;9.75;37879;;5826796
AACT;14122297;2026-02-20;9.49;9.49;9.49;9.49;9.49;0;;181207392
AAGH;12444287;2026-02-23;0.00;0.00;0.00;0.00;0.00;500000;;21204811608
AAIC;9076064;2023-12-14;4.84;4.84;4.84;4.84;4.84;0;;28468000
AAL;68568;2026-02-23;13.50;13.74;12.84;12.93;12.93;47903652;;660304573
AAM;18508049;2026-02-02;10.65;10.67;10.65;10.66;10.66;7987;;43974000
AAMC;847094;2024-09-16;1.33;1.34;1.21;1.25;1.25;18359;;2554512
AAME;450021;2026-02-23;2.96;2.96;2.74;2.74;2.74;39883;;20397228
AAN;441241;2024-10-03;10.08;10.10;10.08;10.09;10.09;2765717;;30712772
AAOI;671827;2026-02-23;50.52;55.09;49.95;53.96;53.96;6230701;;68278417
AAON;919501;2026-02-23;101.70;101.86;99.25;101.10;101.10;451396;;81634058
AAP;184955;2026-02-23;55.04;56.20;54.24;55.37;55.37;1618264;;60100000
AAPL;111052;2026-02-23;263.49;269.43;263.38;266.18;266.18;37045272;;14681140000
AAT;919944;2026-02-23;19.41;19.68;19.36;19.41;19.41;482464;;61390936
AATP;16787005;2026-02-23;2.20;2.28;1.89;1.93;1.93;50130;;76975
AAWH;2265764;2026-02-23;0.49;0.53;0.47;0.50;0.50;57346;;202334004
AAWW;762204;2023-04-03;102.48;102.48;102.48;102.48;102.48;1;;28436000
AB;11794966;2026-02-23;39.40;39.54;37.80;38.41;38.41;733846;;92284367
ABAX;36105;2018-08-01;83.00;83.00;83.00;83.00;83.00;0;;22871000
ABBV;61199;2026-02-23;225.82;231.43;225.79;229.48;229.48;5459916;;1768169012
ABCB;919504;2026-02-23;83.84;83.97;78.85;79.72;79.72;489278;;68315144
ABCD;358762;2018-12-18;14.48;14.48;14.48;14.48;14.48;0;;47300262
ABCL;1250893;2026-02-23;3.02;3.11;2.97;3.03;3.03;2563903;;299335048
ABEO;953884;2026-02-23;5.25;5.34;5.13;5.18;5.18;609731;;54191361
ABEV;18515889;2026-02-23;3.08;3.15;3.07;3.13;3.13;19558463;;15757657336
ABG;545489;2026-02-23;226.20;226.20;216.43;220.48;220.48;233843;;19257920
ABIO;953886;2024-08-30;2.35;2.47;2.22;2.40;2.40;289415;;14507143
ABIT;19150857;2026-02-23;0.00;0.00;0.00;0.00;0.00;109;;4095009545
ABM;199984;2026-02-23;45.30;45.68;44.01;44.13;44.13;454039;;60177625
ABMC;160965;2026-02-23;0.00;0.00;0.00;0.00;0.00;0;;48098476
ABMD;445587;2023-01-03;381.02;381.02;381.02;381.02;381.02;258;;45372000
ABML;11795344;2023-09-11;9.83;11.78;8.20;9.83;9.83;228892;;17808626
ABNB;1214552;2026-02-23;127.09;128.15;119.94;122.96;122.96;6012382;;635000000
ABOS;12444265;2026-02-23;2.57;2.63;2.50;2.58;2.58;193554;;60573425
ABR;638468;2026-02-23;7.39;7.53;7.34;7.42;7.42;3583343;;195710635
ABSI;1250894;2026-02-23;2.60;2.76;2.58;2.65;2.65;2313318;;150371531
ABT;63877;2026-02-23;112.29;115.31;112.05;115.29;115.29;9138109;;1737682887
ABTI;13950744;2026-02-23;0.01;0.01;0.01;0.01;0.01;10000;;1459502018
ABTL;445589;2022-08-31;0.39;0.39;0.39;0.39;0.39;98922;;13245871
ABTX;953887;2022-09-30;42.22;42.57;41.21;41.63;41.63;1609047;;20363000
ABUS;953888;2026-02-23;4.20;4.42;4.19;4.39;4.39;1126415;;192324017
ABVC;15112453;2026-02-23;1.50;1.51;1.36;1.40;1.40;69809;;24301089
AC;919941;2025-09-04;33.40;33.40;30.25;30.92;30.92;194494;;21093592
ACA;919864;2026-02-23;125.89;126.98;121.52;122.47;122.47;267385;;49045025
ACAC;15394174;2024-09-26;12.21;12.37;11.17;11.20;11.20;4203;;5799944
ACAD;445591;2026-02-23;24.78;24.97;23.98;24.73;24.73;2899736;;169181817
ACAH;10656706;2024-03-05;10.45;10.45;10.45;10.45;10.45;0;;33146619
ACAN;654226;2026-02-23;0.00;0.00;0.00;0.00;0.00;275;;24391961
ACAQ;11819344;2023-10-19;7.40;8.00;2.40;2.55;2.55;935090;;3108936
ACAT;33956;2017-03-07;18.50;18.50;18.50;18.50;18.50;0;;13061818
ACBA;15585600;2024-05-30;12.03;12.03;12.03;12.03;12.03;0;;3789547
ACBI;9076197;2022-02-28;31.75;32.45;30.74;32.34;32.34;125822;;20305109
ACBM;12442266;2026-02-23;0.02;0.02;0.02;0.02;0.02;0;;60042000
ACC;445593;2022-08-09;65.37;65.46;65.37;65.42;65.42;18855710;;139237447
ACCD;10384289;2025-04-08;7.02;7.02;7.02;7.02;7.02;0;;80537080
ACCO;120923;2026-02-23;4.21;4.21;4.01;4.01;4.01;655898;;90136133
ACDC;17623433;2026-02-23;5.30;5.35;4.96;5.11;5.11;868396;;
ACEL;11795228;2026-02-23;11.34;11.35;10.76;10.95;10.95;335527;;83746192
ACER;1053636;2023-11-20;0.80;0.85;0.66;0.66;0.66;574675;;16089019
ACET;1154966;2026-02-23;7.14;7.34;6.85;6.93;6.93;102184;;9578474
ACET_delisted;191612;2019-10-01;0.08;0.11;0.08;0.11;0.11;4909;;30839470
ACFN;14864218;2026-02-23;17.66;17.87;17.03;17.27;17.27;6335;;2504626
ACGL;445596;2026-02-23;98.49;99.77;98.12;98.70;98.70;1385836;;362625938
ACHC;445598;2026-02-23;16.65;17.52;16.43;17.38;17.38;3219782;;92258166
ACHR;11795330;2026-02-23;6.71;6.98;6.66;6.96;6.96;32843698;;651341543
ACHV;12444293;2026-02-23;4.27;4.31;4.07;4.22;4.22;304811;;53233988
ACI;1077533;2026-02-23;17.80;18.54;17.77;18.51;18.51;5835339;;513913121
ACIA;353923;2021-03-01;114.99;114.99;114.99;114.99;114.99;0;;42631607
ACIC;774910;2026-02-23;10.87;11.14;10.52;10.69;10.69;436391;;48765302
ACIU;18526119;2026-02-23;2.52;2.57;2.45;2.53;2.53;715777;;100410377
ACIW;1057787;2026-02-23;40.78;41.07;38.20;38.47;38.47;800580;;103088006
ACLS;670942;2026-02-23;80.11;80.11;77.74;78.79;78.79;912909;;30999133
ACLX;1342109;2026-02-23;114.14;114.26;113.70;113.75;113.75;32498157;;57822871
ACM;445606;2026-02-23;97.06;98.14;92.72;93.28;93.28;2142307;;129288624
ACMR;7962770;2026-02-23;66.44;67.30;62.87;65.12;65.12;1032567;;63864504
ACN;61372;2026-02-23;212.12;214.02;199.10;201.18;201.18;9866099;;660734900
ACNB;9075814;2026-02-23;52.00;52.53;49.43;49.71;49.71;24717;;10384812
ACOR;9076152;2024-04-11;0.78;0.85;0.61;0.66;0.66;416928;;1242098
ACR;9076068;2026-02-23;18.41;18.94;18.32;18.60;18.60;38480;;7285680
ACRE;3241276;2026-02-23;5.10;5.14;4.96;4.96;4.96;578059;;55367672
ACRHF;16787003;2026-02-23;0.00;0.00;0.00;0.00;0.00;0;;99860761
ACRO;11817111;2023-12-18;10.45;10.46;10.45;10.45;10.45;2538;;43125000
ACRS;7962714;2026-02-23;3.24;3.31;3.15;3.25;3.25;1813891;;108345239
ACRV;16682740;2026-02-23;1.55;1.57;1.49;1.50;1.50;461966;;31555126
ACRX;113247;2024-01-09;0.78;0.88;0.78;0.86;0.86;241277;;368868
ACST;13774410;2024-10-07;3.11;3.14;3.03;3.11;3.11;12261;;10139861
ACT;353702;2026-02-23;41.50;41.70;40.59;41.15;41.15;298389;;133600000
ACTG;9075846;2026-02-23;4.12;4.17;4.02;4.04;4.04;232318;;96460378
ACTU;18526121;2026-02-23;4.22;4.22;3.71;3.76;3.76;30629;;23243328
ACU;998436;2026-02-23;45.22;45.28;43.60;43.94;43.94;20625;;3806724
ACVA;11795016;2026-02-23;6.51;6.55;5.54;5.68;5.68;7681698;;172107121
ACW;671043;2016-11-28;2.58;2.58;2.58;2.58;2.58;0;;48323007
ACXP;11035138;2026-02-23;1.74;1.92;1.50;1.66;1.66;222242;;2085363
ADAG;18602763;2026-02-20;3.19;3.38;3.07;3.14;3.14;64056;;58886944
ADAP;10656590;2025-10-27;0.07;0.07;0.05;0.05;0.05;48036475;;1590309546
ADBE;14099;2026-02-23;254.14;254.50;244.80;246.68;246.68;7536175;;410500000
ADC;6480964;2026-02-23;78.35;79.34;78.24;79.32;79.32;900254;;120028299
ADCT;15112455;2026-02-23;4.11;4.41;4.11;4.41;4.41;1139049;;123877111
ADEA;17623435;2026-02-23;18.81;18.94;18.22;18.48;18.48;1571499;;
ADER;12444459;2023-09-25;11.10;11.14;11.07;11.08;11.08;54564;;10305228
ADES;619745;2024-01-31;3.28;3.55;3.21;3.36;3.36;100969;;18487000
ADEX;16875841;2026-02-23;5.38;5.38;5.38;5.38;5.38;0;;71875399
ADI;65917;2026-02-23;352.53;358.00;349.58;355.15;355.15;4129811;;488204157
ADIL;807531;2026-02-23;2.57;2.59;2.30;2.33;2.33;62868;;959503
ADM;66997;2026-02-23;67.86;69.39;67.43;67.69;67.69;2142028;;481201844
ADMA;976582;2026-02-23;16.06;16.50;15.89;16.29;16.29;2304604;;237997765
ADMP;11035771;2023-09-07;0.75;0.79;0.75;0.78;0.78;118557;;31239
ADMS;9076347;2021-11-24;8.22;8.22;8.22;8.22;8.22;0;;45618000
ADN;16682734;2025-10-29;1.16;1.39;0.90;0.92;0.92;4417827;;2670286
ADNT;675558;2026-02-23;24.74;24.74;23.97;24.37;24.37;589996;;78329803
ADOM;807727;2021-11-16;0.28;0.29;0.27;0.28;0.28;557386;;294317605
ADP;591496;2026-02-23;213.25;214.19;205.33;205.73;205.73;4283456;;402644364
ADPT;1147630;2026-02-23;14.82;15.48;14.75;15.39;15.39;1843754;;152665188
ADPT_delisted;118952;2017-11-01;1.22;1.22;1.22;1.22;1.22;0;;21120029
ADRA;11817231;2020-02-14;34.64;34.64;34.64;34.64;34.64;0;;
ADRT;12444303;2024-10-10;11.30;11.40;11.30;11.40;11.40;3147;;2942180
ADSE;19058884;2026-02-23;11.09;12.40;10.53;11.85;11.85;5828;;
ADSK;185035;2026-02-23;223.63;225.65;216.72;218.64;218.64;2060622;;212000000
ADT;54871;2026-02-23;7.88;7.91;7.70;7.75;7.75;5727411;;819762736
ADTM;664460;2023-02-09;0.00;0.00;0.00;0.00;0.00;0;;105666495
ADTN;998420;2026-02-23;10.07;10.30;9.84;10.22;10.22;1119272;;80115995
ADUS;1023443;2026-02-23;114.91;118.22;113.20;117.63;117.63;325924;;18483271
ADV;1108279;2026-02-23;0.63;0.63;0.55;0.55;0.55;490320;;326271915
ADVM;702608;2026-02-23;4.36;4.36;4.36;4.36;4.36;0;;22077467
ADXS;950904;2026-02-23;0.60;0.60;0.60;0.60;0.60;0;;42633400
AE;191518;2025-02-04;37.97;37.99;37.97;37.98;37.98;6983;;2577872
AEE;68703;2026-02-23;110.56;112.00;110.20;111.16;111.16;2957258;;276424515
AEHA;11817771;2026-02-23;0.00;0.00;0.00;0.00;0.00;2147;;232365143
AEHR;178053;2026-02-23;33.47;37.18;33.19;34.32;34.32;1747638;;30627342
AEI;16682742;2026-02-23;2.37;2.50;2.08;2.21;2.21;42962;;38905255
AEIS;574583;2026-02-23;328.42;332.74;325.41;329.24;329.24;462399;0.10;37750990
AEL;6767439;2024-05-02;56.25;57.29;56.11;56.47;56.47;24215765;;79400008
AEM;2226695;2026-02-23;230.40;240.82;230.00;240.49;240.49;2641441;;501729505
AEMD;11036007;2026-02-23;1.95;2.04;1.93;1.98;1.98;12388;;1315110
AEO;173396;2026-02-23;24.73;24.73;22.86;23.65;23.65;5332251;;169512006
AEP;66050;2026-02-23;129.48;132.11;129.40;132.03;132.03;3590999;;540861473
AEPI;210001;2017-01-30;109.95;109.95;109.95;109.95;109.95;0;;5531474
AER;17685538;2026-02-23;150.63;151.70;147.26;147.74;147.74;728379;;166876547
AERC;11036438;2023-11-29;0.01;0.01;0.01;0.01;0.01;97033;;15377636
AERG;11795342;2026-02-23;1.27;1.27;1.18;1.23;1.23;55119;;223447852
AERI;9076323;2023-01-03;15.25;15.25;15.25;15.25;15.25;600;;47819936
AES;62329;2026-02-23;16.36;16.49;16.04;16.26;16.26;8349085;;712120944
AESE;11034472;2026-02-23;0.30;0.33;0.28;0.32;0.32;1817365;;38014430
AESI;7962586;2026-02-23;11.47;11.68;10.82;11.00;11.00;2461598;;
AET;62217;2018-11-28;212.57;213.36;211.79;212.70;212.70;11862705;;327400000
AEVA;11820016;2026-02-23;12.22;12.69;12.05;12.46;12.46;1159034;;60079908
AEXA;19793543;2026-02-23;11.15;11.24;11.10;11.16;11.16;67835;;49460714
AEYE;14864220;2026-02-23;6.62;6.73;6.41;6.56;6.56;138219;;12418617
AFAR;14101606;2026-02-23;11.68;11.68;11.68;11.68;11.68;0;;3259510
AFBI;15337141;2026-02-23;20.37;20.52;20.13;20.13;20.13;698;;6167602
AFCG;10656582;2026-02-23;2.26;2.28;2.17;2.20;2.20;158346;;22594541
AFG;485236;2026-02-23;129.48;131.31;129.45;129.61;129.61;718800;;83403572
AFI;155205;2022-05-20;0.40;0.42;0.35;0.35;0.35;2996033;;22102447
AFIB;16453507;2026-02-23;0.00;0.00;0.00;0.00;0.00;0;;29912305
AFL;62581;2026-02-23;114.26;114.91;112.08;112.35;112.35;2191213;;524113917
AFRI;17623437;2026-02-23;9.83;9.90;9.83;9.83;9.83;2850;;
AFRM;1242005;2026-02-23;49.91;50.62;46.76;47.13;47.13;7008556;;333110651
AFSI;822262;2018-11-29;14.75;14.75;14.75;14.75;14.75;726;;197701263
AFTC;13511352;2026-02-23;0.00;0.00;0.00;0.00;0.00;0;;71850644
AFYA;18829764;2026-02-23;13.99;14.00;13.78;13.93;13.93;49394;;49920068
AG;3307756;2026-02-23;27.89;29.49;27.75;28.60;28.60;35733836;;209396052
AGBA;16787001;2024-10-15;1.23;1.49;1.15;1.40;1.40;4464995;;39596248
AGCO;365265;2026-02-23;136.95;140.57;134.98;135.15;135.15;586280;;72400559
AGE;11035420;2024-03-26;12.59;12.59;11.10;11.10;11.10;3753;;2500664
AGEN;7962802;2026-02-23;3.03;3.08;3.00;3.07;3.07;175318;;34008349
AGFS;9075942;2023-03-31;3.00;3.00;3.00;3.00;3.00;0;;52192000
AGHI;996261;2020-09-22;0.01;0.01;0.01;0.01;0.01;0;;63481087
AGI;111482;2026-02-23;48.00;49.83;48.00;49.70;49.70;4039347;;116532000
AGIO;737501;2026-02-23;29.29;30.40;29.13;30.20;30.20;1066293;;58592172
AGL;11794922;2026-02-20;0.40;0.44;0.39;0.44;0.44;5884115;;414581604
AGM;6767649;2026-02-23;151.00;156.28;146.69;155.60;155.60;232846;;10833000
AGMH;19078531;2026-02-23;1.36;1.39;1.33;1.33;1.33;35335;;527097
AGN;61474;2020-05-08;193.01;193.38;191.64;193.02;193.02;12442653;;329805791
AGNC;445654;2026-02-23;11.46;11.56;11.16;11.27;11.27;24173295;;1072724070
AGN_old;442340;2020-05-08;193.01;193.38;191.64;193.02;193.02;12442653;;307605860
AGO;601095;2026-02-23;87.95;88.40;85.08;85.11;85.11;278605;;46109095
AGR;709430;2026-02-23;36.02;36.02;36.02;36.02;36.02;0;;386911024
AGRO;18792172;2026-02-23;9.25;9.27;8.91;8.92;8.92;327536;;100053777
AGS;967946;2025-06-30;12.48;12.50;12.48;12.49;12.49;1047249;;41505492
AGSS;16867983;2026-02-23;0.02;0.02;0.02;0.02;0.02;0;;94917302
AGTI;11795012;2024-05-07;10.05;10.05;10.05;10.05;10.05;0;;136293374
AGX;529078;2026-02-23;434.40;442.65;420.68;441.71;441.71;350944;;13873410
AGYS;249502;2026-02-23;77.79;77.79;71.46;71.80;71.80;642946;;28108247
AHCO;11795066;2026-02-23;10.29;10.44;10.13;10.29;10.29;1280071;;135424334
AHFD;774716;2026-02-23;0.00;0.00;0.00;0.00;0.00;0;;4881571
AHH;949479;2026-02-23;6.12;6.18;5.92;5.96;5.96;2237798;;80153392
AHL;700634;2026-02-23;37.49;37.51;37.49;37.50;37.50;544675;;60395839
AHPI;262963;2026-02-23;0.00;0.00;0.00;0.00;0.00;0;;4014000
AHR;15394176;2026-02-23;52.27;52.74;52.08;52.71;52.71;2069498;;176908238
AHT;10656654;2026-02-23;3.01;3.01;2.74;2.85;2.85;81984;;6411532
AI;1326825;2026-02-23;10.30;10.30;9.53;9.79;9.79;7031603;;140753281
AIB;15337139;2017-10-13;24.98;25.00;24.98;24.98;24.98;2500;;
AIFE;18633361;2025-08-07;10.21;10.21;10.21;10.21;10.21;1024;;
AIG;251769;2026-02-23;80.24;81.39;79.91;79.98;79.98;3595918;;536559663
AII;19164092;2026-02-23;18.26;18.38;17.61;17.69;17.69;139500;;19576804
AILIM;14159397;2026-02-23;79.75;79.75;79.75;79.75;79.75;250;;276424515
AIM;11035322;2026-02-23;1.10;1.15;1.02;1.08;1.08;602114;;2944502
AIMC;773555;2023-03-27;61.98;61.98;61.98;61.98;61.98;0;;65200000
AIMD;13901101;2026-02-23;1.33;1.53;1.33;1.45;1.45;83812;;4812634
AIN;6767443;2026-02-23;58.98;58.98;56.61;57.96;57.96;425848;;28700000
AINC;819902;2024-07-26;4.97;5.00;4.96;4.97;4.97;209002;;3430500
AIP;12444339;2026-02-23;14.44;14.62;14.06;14.41;14.41;361304;;45467261
AIR;671123;2026-02-23;116.38;116.97;114.06;116.69;116.69;410943;;39572508
AIRC;1234036;2024-06-28;39.08;39.08;39.08;39.08;39.08;0;;145104221
AIRG;11034384;2026-02-23;4.97;5.25;4.65;5.06;5.06;506912;;11958193
AIRI;166965;2026-02-23;3.00;3.25;2.91;3.23;3.23;331995;;4775777
AIRS;11819003;2026-02-23;1.84;1.85;1.62;1.65;1.65;611520;;62436670
AIRTP;11795324;2026-02-23;20.00;20.17;20.00;20.17;20.17;1092;;2702639
AIT;253867;2026-02-23;279.67;280.49;271.96;278.74;278.74;283612;;37302440
AITX;13626505;2026-02-23;0.00;0.00;0.00;0.00;0.00;138064441;;25287280437
AIV;67201;2026-02-23;5.81;5.84;5.67;5.69;5.69;4314307;;144075540
AIXI;19130563;2026-02-23;0.25;0.25;0.23;0.23;0.23;1109446;;31949038
AIZ;66661;2026-02-23;223.22;225.47;217.69;218.42;218.42;442518;;49699769
AJBI;663635;2018-11-02;0.00;0.00;0.00;0.00;0.00;310000;;20278888
AJG;66898;2026-02-23;214.55;218.34;213.01;214.33;214.33;2319516;;257100000
AJIA;13901112;2026-02-23;0.00;0.00;0.00;0.00;0.00;0;;109336000
AJRD;516551;2023-07-27;57.98;58.01;57.98;57.99;57.99;3979951;;80500000
AJX;90767;2024-12-02;3.02;3.07;2.97;3.02;3.02;224818;;45420752
AKA;14864216;2026-02-23;10.86;11.02;10.86;11.02;11.02;653;;10739676
AKAM;69211;2026-02-23;93.75;99.70;92.68;98.75;98.75;7643703;;144888114
AKBA;9075940;2026-02-23;1.19;1.26;1.18;1.21;1.21;2306665;;265365993
AKLI;14159395;2026-02-23;0.43;0.43;0.43;0.43;0.43;0;;78509823
AKO-B;18622066;2026-02-23;30.20;31.04;30.02;30.46;30.46;16509;;473289301
AKOM;13646225;2026-02-23;0.04;0.04;0.04;0.04;0.04;0;;19638849
AKR;664572;2026-02-23;20.29;20.65;20.28;20.56;20.56;1001294;;131039388
AKRO;10384031;2025-12-09;54.65;54.65;54.65;54.65;54.65;0;;82316179
AKRX;195622;2020-10-02;0.03;0.03;0.03;0.03;0.03;1185177;;133407696
AKS;671046;2020-03-13;1.55;1.55;1.55;1.55;1.55;2000;;316909268
AKTS;10656630;2026-02-23;18.90;19.80;18.82;19.43;19.43;297407;;154590918
AKTX;11035519;2026-02-23;0.25;0.25;0.24;0.24;0.24;126858;;71479461523
AKYA;1250889;2025-07-08;1.29;1.29;1.29;1.29;1.29;0;;49875399
AL;182952;2026-02-23;64.89;64.96;64.81;64.95;64.95;1493478;;112035408
ALB;132877;2026-02-23;168.42;177.97;168.42;177.52;177.52;2298261;;117847220
ALBO;7962594;2023-03-02;44.90;44.90;43.99;44.15;44.15;1241282;;15735
ALC;18347619;2026-02-23;82.62;83.02;82.22;82.85;82.85;1795126;;494616324
ALCC;11795248;2026-02-23;61.60;63.34;60.89;63.09;63.09;6149131;;156247075
ALCO;798086;2026-02-23;41.38;41.95;40.76;41.34;41.34;30628;;7656646
ALCY;16867985;2026-02-20;11.71;11.84;11.71;11.84;11.84;1687;;14970500
ALDF;18909021;2026-02-23;10.56;10.56;10.56;10.56;10.56;0;;29868214
ALDX;7962740;2026-02-23;4.91;5.10;4.85;4.99;4.99;436366;;60162773
ALE;445686;2026-02-23;67.90;67.90;67.90;67.90;67.90;0;;58098399
ALEC;10656440;2026-02-23;1.98;2.12;1.93;2.10;2.10;834642;;109151472
ALEX;664573;2026-02-23;20.79;20.81;20.79;20.80;20.80;447496;;72758460
ALG;128246;2026-02-23;212.36;214.40;207.94;211.18;211.18;141034;;12115428
ALGM;11794936;2026-02-23;38.79;39.76;38.30;38.48;38.48;2007787;;185290870
ALGN;445691;2026-02-23;186.27;187.00;175.35;181.26;181.26;1577473;;71749995
ALGS;11034448;2026-02-23;6.85;7.19;6.58;6.94;6.94;19238;;6153582
ALGT;735180;2026-02-23;105.96;107.11;102.89;103.69;103.69;453061;;18313574
ALHC;11795128;2026-02-23;20.56;20.74;19.79;19.90;19.90;1808649;;200091742
ALID;13511390;2026-02-23;0.00;0.00;0.00;0.00;0.00;0;;115495384
ALIM;11035801;2026-02-23;5.54;5.54;5.54;5.54;5.54;0;;54384165
ALIT;10383340;2026-02-23;0.76;0.77;0.65;0.72;0.72;35120778;;476145761
ALJ;344561;2017-07-10;13.32;13.32;13.32;13.32;13.32;0;;71877464
ALJJ;374775;2023-05-25;1.93;1.93;1.89;1.92;1.92;184093;;42409000
ALK;65470;2026-02-23;52.04;52.69;50.04;50.63;50.63;3014785;;114641450
ALKS;445699;2026-02-23;31.64;32.35;31.48;32.19;32.19;1943664;;165117509
ALKT;11795164;2026-02-23;16.62;16.62;15.30;15.48;15.48;2471272;;105004011
ALL;68840;2026-02-23;206.31;208.10;204.78;206.16;206.16;1579732;;259535842
ALLE;69109;2026-02-23;162.21;163.84;158.51;158.67;158.67;875417;;86145484
ALLK;1872547;2025-05-15;0.33;0.33;0.33;0.33;0.33;0;;90376972
ALLO;11795212;2026-02-23;2.06;2.15;2.01;2.08;2.08;4389073;;224730144
ALLR;11036325;2026-02-23;0.95;1.00;0.91;0.94;0.94;73822;;15811886
ALLT;18633365;2026-02-23;10.02;10.02;9.38;9.42;9.42;509048;;39530993
ALLY;510248;2026-02-20;41.79;42.13;41.15;42.12;42.12;3015993;;308053195
ALMU;13774412;2026-02-23;15.46;16.05;15.20;15.63;15.63;202894;;18049306
ALNA;9076242;2023-12-13;0.00;0.00;0.00;0.00;0.00;96558;;100623730
ALNT;17623439;2026-02-23;68.28;68.28;64.26;65.65;65.65;113938;;
ALNY;325251;2026-02-23;335.73;341.38;326.76;329.35;329.35;784364;;132623144
ALOT;995248;2026-02-23;9.51;9.51;9.16;9.21;9.21;22198;;7638423
ALPA;12442236;2024-09-09;0.51;0.51;0.45;0.46;0.46;85427;;20905407
ALPC;13511432;2026-02-23;20.00;20.00;20.00;20.00;20.00;0;;11224401
ALPN;819011;2026-02-23;64.97;64.97;64.97;64.97;64.97;0;;68597527
ALR;139220;2017-10-19;50.99;50.99;50.99;50.99;50.99;0;;87577345
ALRM;819790;2026-02-23;45.20;45.55;43.00;44.24;44.24;854715;;49666158
ALRN;815574;2025-01-10;1.96;2.17;1.96;2.11;2.11;63385;;21665941
ALRS;10656542;2026-02-23;25.45;25.45;24.19;24.46;24.46;155049;;25397303
ALSK;899013;2021-07-22;3.38;3.40;3.38;3.40;3.40;879557;;54273804
ALSN;445706;2026-02-23;118.44;119.30;115.38;116.84;116.84;960475;;83228716
ALT;511510;2026-02-23;4.34;4.64;4.34;4.52;4.52;3177570;;104254173
ALTA;363174;2021-09-30;44.90;45.20;44.08;44.16;44.16;438569;;18873921
ALTG;11817076;2026-02-23;7.02;7.07;6.66;6.89;6.89;172061;;32235283
ALTI;17623441;2026-02-23;4.59;4.66;4.54;4.64;4.64;86123;;146653373
ALTM;1249012;2025-03-05;5.84;5.85;5.84;5.84;5.84;93050357;;153658073
ALTO;10656736;2026-02-23;2.41;2.41;2.35;2.38;2.38;374517;;77342488
ALTR;686620;2025-03-26;111.85;111.85;111.85;111.85;111.85;0;;85794798
ALUR;15539303;2026-02-23;1.67;2.07;1.50;1.75;1.75;132909846;;9262586
ALV;104657;2026-02-23;122.71;122.87;120.33;121.75;121.75;518308;;74706513
ALVO;18633367;2026-02-23;4.12;4.28;3.93;4.22;4.22;1131509;;301805677
ALVR;11817801;2026-02-23;10.50;11.02;9.81;10.77;10.77;103898;;18702418
ALX;87732;2026-02-23;239.90;248.20;234.54;237.65;237.65;97644;;5107290
ALXN;65359;2021-07-28;182.50;182.50;182.50;182.50;182.50;10;;221019230
ALXO;11819581;2026-02-23;2.43;2.53;2.36;2.42;2.42;252081;;54218001
ALZN;11034644;2026-02-23;1.99;2.06;1.95;2.03;2.03;38040;;3801604
AMAL;10656460;2026-02-23;40.42;40.57;38.15;38.67;38.67;260884;;29936320
AMAM;11795252;2024-03-07;28.00;28.00;28.00;28.00;28.00;0;;44995824
AMAT;67102;2026-02-23;372.40;378.86;369.68;373.55;373.55;6063695;;793609867
AMBA;50129;2026-02-23;67.62;68.11;65.94;67.13;67.13;684926;;43050486
AMBC;7962678;2025-11-19;9.12;9.26;8.86;9.03;9.03;838638;;43812035
AMBI;19178830;2026-02-23;0.54;0.54;0.54;0.54;0.54;0;;16195105
AMBP;17623443;2026-02-23;4.67;4.76;4.62;4.71;4.71;1094843;;597699586
AMBQ;19497304;2026-02-23;29.44;30.13;29.05;30.07;30.07;280383;;18313186
AMC;1100848;2026-02-23;1.19;1.21;1.15;1.15;1.15;24316424;;512943561
AMCIU;11795308;2023-02-09;10.43;10.43;10.43;10.43;10.43;0;;15000000
AMCR;6475603;2026-02-23;49.94;50.66;49.86;50.58;50.58;3796325;;462045690
AMCX;445716;2026-02-23;8.30;8.39;7.71;7.77;7.77;522541;;42714081
AMD;191397;2026-02-23;198.09;199.38;194.15;196.60;196.60;28050091;;1630410843
AME;67669;2026-02-23;233.10;233.73;228.81;231.45;231.45;998524;;228977202
AMED;904598;2025-08-14;101.02;101.02;100.93;100.99;100.99;1060057;;32886703
AMEH;6767577;2024-02-26;40.82;40.82;40.82;40.82;40.82;0;;55423408
AMG;62475;2026-02-23;286.90;292.16;279.02;291.29;291.29;404657;0.01;26684730
AMGN;65735;2026-02-23;375.26;381.78;374.74;379.42;379.42;2945077;;539067675
AMH;445723;2026-02-23;29.43;29.78;28.92;29.42;29.42;5573336;;363776286
AMHCU;1841754;2021-09-24;14.86;16.28;14.65;16.28;16.28;4386;;
AMK;10384004;2024-09-05;35.24;35.24;35.24;35.24;35.24;0;;74831983
AMKR;693881;2026-02-20;47.65;48.95;47.40;47.94;47.94;3767421;;247309063
AMLX;11795032;2026-02-23;14.01;14.53;13.78;13.90;13.90;785833;;109819569
AMMJ;11036310;2026-02-23;0.00;0.00;0.00;0.00;0.00;4411;;185800915
AMN;683491;2026-02-23;19.52;21.30;19.45;20.81;20.81;2787517;;38641082
AMNB;7962980;2024-04-01;47.76;47.76;47.76;47.76;47.76;0;;10630679
AMOT;126799;2023-08-22;33.41;34.17;33.41;34.08;34.08;168097;;15661000
AMP;67872;2026-02-23;467.11;470.50;448.59;453.78;453.78;843903;;92905713
AMPE;9076183;2026-02-23;0.15;0.15;0.15;0.15;0.15;4;;1135358
AMPH;6767559;2026-02-23;28.42;28.75;27.19;27.55;27.55;496697;;45952174
AMPL;1307359;2026-02-23;6.92;6.95;6.46;6.50;6.50;4201915;;133726690
AMPS;10384317;2025-04-15;4.99;5.00;4.99;4.99;4.99;5274621;;160796477
AMPX;16532272;2026-02-23;10.31;10.77;9.90;10.20;10.20;7797831;;130483838
AMPY;10656554;2026-02-23;5.74;5.91;5.49;5.54;5.54;863232;;40475997
AMR;1787093;2026-02-23;173.50;177.32;173.00;176.79;176.79;153722;;12858024
AMRC;6767507;2026-02-23;33.49;33.85;32.00;32.88;32.88;295091;;52797456
AMRK;259435;2025-12-01;28.63;29.47;28.50;29.25;29.25;382659;;24644386
AMRN;10656436;2026-02-23;15.48;15.71;15.38;15.63;15.63;32843;;20392400
AMRS;1250896;2023-08-18;0.06;0.06;0.05;0.05;0.05;46746000;;322286529
AMRU;658903;2026-02-23;0.00;0.00;0.00;0.00;0.00;0;;235788132
AMRX;7962754;2026-02-23;14.55;14.65;14.29;14.42;14.42;1201229;;314362920
AMRZ;19348831;2026-02-23;65.65;65.72;62.99;63.63;63.63;3112968;;553082525
AMSC;33387;2026-02-23;33.61;34.35;32.01;32.51;32.51;788254;;47612285
AMSF;6767743;2026-02-23;37.72;37.74;37.14;37.34;37.34;130786;;18924399
AMSWA;196458;2024-10-01;11.23;11.23;10.84;10.95;10.95;121470;;33659006
AMT;68339;2026-02-23;187.50;191.49;186.68;190.05;190.05;2964779;;468146623
AMTB;10656428;2026-02-23;22.58;22.75;21.34;21.54;21.54;350709;;41265603
AMTD;356477;2026-02-23;0.99;1.03;0.99;1.01;1.01;23170;;90147355
AMTX;11034035;2026-02-23;1.45;1.46;1.40;1.41;1.41;432206;;65568542
AMV;16363529;2023-05-12;0.52;0.52;0.49;0.50;0.50;460274;;68884765
AMWD;77084;2026-02-23;57.46;57.98;53.31;54.72;54.72;196402;;14569170
AMWL;11795278;2026-02-23;5.40;5.40;5.16;5.36;5.36;90617;;14152996
AMX;18712191;2026-02-23;24.01;24.16;23.74;23.76;23.76;1144688;;20555
AMZN;62747;2026-02-23;208.09;208.43;203.11;205.27;205.27;53193097;;10734920870
AN;66437;2026-02-23;199.40;200.76;193.42;196.77;196.77;570059;;34710538
ANAB;7962746;2026-02-23;54.22;56.05;53.26;54.29;54.29;297976;;27688470
ANDE;6767645;2026-02-23;65.87;66.08;63.45;64.49;64.49;349220;;33880130
ANDV;378224;2018-09-28;153.39;154.72;150.65;153.50;153.50;23880112;;151125987
ANDX;904346;2019-08-07;34.31;34.38;31.75;32.17;32.17;21465000;;245630444
ANEB;11034356;2026-02-23;0.48;0.49;0.41;0.43;0.43;52436;;40784731
ANET;536189;2026-02-23;131.22;131.63;126.26;127.43;127.43;9542584;;1256537906
ANF;188522;2026-02-23;93.86;94.20;89.83;92.61;92.61;1717982;;45857556
ANGI;647538;2026-02-23;8.31;8.35;7.90;7.99;7.99;1106891;;47986953
ANGO;7962928;2026-02-23;11.17;11.26;11.00;11.21;11.21;262067;;41217386
ANIK;823284;2026-02-23;10.60;10.99;10.59;10.92;10.92;145427;;14421219
ANIP;7962686;2026-02-23;78.15;78.15;75.00;75.10;75.10;336007;;16392000
ANIX;10656712;2026-02-23;2.86;3.00;2.85;2.93;2.93;81421;;33376690
ANNX;11819058;2026-02-23;4.89;5.08;4.78;4.89;4.89;1595431;;73855642
ANRO;15337143;2026-02-23;17.41;18.49;17.41;18.30;18.30;124180;;31066335
ANSS;126145;2026-02-23;374.30;374.30;374.30;374.30;374.30;0;;87916143
ANTX;16682736;2026-02-23;1.06;1.07;1.03;1.05;1.05;26969;;27402024
ANVS;1253389;2026-02-20;2.36;2.53;2.36;2.48;2.48;348979;;26502889
ANY;1242009;2026-02-23;1.29;1.34;1.13;1.17;1.17;201669;;3372917
ANZU;12444305;2026-02-23;0.73;0.73;0.63;0.70;0.70;227831;;28786511
AOGO;16633046;2026-02-23;2.00;2.00;2.00;2.00;2.00;0;;4349909
AOMR;10656646;2026-02-23;8.55;8.64;8.31;8.32;8.32;147964;;24914035
AON;67471;2026-02-23;324.71;326.44;314.89;315.31;315.31;1424602;;214254496
AORT;710985;2026-02-23;38.19;38.32;37.13;37.39;37.39;434475;;47883897
AOS;445771;2026-02-23;77.78;78.39;76.68;76.77;76.77;989502;;25863159
AOSL;175314;2026-02-23;22.29;22.30;21.52;21.84;21.84;234624;;29760825
AOUT;12444435;2026-02-23;9.26;9.26;8.84;8.95;8.95;69880;;12587111
AP;995247;2026-02-23;8.89;9.08;8.13;8.77;8.77;362421;;20326389
APA;254576;2026-02-23;29.02;29.63;28.41;28.72;28.72;4976714;;1000
APAM;1299451;2026-02-23;41.49;41.60;39.56;40.16;40.16;555357;;63500000
APC;67564;2026-02-20;19.20;19.36;18.91;19.21;19.21;234175;;502453426
APD;185217;2026-02-23;281.51;284.50;280.95;283.25;283.25;1359444;;222656008
APDN;11035734;2025-10-06;4.62;5.87;4.61;5.62;5.62;2704518;;1291465
APEI;1234045;2026-02-23;43.74;44.84;41.76;43.42;43.42;229778;;18085030
APG;10383334;2026-02-23;44.19;44.57;43.57;44.11;44.11;2574634;;415905916
APGE;14821527;2026-02-23;69.04;70.75;68.17;69.91;69.91;727121;;
APH;65820;2026-02-23;150.12;151.75;147.20;147.82;147.82;6037006;;1229214930
APHE;12444343;2023-07-06;5.00;5.00;5.00;5.00;5.00;115;;21653326
APIC;34899;2016-11-11;17.38;17.38;17.38;17.38;17.38;0;;30440809
APLD;1342100;2026-02-23;28.42;30.08;28.26;30.00;30.00;14558804;;279585823
APLE;6767417;2026-02-23;12.39;12.42;12.02;12.21;12.21;2862738;;236575692
APLM;18697016;2026-02-23;20.71;21.49;20.71;21.11;21.11;25170;;1103348
APLS;1873240;2026-02-23;22.16;22.77;22.02;22.47;22.47;2355457;;126525218
APLT;10656732;2026-02-23;0.10;0.10;0.10;0.10;0.10;0;;144300674
APMI;12442250;2023-08-25;10.32;10.32;10.32;10.32;10.32;0;;18750000
APO;817726;2026-02-23;118.10;118.23;111.34;113.73;113.73;9428133;;579000000
APOG;327543;2026-02-23;41.13;41.13;39.43;39.91;39.91;125042;;21510116
APOP;12444371;2021-10-28;13.12;13.37;13.10;13.17;13.17;17433;;53160626
APP;10383326;2026-02-23;401.63;404.00;375.70;380.62;380.62;7176394;;337278000
APPF;959861;2026-02-23;170.56;170.56;162.20;163.33;163.33;486040;;35989928
APPH;11034201;2023-08-01;0.08;0.08;0.07;0.07;0.07;9574535;;131124000
APPN;10383876;2026-02-23;24.92;25.19;23.56;24.25;24.25;1557894;;73959744
APPS;826035;2026-02-23;4.19;4.20;4.01;4.06;4.06;2124669;;119899933
APRE;1164127;2026-02-23;0.77;0.85;0.75;0.81;0.81;165131;;6310673
APRN;978546;2023-11-13;12.99;12.99;12.99;12.99;12.99;0;;2903266
APT;11034570;2026-02-23;5.18;5.23;4.92;5.04;5.04;25109;;10360062
APTI;741619;2019-01-10;37.97;37.97;37.97;37.97;37.97;0;;45104489
APTM;17627784;2024-02-09;10.70;10.74;10.70;10.74;10.74;26539;;22644909
APTO;15539305;2026-02-23;1.71;1.71;1.71;1.71;1.71;0;;2552429
APTV;378125;2026-02-23;79.10;79.19;76.46;76.87;76.87;1809016;;212748401
APTX;9076165;2023-12-29;0.09;0.10;0.09;0.10;0.10;231126;;67716000
APU;723175;2019-08-21;31.50;31.59;30.99;31.22;31.22;1896899;;92999704
APVO;819111;2026-02-23;6.70;6.84;6.30;6.30;6.30;28698;;936887
APXI;14122293;2024-12-16;12.03;12.03;11.90;11.90;11.90;1245;;9910124
APY;1234042;2025-07-16;25.81;25.81;25.81;25.81;25.81;1273;;191400000
APYX;10656704;2026-02-23;3.73;3.88;3.50;3.57;3.57;68671;;38241905
AQB;11034852;2026-02-23;0.87;0.92;0.86;0.91;0.91;29549;;3877695
AQMS;11033965;2026-02-23;4.76;4.77;4.62;4.74;4.74;25163;;2979263
AQST;9076042;2026-02-23;3.90;4.00;3.86;3.97;3.97;1744027;;122003113
AQU;16281418;2026-02-23;11.68;11.68;11.68;11.68;11.68;0;;1731047
AQUA;6480961;2023-05-24;49.88;49.88;49.88;49.88;49.88;0;;115850000
AR;466098;2026-02-23;35.54;35.66;33.73;34.00;34.00;5138620;;308525000
ARA;84598;2021-01-25;11.48;11.52;11.33;11.52;11.52;9831;;34519163
ARAV;11033773;2026-02-23;0.04;0.04;0.04;0.04;0.04;0;;75727000
ARAY;173115;2026-02-23;0.56;0.57;0.54;0.56;0.56;1561092;;118782630
ARBB;17776535;2026-02-23;4.72;4.75;4.64;4.65;4.65;5425;;1765256
ARBE;18650356;2026-02-23;1.12;1.13;1.03;1.06;1.06;2691585;;105163188
ARC;10656688;2024-11-22;3.39;3.39;3.39;3.39;3.39;0;;43262384
ARCB;822441;2026-02-23;104.93;104.93;98.71;99.02;99.02;319260;;22511021
ARCC;10383314;2026-02-23;19.00;19.33;18.97;19.05;19.05;9729712;;718022845
ARCH;646016;2025-01-14;134.83;134.83;134.83;134.83;134.83;0;;18108609
ARCO;18829766;2026-02-23;8.89;8.93;8.63;8.73;8.73;933185;;210663057
ARCT;11795244;2026-02-23;7.67;8.23;7.64;7.67;7.67;500378;;28412537
ARCW;674718;2026-02-23;0.03;0.03;0.03;0.03;0.03;32;;23377256
ARD;9076317;2026-02-23;24.75;24.75;24.75;24.75;24.75;0;;236370000
ARDX;6767767;2026-02-23;5.66;5.88;5.55;5.75;5.75;7053522;;245247427
ARE;445788;2026-02-23;53.36;53.89;52.82;53.75;53.75;1516373;;173300361
AREC;12444639;2026-02-23;3.00;3.15;2.93;3.07;3.07;1722910;;84608920
ARES;10383304;2026-02-23;120.52;121.03;112.69;114.57;114.57;7506945;;182999515
AREX;919131;2020-12-31;0.01;0.01;0.01;0.01;0.01;164462;;93630390
ARG;442344;2016-05-31;142.95;142.95;142.95;142.95;142.95;0;;72600000
ARGC;13511338;2026-02-23;2.50;2.50;2.50;2.50;2.50;0;;7630000
ARGO;6767761;2023-11-16;29.99;29.99;29.99;29.99;29.99;0;;35100000
ARGX;18580652;2026-02-23;821.46;838.48;821.46;826.25;826.25;288740;;60760957
ARHS;1397113;2026-02-23;9.11;9.11;8.38;8.41;8.41;1393373;;141063512
ARI;498489;2026-02-23;10.64;10.70;10.45;10.45;10.45;1131872;;139598983
ARIS;11795246;2026-02-23;21.33;21.42;20.79;21.18;21.18;1152937;;59176142
ARKO;11795184;2026-02-23;6.00;6.08;5.80;6.03;6.03;687167;;111430778
ARKR;952460;2026-02-23;6.80;6.96;6.80;6.96;6.96;8186;;3606157
ARL;9075760;2026-02-23;17.13;17.13;17.10;17.10;17.10;2125;;16152043
ARLO;1251690;2026-02-23;11.56;11.67;11.27;11.42;11.42;2232497;;105992268
ARLP;786231;2026-02-23;26.26;27.07;26.25;27.04;27.04;734156;;128428024
ARMK;361112;2026-02-23;40.50;40.82;40.04;40.57;40.57;2554670;;262835999
ARMK_old;692435;2026-02-23;40.50;40.82;40.04;40.57;40.57;2554670;;1385
ARMP;15337145;2026-02-20;8.36;8.73;8.35;8.73;8.73;46207;;36329842
ARNA;826177;2022-03-15;99.99;99.99;99.99;99.99;99.99;107;;61140000
ARNC;1195675;2023-08-17;29.99;30.02;29.98;29.99;29.99;4356209;;100129944
ARO;93605;2016-04-21;0.23;0.23;0.15;0.15;0.15;6199654;;79994458
AROC;998457;2026-02-23;32.87;33.41;32.55;32.82;32.82;1270813;;175369642
AROW;7962934;2026-02-23;35.06;35.15;33.44;33.56;33.56;60333;;16442453
ARPO;1841892;2026-02-23;3.05;3.06;2.94;3.00;3.00;56802;;24647392
ARQL;795983;2020-01-16;20.00;20.00;20.00;20.00;20.00;0;;120733695
ARQQ;18151361;2026-02-23;15.55;15.67;15.02;15.30;15.30;172635;;15291767
ARQT;11795192;2026-02-23;25.50;26.45;24.88;26.31;26.31;1155777;;117044591
ARR;6767791;2026-02-23;17.92;18.21;17.84;18.03;18.03;3711256;;119384920
ARRS;445801;2019-04-04;31.66;31.66;31.66;31.66;31.66;0;;146655682
ARRW;12444407;2026-02-23;0.42;0.42;0.42;0.42;0.42;0;;141173275
ARRY;6744551;2026-02-23;11.24;11.40;10.45;10.69;10.69;5306220;;152747767
ARTE;11819297;2023-11-03;10.73;10.74;10.73;10.73;10.73;34989;;25156250
ARTNA;7962788;2026-02-23;34.42;34.90;33.53;34.05;34.05;53020;;10313145
ARTW;14122295;2026-02-20;2.40;2.47;2.38;2.40;2.40;18457;;5177084
ARTX;739639;2019-12-19;3.00;3.00;3.00;3.00;3.00;0;;26665240
ARVN;947146;2026-02-23;11.83;12.63;11.83;12.30;12.30;1152495;;64224294
ARW;445806;2026-02-23;160.00;161.03;157.14;159.66;159.66;699005;;51086165
ARWR;952053;2026-02-23;62.90;64.20;62.39;63.14;63.14;1763467;;140032190
AS;18493381;2026-02-23;41.75;42.09;40.11;40.49;40.49;6214958;;553631196
ASAI;18689457;2025-01-08;4.58;4.75;4.46;4.67;4.67;1542973;;1352215647
ASAN;1070494;2026-02-23;7.01;7.06;6.51;6.58;6.58;10517557;;237100001
ASB;1234037;2026-02-23;28.40;28.62;26.90;27.19;27.19;3006048;;165922444
ASC;7962762;2026-02-23;14.91;15.02;14.68;14.96;14.96;675120;;40455240
ASCB;16532268;2024-10-24;10.96;10.96;10.96;10.96;10.96;0;;25300000
ASCMA;707350;2019-08-30;0.80;1.00;0.80;0.82;0.82;19028;;12503070
ASFH;15394172;2026-02-23;0.56;0.56;0.56;0.56;0.56;0;;81915838
ASGN;1059907;2026-02-23;44.24;44.61;40.91;40.94;40.94;662637;;42700000
ASH;136913;2026-02-23;63.70;64.31;62.11;63.04;63.04;861175;;45762391
ASIC;19464521;2026-02-23;22.00;23.25;21.68;22.96;22.96;290675;;48066674
ASIX;6767781;2026-02-23;19.50;19.92;17.99;18.04;18.04;426886;;26872912
ASLE;11795208;2026-02-23;7.58;7.66;7.50;7.62;7.62;182943;;47185011
ASM;18515891;2026-02-23;9.20;9.57;8.62;8.81;8.81;7085224;;140565642
ASMB;9076097;2026-02-23;28.40;30.10;28.22;29.95;29.95;137287;;15817140
ASNA;35533;2021-03-08;0.12;0.14;0.10;0.10;0.11;171672;;10090162
ASND;18245363;2026-02-23;224.78;235.00;223.62;234.95;234.95;800060;;61977408
ASO;1271540;2026-02-23;59.24;60.48;57.45;58.89;58.89;1448565;;66681300
ASPI;17623445;2026-02-23;5.25;5.45;5.07;5.33;5.33;2860843;;66686941
ASPN;491354;2026-02-23;3.54;3.69;3.49;3.54;3.54;1060568;;82647081
ASPS;9076048;2026-02-23;5.26;7.00;5.26;6.72;6.72;142949;;10991850
ASPU;652699;2026-02-23;0.14;0.14;0.14;0.14;0.14;12710;;25282947
ASR;18720463;2026-02-23;371.62;378.08;356.99;363.66;363.66;167908;;277050000
ASRE;13626507;2026-02-23;0.01;0.01;0.01;0.01;0.01;6119;;75110382
ASRT;11818125;2026-02-23;11.74;12.08;11.64;12.04;12.04;22689;;6420014
ASRV;15585598;2026-02-23;3.88;3.88;3.72;3.74;3.74;14459;;16522267
ASTC;671045;2026-02-23;2.78;2.90;2.78;2.82;2.82;2742;;1758953
ASTE;6767783;2026-02-23;58.70;58.95;56.80;57.90;57.90;112566;;22875841
ASTL;18526123;2026-02-23;4.89;4.92;4.55;4.65;4.65;1021597;;104858802
ASTR;12444679;2026-02-23;0.54;0.54;0.54;0.54;0.54;0;;22894457
ASTS;11795186;2026-02-23;78.25;87.30;77.90;83.90;83.90;12434197;;71845206
ASUR;9075758;2026-02-23;7.74;7.95;6.84;6.92;6.92;388927;;27763877
ASX;18633363;2026-02-23;23.20;23.49;23.00;23.48;23.48;8760708;;4414930537
ASXC;10656670;2024-08-22;0.35;0.35;0.35;0.35;0.35;0;;272842574
ASYS;819674;2026-02-23;11.81;11.84;11.34;11.63;11.63;158798;;14406485
ATAI;16682738;2026-02-23;3.81;3.98;3.75;3.97;3.97;3062296;;363190522
ATAK;16232549;2026-01-30;0.00;0.00;0.00;0.00;0.00;0;;2092653
ATAT;18792174;2026-02-23;39.70;40.50;39.06;39.25;39.25;1280666;;414557854
ATCC;11794904;2026-02-23;0.00;0.00;0.00;0.00;0.00;0;;7239573961951
ATCX;11816952;2026-02-23;6.30;7.14;6.20;6.56;6.56;124932;;37774971
ATEC;10384215;2026-02-23;12.91;13.36;12.77;13.16;13.16;2478461;;148550185
ATEK;17711156;2026-02-23;9.02;9.02;9.02;9.02;9.02;0;;9859887
ATEN;6767755;2026-02-23;19.92;19.92;18.72;18.94;18.94;807872;;71726487
ATER;15287362;2026-02-23;0.56;0.57;0.54;0.56;0.56;46382;;10027046
ATEX;10656420;2026-02-23;35.38;37.10;35.14;36.31;36.31;330921;;18732889
ATGE;6767543;2026-02-23;96.00;99.72;95.90;98.54;98.54;682276;;34508523
ATH;6475597;2021-12-31;83.29;84.32;82.17;83.33;83.33;3496445;;191700000
ATHA;12444449;2026-02-23;5.49;5.84;5.39;5.80;5.80;28949;;3943887
ATHM;18731290;2026-02-23;20.99;21.15;20.73;20.82;20.82;571141;;479288580
ATHR;19107227;2026-02-23;4.11;4.11;3.44;3.66;3.66;30151;;12144730
ATHX;9076146;2026-02-23;0.00;0.00;0.00;0.00;0.00;305;;18292000
ATI;442346;2026-02-23;157.30;159.82;156.50;159.27;159.27;2617149;;136936299
ATIF;13511364;2024-12-17;0.64;0.67;0.60;0.64;0.64;110406;;11917452
ATIP;14101602;2025-07-31;0.68;0.68;0.68;0.68;0.68;10;;4411499
ATKR;368117;2026-02-23;66.75;66.75;64.53;65.15;65.15;263194;;33750639
ATLC;11817581;2026-02-23;54.43;54.43;50.85;52.56;52.56;93923;;15141530
ATLO;9075938;2026-02-23;27.98;28.18;27.07;27.28;27.28;56250;;8892167
ATLX;15585604;2026-02-23;4.82;5.07;4.82;4.99;4.99;199179;;17837204
ATMU;13841927;2026-02-23;64.37;64.57;63.04;63.59;63.59;924151;;81508591
ATMVU;16905831;2025-12-09;11.20;13.94;11.20;11.54;11.54;2695;;7006329
ATNI;7962748;2026-02-23;28.02;28.95;27.93;28.37;28.37;74856;;15257391
ATNM;11819869;2026-02-23;1.05;1.08;1.03;1.05;1.05;170635;;31195891
ATNX;785769;2023-05-24;0.22;0.26;0.20;0.20;0.20;1880202;;6973670
ATO;445830;2026-02-23;180.19;182.69;180.19;181.72;181.72;823811;1.00;165438946
ATOM;1070617;2026-02-23;5.98;6.40;5.70;5.99;5.99;3445378;;31681033
ATOS;11033979;2026-02-23;4.11;4.15;3.83;3.96;3.96;105399;;8615734
ATR;445832;2026-02-23;143.49;146.24;143.13;145.72;145.72;513494;;64379735
ATRA;9075796;2026-02-23;4.12;4.20;3.92;4.20;4.20;144107;;7210235
ATRC;6767491;2026-02-23;32.25;33.08;31.53;31.79;31.79;555822;;49809901
ATRI;6767741;2024-08-21;459.92;459.92;459.92;459.92;459.92;0;;1759954
ATRO;683677;2026-02-23;77.64;77.98;75.01;76.30;76.30;671368;;35629121
ATRS;9076275;2022-09-07;5.59;5.59;5.59;5.59;5.59;6;;170104000
ATSG;6767609;2025-04-11;22.48;22.48;22.48;22.48;22.48;0;;65890477
ATUS;997777;2025-11-18;1.76;1.90;1.75;1.79;1.79;3833861;;469830736
ATVCU;11818342;2025-03-14;2.01;2.01;2.01;2.01;2.01;0;;
ATVI;243;2023-10-13;94.42;94.42;94.42;94.42;94.42;0;;786000000
ATW;412984;2017-10-19;9.14;9.14;9.14;9.14;9.14;0;;80458655
ATXG;13841921;2026-02-23;0.36;0.37;0.36;0.36;0.36;63363;;11715348
ATXS;11817855;2026-01-23;12.58;12.58;12.58;12.58;12.58;0;;57084838
AUB;10384197;2026-02-23;40.54;40.65;38.37;38.87;38.87;1479421;;142518152
AUBN;9076060;2026-02-23;25.35;25.35;24.50;25.26;25.26;2670;;3493699
AUDC;18622068;2026-02-23;7.12;7.25;7.05;7.11;7.11;183228;;29679755
AUGG;11034015;2026-02-23;1.22;1.22;1.22;1.22;1.22;0;;85929753
AUGX;1295830;2024-10-02;2.35;2.35;2.35;2.35;2.35;0;;49243752
AUMN;11034901;2026-02-23;0.27;0.29;0.27;0.28;0.28;11406;;15053048
AUPH;13901120;2026-02-23;14.50;14.98;14.32;14.83;14.83;1017391;;131840559
AUR;11795062;2026-02-23;4.70;4.84;4.54;4.74;4.74;16690408;;1948813242
AURA;1873135;2026-02-23;5.41;5.59;5.24;5.48;5.48;179342;;63503269
AURX;16633082;2026-02-23;1.60;1.60;1.60;1.60;1.60;2;;45466238
AUSI;13626503;2026-02-23;0.13;0.13;0.13;0.13;0.13;60000;;135928692
AUTL;15337147;2026-02-23;1.69;1.77;1.69;1.73;1.73;1673246;;266143286
AUVI;11035920;2026-02-23;0.00;0.00;0.00;0.00;0.00;428;;4285995
AVA;703252;2026-02-23;42.42;43.05;42.31;42.69;42.69;635563;;81371742
AVAC;10656546;2023-06-07;9.17;9.17;8.77;9.10;9.10;54790;;26030250
AVAH;11820323;2026-02-23;7.34;7.38;7.07;7.20;7.20;1126437;;208911383
AVAL;18815847;2026-02-23;4.49;4.59;4.40;4.46;4.46;49041;;7542263255
AVAV;75856;2026-02-23;256.62;267.50;255.01;261.33;261.33;727047;;49925878
AVB;66223;2026-02-23;178.50;179.70;175.35;176.36;176.36;960155;;141594945
AVBC;19793545;2026-02-23;19.03;19.06;18.36;18.42;18.42;45069;;20076250
AVBH;19513054;2026-02-23;30.18;31.61;29.26;29.67;29.67;102520;;10950802
AVCRF;19172701;2026-02-23;0.06;0.06;0.06;0.06;0.06;10000;;101289664
AVD;1340567;2026-02-23;5.28;5.35;4.99;5.01;5.01;188433;;28468140
AVDL;10384271;2026-02-12;21.64;21.64;21.64;21.64;21.64;200;;97656664
AVDX;11795072;2025-10-15;10.00;10.00;10.00;10.00;10.00;0;;207698753
AVEO;809080;2023-01-19;14.99;15.00;14.99;15.00;15.00;247877;;34503000
AVGO;686523;2026-02-23;332.25;338.50;325.32;330.34;330.34;16179802;;4741273799
AVGO_old;378100;2026-02-23;332.25;338.50;325.32;330.34;330.34;16179802;;2764895750
AVGR;896087;2026-02-23;0.47;0.47;0.47;0.47;0.47;0;;3196791
AVHI;13511330;2026-02-23;11.20;11.20;11.20;11.20;11.20;0;;2809010
AVID;6767713;2023-11-07;27.04;27.04;27.04;27.04;27.04;0;;43813000
AVIR;11819048;2026-02-23;4.65;4.71;4.53;4.59;4.59;438860;;78126796
AVLR;989057;2022-10-28;93.48;93.48;93.48;93.48;93.48;0;;87989000
AVMR;15394212;2025-04-24;7.99;8.00;7.99;8.00;8.00;3164;;170864381
AVNS;536304;2026-02-23;15.48;15.61;15.17;15.23;15.23;507122;;46418907
AVNT;1234038;2026-02-23;41.98;42.51;40.92;42.11;42.11;771017;;91624728
AVNW;208290;2026-02-23;24.69;25.37;24.00;24.19;24.19;106420;;12902310
AVO;1303644;2026-02-23;14.50;14.51;14.04;14.24;14.24;482602;;70569517
AVP;335142;2020-01-03;5.64;5.92;5.05;5.60;5.60;165158531;;443525346
AVPT;11795210;2026-02-23;10.40;10.40;9.89;9.95;9.95;1433254;;201831243
AVRO;9076124;2024-06-21;1.40;1.40;1.40;1.40;1.40;0;;3739649
AVT;884659;2026-02-23;67.53;68.00;66.68;67.27;67.27;764077;;81862967
AVTE;11795304;2026-02-23;14.25;14.59;13.11;14.04;14.04;324790;;46004205
AVTR;1033572;2026-02-23;8.92;9.03;8.83;8.89;8.89;11833286;;682055932
AVTX;16679903;2026-02-23;14.12;15.04;13.56;14.80;14.80;345468;;1034130
AVXL;436223;2026-02-23;4.09;4.24;4.07;4.16;4.16;573685;;92671758
AVY;66346;2026-02-23;195.61;196.94;194.16;196.62;196.62;608415;;77295394
AVYA;934338;2023-02-15;0.28;0.28;0.28;0.28;0.28;0;;85600000
AWI;253579;2026-02-23;198.49;198.50;191.43;192.83;192.83;1051799;;43128042
AWK;168302;2026-02-23;130.41;133.19;130.20;132.92;132.92;2022720;;195208666
AWR;6767427;2026-02-23;72.70;73.90;72.38;73.50;73.50;315454;0.50;39082470
AWRE;512152;2026-02-23;1.70;1.76;1.66;1.70;1.70;46919;;21373696
AWX;129218;2026-02-23;2.58;2.70;2.58;2.59;2.59;8177;;3899431
AX;6767487;2026-02-23;97.07;97.19;90.22;91.06;91.06;440009;;56678249
AXAS;960882;2023-06-22;0.03;0.03;0.03;0.03;0.03;691;;9705000
AXDX;1250895;2026-02-23;0.03;0.03;0.03;0.03;0.03;0;;23679383
AXGN;822853;2026-02-23;35.08;35.89;34.81;35.38;35.38;1658512;;46122289
AXL;980335;2026-02-04;8.39;9.00;8.32;9.00;9.00;10012279;;118696421
AXN;329205;2017-10-16;0.13;0.13;0.12;0.12;0.12;284024;;76209195
AXNX;10383867;2024-11-15;70.98;70.98;70.98;70.98;70.98;0;;51109154
AXON;493957;2026-02-23;426.24;431.51;420.50;423.44;423.44;807788;;78910466
AXP;413080;2026-02-23;343.35;345.83;317.15;321.24;321.24;7073399;;686614005
AXR;13511430;2026-02-23;27.00;27.70;26.64;27.06;27.06;16215;;5305199
AXREF;16318981;2026-02-23;0.90;0.96;0.89;0.92;0.92;225940;;224194032
AXS;971612;2026-02-23;105.26;105.91;103.57;104.35;104.35;995500;;77037743
AXSM;10383750;2026-02-23;176.42;181.84;166.32;174.76;174.76;849592;;50412640
AXTA;702906;2026-02-23;34.32;34.78;33.95;34.05;34.05;1923688;;213373942
AXTI;704072;2026-02-23;30.06;30.19;26.80;28.43;28.43;6193941;;46623170
AY;1300945;2024-12-12;21.99;21.99;21.99;21.99;21.99;10;;116055126
AYI;61705;2026-02-23;309.83;309.83;296.01;300.41;300.41;237529;;30662621
AYRO;11035508;2026-02-23;2.33;2.39;2.11;2.31;2.31;223187;;1455975
AYX;695370;2024-03-18;48.25;48.27;48.25;48.26;48.26;6788733;;72271128
AZEK;1312108;2025-07-01;54.35;54.35;54.35;54.35;54.35;0;;143854293
AZI;18202174;2026-02-23;0.34;0.34;0.31;0.31;0.31;687767;;
AZN;15665002;2026-02-23;204.60;207.34;204.22;204.94;204.94;1815476;;
AZO;58197;2026-02-23;3740.65;3859.36;3740.00;3829.27;3829.27;120950;;16567821
AZPN;445871;2025-03-12;264.33;264.33;264.33;264.33;264.33;0;;66775000
AZTR;15204636;2026-02-23;0.17;0.18;0.16;0.17;0.17;1041860;;10204938
AZUL;18829762;2026-01-20;0.06;0.06;0.06;0.06;0.06;36;;928965058
AZYO;15071398;2026-02-23;1.08;1.15;1.05;1.12;1.12;56533;;42701185
AZZ;82401;2026-02-23;134.90;135.03;130.88;134.43;134.43;165563;;29816258
B;6767521;2026-02-23;48.45;49.95;48.35;49.22;49.22;15304215;;50940019
BA;70844;2026-02-23;231.50;233.50;227.46;230.44;230.44;5359634;;785347096
BABL;666098;2026-02-23;0.03;0.03;0.03;0.03;0.03;3000;;2393798
BAC;71941;2026-02-23;52.84;53.26;50.89;51.07;51.07;49761724;;7302495550
BACA;11818020;2026-02-23;10.64;10.64;10.64;10.64;10.64;0;;2610371
BAER;15296757;2026-02-23;2.46;2.54;2.27;2.41;2.41;1516592;;55543104
BAFN;16633048;2026-02-23;6.75;6.85;6.73;6.81;6.81;12969;;4129027
BAH;182296;2026-02-23;76.52;76.96;73.99;74.26;74.26;2179708;;120594389
BAK;18667306;2026-02-23;3.78;3.87;3.72;3.75;3.75;799675;;451668652
BALL;247618;2026-02-20;66.25;66.65;65.80;66.53;66.53;2156881;;266077175
BALY;10384305;2026-02-23;14.25;14.25;13.74;14.06;14.06;48943;;49162136
BAM;18608532;2026-02-23;50.05;50.34;47.65;47.92;47.92;3565353;;
BANC;7962720;2026-02-23;20.01;20.13;18.92;19.06;19.06;2732742;;57434374
BAND;10656524;2026-02-23;14.91;14.92;13.50;13.96;13.96;519544;;31386922
BANF;6767471;2026-02-23;116.52;116.79;110.04;110.61;110.61;138830;;33334172
BANL;18739933;2026-02-23;0.35;0.43;0.35;0.41;0.41;142193;;27500000
BANR;6767591;2026-02-23;64.09;64.46;60.13;60.40;60.40;504762;;34580030
BAP;18802685;2026-02-23;352.20;353.93;343.56;344.47;344.47;214544;;94382317
BARK;12442276;2026-02-23;0.80;0.83;0.76;0.77;0.77;901016;;172833415
BASE;10384327;2025-09-24;24.51;24.51;24.51;24.51;24.51;0;;55254037
BATL;637325;2026-02-23;4.47;4.96;4.07;4.16;4.16;3917814;;16456563
BATRA;17623447;2026-02-23;47.42;47.90;46.39;46.84;46.84;91129;;
BATRK;17623449;2026-02-23;43.07;43.07;42.41;42.77;42.77;251396;;
BAX;254808;2026-02-23;21.25;21.48;21.07;21.26;21.26;6046174;;514490045
BB;1108872;2026-02-23;3.41;3.44;3.31;3.32;3.32;5790789;;590147550
BBAI;17623451;2026-02-23;3.80;3.91;3.67;3.71;3.71;36913547;;
BBAR;18701265;2026-02-23;16.99;17.05;16.06;16.15;16.15;429172;;612710079
BBBI;1017398;2026-02-23;52.61;52.70;52.61;52.66;52.66;20910;;1824662
BBBY;60362;2026-02-23;5.15;5.16;4.99;5.07;5.07;1788681;;90708000
BBCP;11817699;2026-02-23;6.80;6.89;6.56;6.70;6.70;108906;;50855405
BBDC;10384299;2026-02-23;9.18;9.26;8.90;8.94;8.94;1261438;;105158938
BBDO;18667304;2026-02-23;3.72;3.72;3.61;3.63;3.63;148065;;5306461581
BBGI;652265;2026-02-23;4.33;4.35;4.19;4.31;4.31;5586;;1803994
BBIO;3240601;2026-02-23;67.87;69.50;67.10;67.91;67.91;3673019;;192708813
BBLR;15296759;2026-02-23;0.00;0.01;0.00;0.01;0.01;247193;;177588785
BBNX;18609014;2026-02-23;13.56;14.00;13.53;13.76;13.76;607041;;
BBQ;12442262;2022-09-27;17.29;17.29;17.24;17.24;17.24;14040;;10756000
BBRG;350647;2018-05-25;4.05;4.05;4.05;4.05;4.05;0;;15295015
BBSI;684470;2026-02-23;32.34;32.45;30.24;30.92;30.92;228172;;25624623
BBU;18712195;2026-02-23;35.24;35.24;34.00;34.20;34.20;24765;;74281767
BBUC;17630802;2026-02-23;35.32;35.45;34.27;34.30;34.30;91899;;
BBVA;18322821;2026-02-23;23.90;23.99;23.41;23.69;23.69;2482158;;5708968700
BBW;10656510;2026-02-23;51.80;52.61;48.45;49.14;49.14;435013;;12945819
BBWI;185942;2026-02-23;23.80;24.02;22.23;22.52;22.52;6431550;;204721605
BBXIA;12444409;2026-02-23;3.50;3.64;3.50;3.51;3.51;6135;;14243207
BBY;71192;2026-02-23;64.00;64.20;61.17;62.71;62.71;4565226;;209535103
BC;121407;2026-02-23;88.27;88.33;82.22;83.33;83.33;997739;0.44;64850982
BCAB;1822744;2026-02-23;0.17;0.19;0.17;0.19;0.19;1003764;;58792088
BCAC;11795290;2019-07-16;3.06;3.11;2.61;2.95;2.95;29998;;
BCAN;18909023;2025-06-20;4.35;4.80;3.50;3.53;3.53;137974;;5853
BCBP;9075898;2026-02-23;8.52;8.52;7.99;8.06;8.06;92414;;17228206
BCC;1788784;2026-02-23;81.57;81.57;77.04;80.54;80.54;874908;0.22;37043073
BCDA;15585608;2026-02-23;1.14;1.15;1.10;1.13;1.13;31237;;10612734
BCEL;11034970;2024-09-25;0.09;0.09;0.09;0.09;0.09;0;;39092167
BCH;18792176;2026-02-23;43.43;43.70;42.27;42.45;42.45;314673;;101017081114
BCLI;10656718;2026-02-23;0.66;0.72;0.61;0.62;0.62;64578;;11034775
BCML;9075888;2026-02-23;30.07;30.19;29.52;29.70;29.70;38190;;10897763
BCO;494050;2026-02-23;130.23;130.53;126.22;127.51;127.51;248341;;41545506
BCOR;651518;2026-02-23;22.80;22.80;21.99;21.99;21.99;890;;48034000
BCOV;9075928;2025-02-04;4.45;4.45;4.45;4.45;4.45;0;;45135653
BCOW;16453505;2026-02-23;11.15;11.15;11.05;11.08;11.08;6762;;5958261
BCPC;700317;2026-02-23;172.82;178.51;171.50;175.68;175.68;229386;;32025392
BCR;71733;2017-12-29;331.24;331.24;331.24;331.24;331.24;0;;72892372
BCRD;13950750;2026-02-23;7.27;7.35;7.27;7.35;7.35;800;;14333312
BCRX;6767589;2026-02-23;7.45;7.61;7.42;7.58;7.58;2595155;;210543224
BCS;18252579;2026-02-23;26.07;26.17;25.00;25.11;25.11;7588057;;14419599565
BCSF;10384309;2026-02-23;13.45;13.54;12.81;12.83;12.83;827750;;65260740
BCTF;13511320;2026-02-20;14.97;14.97;14.92;14.92;14.92;472;;6665415
BCTX;13511394;2026-02-23;3.90;3.91;3.72;3.76;3.76;176905;;1883906
BCYC;10656410;2026-02-23;5.46;5.66;5.30;5.44;5.44;206461;;30001725
BCYP;11817259;2020-01-31;0.01;0.01;0.01;0.01;0.01;1000;;
BDC;1234039;2026-02-23;145.63;147.07;142.88;144.89;144.89;219780;;38748995
BDCIU;19761361;2026-02-23;10.16;10.16;10.16;10.16;10.16;300;;
BDL;13511304;2026-02-23;32.59;32.59;32.59;32.59;32.59;111;;1858647
BDMD;19107231;2026-02-23;1.57;1.89;1.51;1.70;1.70;3504425;;35728625
BDN;949484;2026-02-23;3.22;3.24;3.19;3.21;3.21;1381729;;173699039
BDSI;11795286;2022-03-22;5.60;5.60;5.59;5.59;5.59;2090567;;98699857
BDSX;1253248;2026-02-23;13.00;13.32;12.05;12.77;12.77;99149;;7955685
BDTX;15091627;2026-02-23;2.32;2.42;2.26;2.41;2.41;558452;;56974913
BDX;71373;2026-02-23;184.75;186.30;182.13;184.34;184.34;3001159;;362191581
BE;1059129;2026-02-23;147.70;161.25;145.84;160.28;160.28;9973974;;280548215
BEAM;1253264;2026-02-23;27.32;28.35;27.06;28.33;28.33;980688;;101474944
BEAT;15296775;2026-02-23;1.41;1.45;1.38;1.40;1.40;394703;;34443563
BEBE;998467;2026-02-23;9.91;9.91;9.91;9.91;9.91;6;;11270293
BECN;6481033;2025-04-29;124.17;124.17;124.17;124.17;124.17;0;;62161753
BEDU;17705104;2025-12-15;2.21;2.27;2.21;2.25;2.25;45735;;118904817
BEEM;11033849;2026-02-23;1.47;1.48;1.40;1.43;1.43;274369;;19029346
BELFA;17630804;2026-02-23;215.44;222.34;211.10;215.60;215.60;31669;;
BELFB;7962760;2026-02-23;236.94;240.01;229.01;231.83;231.83;175259;;12660563
BEN;378153;2026-02-23;27.53;27.76;26.67;27.07;27.07;3943332;;520763448
BENF;12442150;2026-02-23;3.44;4.38;3.40;4.16;4.16;303906;;530703
BEP;1302956;2026-02-23;31.84;32.58;31.76;31.86;31.86;830542;;285180371
BEPC;18418652;2026-02-23;42.93;43.85;42.85;43.09;43.09;723983;;144921168
BERK;998453;2022-11-07;12.44;12.44;12.44;12.44;12.44;0;;14416198
BERY;470977;2025-04-29;69.26;70.06;66.62;67.58;67.58;18725039;;115800000
BF-A;185450;2026-02-23;30.21;30.91;30.21;30.70;30.70;117552;;463209453
BFAC;16849641;2024-12-16;11.14;11.14;11.14;11.14;11.14;0;;5683125
BFAM;132997;2026-02-23;71.49;73.10;70.51;71.41;71.41;2211635;;56553944
BFC;10384319;2026-02-23;143.22;144.34;138.12;140.12;140.12;154576;;9835013
BFGX;13774416;2026-02-23;12.00;12.00;12.00;12.00;12.00;0;;7950500
BFH;68960;2026-02-23;75.11;75.33;70.38;70.84;70.84;658409;;43115116
BFIN;9076030;2026-01-02;12.00;12.00;12.00;12.00;12.00;0;;12460678
BFLD;666100;2023-05-12;0.00;0.00;0.00;0.00;0.00;0;;437503920
BFLY;1253249;2026-02-23;2.93;2.99;2.87;2.94;2.94;2714837;;252602112
BFRG;16409719;2026-02-23;0.58;0.58;0.49;0.51;0.51;362243;;11409745
BFRI;11035600;2026-02-23;0.87;0.88;0.80;0.86;0.86;225179;;9446197
BFS;664571;2026-02-23;35.01;35.16;34.70;34.98;34.98;74689;;24412314
BFST;7962918;2026-02-23;28.73;29.10;27.42;27.89;27.89;190606;;29615370
BG;445920;2026-02-23;121.92;124.55;120.77;121.32;121.32;1165610;;149195908
BGCP;625540;2023-06-30;4.43;4.69;4.41;4.43;4.43;2951608;;375220000
BGFV;1248288;2026-02-23;1.44;1.44;1.44;1.44;1.44;0;;22918721
BGG;252726;2020-07-20;0.78;0.78;0.78;0.78;0.78;150800;;42453535
BGI;16198963;2026-02-23;0.89;0.89;0.77;0.82;0.82;15050;;
BGLC;15539309;2026-02-23;2.42;2.42;2.33;2.39;2.39;4873;;1796507
BGNE;734219;2024-12-31;184.00;187.42;183.91;184.71;184.71;331608;;106613760
BGRY;11818097;2023-08-14;1.40;1.40;1.40;1.40;1.40;156;;241599990
BGS;327019;2026-02-23;5.25;5.45;5.22;5.32;5.32;1889916;;79977050
BGSF;346052;2026-02-23;6.30;6.30;5.87;6.00;6.00;19092;;11199787
BGSX;11819359;2023-03-16;10.17;10.20;10.17;10.20;10.20;62441;;5000000
BGXX;16905835;2025-03-28;0.05;0.06;0.05;0.06;0.06;25935;;191166318
BH;995149;2026-02-23;389.04;392.71;366.20;377.61;377.61;158860;;2275504
BHAC;12444461;2026-02-23;22.00;22.00;22.00;22.00;22.00;0;;5750000
BHB;7962922;2026-02-23;34.45;34.94;32.89;33.15;33.15;83000;;16688573
BHC;542074;2026-02-23;6.10;6.24;5.90;5.98;5.98;1841693;;370562428
BHE;95106;2026-02-23;58.46;58.46;56.94;57.80;57.80;212882;;35678935
BHF;696260;2026-02-23;63.68;63.68;62.54;62.54;62.54;1129870;;57171217
BHG;16682794;2025-10-01;6.80;6.80;6.70;6.75;6.75;11968;;9024240
BHI;71832;2017-07-05;57.68;57.68;57.68;57.68;57.68;0;17.50;426000000
BHIL;1340566;2026-02-23;0.25;0.25;0.25;0.25;0.25;0;;6114020
BHLB;998454;2025-08-29;26.39;26.62;25.90;26.13;26.13;2567620;;46389917
BHLL;13511332;2026-02-23;0.18;0.18;0.17;0.17;0.17;1106377;;1366387041
BHM;15091629;2026-02-23;10.95;11.09;10.95;11.01;11.01;815;;4056567
BHP;17616590;2026-02-23;77.01;78.24;76.86;78.01;78.01;3912258;;5071530817
BHR;949483;2026-02-23;3.07;3.11;2.98;3.03;3.03;309845;;68219432
BHVN;7962588;2026-02-23;11.12;11.83;11.10;11.58;11.58;1552528;;71043693
BICX;16682744;2026-02-23;0.35;0.35;0.35;0.35;0.35;0;;10890521
BID;136608;2019-10-14;56.99;56.99;56.99;56.99;56.99;0;;46618153
BIG;49609;2024-09-09;0.50;0.50;0.50;0.50;0.50;11553;;29694012
BIGC;10656450;2026-02-23;2.96;2.96;2.71;2.72;2.72;1061586;;78600000
BIIB;71079;2026-02-23;191.82;197.05;189.11;196.34;196.34;872024;;146758528
BILI;18609016;2026-02-23;29.85;30.29;29.62;29.83;29.83;1531394;;
BILL;1801461;2026-02-23;45.29;45.29;41.52;41.94;41.94;3088095;;98960440
BIMT;13992939;2025-12-18;2.20;2.20;2.20;2.20;2.20;0;;7250750
BIO;130356;2026-02-23;269.26;271.03;267.13;268.25;268.25;279579;;26990394
BIOF;15539307;2026-02-23;0.16;0.16;0.15;0.16;0.16;335694;;315723332
BIOX;17776537;2026-02-23;0.60;0.62;0.54;0.55;0.55;264062;;63228239
BIP;18602765;2026-02-23;38.50;39.18;38.45;38.70;38.70;816101;;461855350
BIPC;17630806;2026-02-23;47.80;48.78;47.57;48.30;48.30;520473;;119039120
BIRD;12442260;2026-02-23;3.18;3.18;2.80;2.91;2.91;114700;;8213092
BIVI;11819222;2026-02-23;1.26;1.26;1.20;1.25;1.25;71798;;7543571
BIXT;15394180;2026-02-23;0.04;0.04;0.04;0.04;0.04;120550;;99103873
BJ;1234040;2026-02-23;96.15;99.01;95.87;98.97;98.97;1608179;;130847715
BJRI;537369;2026-02-23;41.19;41.77;39.51;40.71;40.71;319038;;21134781
BK;467599;2026-02-23;117.68;119.00;114.12;115.54;115.54;3375642;;697349124
BKCC;10656594;2024-03-18;3.70;3.70;3.66;3.68;3.68;143336;;72571907
BKD;732304;2026-02-23;15.07;15.70;15.01;15.44;15.44;4593532;;237792413
BKE;196385;2026-02-23;53.65;53.77;51.58;52.96;52.96;362731;;51156626
BKH;253495;2026-02-23;73.27;74.55;72.82;73.48;73.48;777462;;23416396
BKI;889703;2023-09-05;75.76;75.76;75.76;75.76;75.76;0;;155000000
BKKT;12444463;2026-02-23;10.12;10.58;10.01;10.15;10.15;1037546;;24038434
BKNG;261036;2026-02-23;4051.88;4060.00;3765.45;3870.83;3870.83;776882;;31673346
BKR;679135;2026-02-23;62.48;64.25;62.31;63.67;63.67;8035242;;988236510
BKS;763488;2019-08-19;6.49;6.49;6.49;6.49;6.49;0;;73206809
BKSY;12444267;2026-02-20;20.98;21.88;19.58;19.88;19.88;1017918;;35992596
BKTI;546874;2026-02-23;85.90;85.90;83.15;84.32;84.32;24637;;3732241
BKU;815914;2026-02-23;49.94;50.12;47.38;48.19;48.19;997523;;75142571
BKUH;11818111;2026-02-23;0.02;0.02;0.02;0.02;0.02;0;;301302983
BL;371763;2026-02-23;35.44;35.53;32.36;32.55;32.55;3137891;;59486668
BLAC;16905833;2026-02-23;0.43;0.43;0.39;0.42;0.42;329306;;19276978
BLBD;7962726;2026-02-23;60.71;61.86;59.62;60.58;60.58;424403;;31591902
BLCM;808260;2024-03-04;0.08;0.09;0.07;0.07;0.07;6059;;30831161
BLCO;13992937;2026-02-23;18.06;18.06;17.63;17.99;17.99;379608;;354318198
BLD;1055096;2026-02-23;515.23;520.74;498.00;505.80;505.80;228245;;28071651
BLDE;12442254;2025-08-28;4.65;4.76;4.54;4.73;4.73;619033;;81695605
BLDR;826504;2026-02-23;110.09;110.46;106.53;107.28;107.28;1816358;;110605069
BLFS;148798;2026-02-23;22.99;23.14;22.53;22.88;22.88;280428;;47561171
BLFY;10656566;2026-02-23;14.42;14.48;13.59;13.67;13.67;590226;;20761225
BLGO;16849637;2026-02-23;0.17;0.17;0.17;0.17;0.17;137524;;300619329
BLI;1250891;2023-10-02;1.00;1.00;1.00;1.00;1.00;0;;71372063
BLIN;11035972;2026-02-23;0.97;0.98;0.85;0.85;0.85;56472;;12599879
BLK;914;2026-02-23;1099.97;1108.22;1056.00;1071.01;1071.01;699641;;148128478
BLKB;445967;2026-02-23;48.66;48.68;45.95;46.27;46.27;545291;;45933454
BLLN;19830208;2026-02-23;85.29;86.00;71.94;72.10;72.10;438892;;45768760
BLMN;6767511;2026-02-23;6.46;6.46;5.92;6.14;6.14;2261059;;85217091
BLND;12444359;2026-02-23;1.70;1.70;1.58;1.59;1.59;3226966;;241444000
BLNK;11817124;2026-02-23;0.68;0.68;0.65;0.66;0.66;1223919;;104714302
BLOX;252645;2026-02-23;14.70;14.98;14.54;14.79;14.79;320458;;59762000
BLPH;11033857;2026-02-23;0.01;0.01;0.01;0.01;0.01;0;;12231726
BLRX;18667308;2026-02-23;2.86;2.99;2.85;2.90;2.90;19546;;2232601990
BLTE;18557137;2026-02-23;180.95;191.50;180.95;189.26;189.26;158381;;31826549
BLUE;787981;2025-06-02;4.97;4.97;4.97;4.97;4.97;0;;9722217
BLX;7962710;2026-02-23;50.00;50.40;48.98;49.29;49.29;127337;;6342189
BLZE;3192396;2026-02-23;4.38;4.54;4.27;4.37;4.37;1759208;;57700000
BMA;18760280;2026-02-23;92.05;92.05;87.26;87.92;87.92;464007;;639413408
BMAC;11817812;2026-02-23;10.60;10.60;10.60;10.60;10.60;0;;34500000
BMAQ;11034502;2023-04-24;10.55;10.55;10.47;10.47;10.47;10132;;9528537
BMBL;1242698;2026-02-23;3.04;3.04;2.75;2.77;2.77;5526762;;112738995
BMBN;12444539;2026-02-23;37.23;37.23;37.23;37.23;37.23;0;;
BMEA;11795158;2026-02-23;1.34;1.34;1.25;1.28;1.28;494466;;70703639
BMGL;19809651;2026-02-23;0.62;0.62;0.61;0.61;0.61;13583;;18785750
BMI;252337;2026-02-23;158.57;159.51;153.46;156.20;156.20;296708;;29181598
BMNR;13511392;2026-02-23;19.50;19.68;18.81;19.22;19.22;30292537;;454862451
BMO;18151363;2026-02-23;146.09;147.04;141.56;142.29;142.29;833892;;
BMRA;245138;2026-02-23;2.20;2.20;2.06;2.10;2.10;12920;;3020067
BMRC;9075832;2026-02-23;27.01;27.21;25.74;25.83;25.83;97954;;16094686
BMRN;135371;2026-02-23;64.08;65.94;62.63;62.92;62.92;4730836;;192114344
BMS;687804;2019-06-28;57.25;57.25;57.25;57.25;57.25;0;;91211989
BMTC;9076267;2021-12-31;45.48;46.07;44.78;45.01;45.01;924796;;19891618
BMY;255210;2026-02-23;60.97;61.44;60.64;61.25;61.25;10837037;;2036473705
BNCL;748225;2019-02-28;16.05;16.24;15.97;16.12;16.12;1823104;;74691275
BNED;75409;2026-02-23;8.28;8.34;7.99;8.10;8.10;155138;;34053847
BNET;13841929;2026-02-23;0.29;0.31;0.28;0.28;0.28;24504;;57291856
BNFT;967945;2023-01-24;10.50;10.50;10.50;10.50;10.50;0;;34279464
BNGO;1253246;2026-02-23;1.13;1.14;1.09;1.13;1.13;92448;;10176000
BNL;11794980;2026-02-23;18.88;19.15;18.80;18.97;18.97;2232386;;191423427
BNNR;11820489;2023-05-12;10.29;10.65;10.29;10.29;10.29;59275;;15700000
BNOW;13511436;2023-04-21;0.00;0.00;0.00;0.00;0.00;19305458;;3496187693
BNR;18142772;2026-02-23;28.10;29.63;28.10;28.80;28.80;15409;;
BNRE;18641357;2026-02-23;45.98;46.21;44.43;44.54;44.54;25258;;22967624
BNS;18149033;2026-02-20;76.28;77.33;76.15;77.29;77.29;1198387;;
BNTC;11036129;2026-02-23;10.66;10.95;10.50;10.72;10.72;126925;;34354334
BOC;17630808;2026-02-23;12.14;12.18;12.02;12.06;12.06;76040;;
BOCH;9076295;2021-09-30;15.49;15.89;15.17;15.17;15.17;431073;;16736000
BOCN;15337151;2026-02-23;10.71;10.71;10.71;10.71;10.71;0;;23718750
BODY;12444323;2016-09-22;0.01;0.01;0.01;0.01;0.01;0;;
BOH;998597;2026-02-23;80.00;80.33;75.57;76.72;76.72;375083;;39785092
BOJA;82963;2019-01-28;16.09;16.09;16.09;16.09;16.09;0;;37548674
BOKF;344670;2026-02-23;133.52;134.20;128.22;129.39;129.39;474689;;60696695
BOLT;11034280;2026-02-23;5.08;5.25;4.91;4.91;4.91;14474;;1919441
BONT;200557;2018-02-05;0.13;0.15;0.08;0.09;0.09;1042422;;2951490
BOOM;953277;2026-02-23;8.65;8.84;8.46;8.71;8.71;374258;;20590482
BOOT;39510;2026-02-23;197.01;197.19;187.66;194.60;194.60;459556;;30420431
BORR;17630810;2026-02-23;5.94;6.05;5.70;5.80;5.80;7759776;;244926821
BOTJ;15585606;2026-02-23;20.84;21.35;20.75;20.98;20.98;6098;;4543338
BOWL;13703864;2026-02-23;8.45;8.50;7.98;8.25;8.25;210822;;137704548
BOX;47121;2026-02-23;22.70;22.70;21.61;21.82;21.82;2167924;;143227818
BOXL;1017526;2026-02-23;1.46;1.54;1.40;1.47;1.47;446769;;952064
BPFH;9076319;2021-06-30;14.65;14.86;14.61;14.75;14.75;1387347;;82292450
BPL;669884;2019-11-27;41.46;41.46;41.46;41.46;41.46;0;;153923492
BPMC;781830;2025-07-18;129.46;129.46;129.46;129.46;129.46;0;;64582163
BPMP;960880;2022-04-05;17.11;17.11;17.11;17.11;17.11;0;;104800000
BPOP;883509;2026-02-23;147.14;149.15;140.75;141.29;141.29;618155;;66674855
BPRN;9075930;2026-02-23;34.86;35.62;32.66;33.91;33.91;21661;;6762859
BPTH;14864222;2026-02-23;0.06;0.07;0.06;0.07;0.07;21081;;9242151
BR;143497;2026-02-23;176.86;177.28;173.40;175.73;175.73;1425706;;116748715
BRACU;15141537;2026-02-23;12.00;12.00;12.00;12.00;12.00;0;;2990897
BRBR;1011103;2026-02-23;18.72;19.29;17.91;17.94;17.94;3038908;;117269523
BRBS;12444335;2026-02-23;4.26;4.27;4.09;4.10;4.10;270532;;91488661
BRCB;19761363;2026-02-23;12.83;12.98;12.04;12.05;12.05;419163;;
BRCC;14864194;2026-02-23;0.68;0.69;0.62;0.62;0.62;1487851;;248499880
BRCD;186307;2017-11-20;12.73;12.73;12.73;12.73;12.73;0;;413816134
BRCM;261267;2016-02-09;54.67;54.67;54.67;54.67;54.67;0;;609000000
BRDG;10384245;2025-08-29;9.60;9.73;9.60;9.60;9.60;5858957;;124533789
BREA;16198957;2026-02-23;1.07;1.09;1.00;1.00;1.00;661787;;982500
BREW;63411;2020-09-30;16.51;16.51;16.51;16.51;16.51;0;;19545308
BRFH;15394178;2026-02-23;2.73;2.75;2.67;2.67;2.67;4460;;15969281
BRFS;18847921;2025-09-22;3.55;3.62;3.35;3.38;3.38;2144334;0.38;1682473246
BRGO;16849645;2026-02-19;0.00;0.00;0.00;0.00;0.00;2;;
BRID;33021;2026-02-23;7.64;7.64;7.32;7.49;7.49;1811;;9076832
BRIV;11819944;2023-05-04;10.16;10.19;10.15;10.19;10.19;198019;;17850000
BRK-A;71306;2026-02-23;744060.30;755000.00;740200.00;740200.00;740200.00;118;;1470577
BRKHU;11819749;2026-02-23;12.60;12.60;12.60;12.60;12.60;0;;110988152
BRKL;7962670;2025-09-02;10.95;10.95;10.95;10.95;10.95;0;;89104605
BRKR;1253240;2026-02-23;37.92;40.10;37.59;39.56;39.56;2453369;;151941144
BRKS;531292;2021-11-30;115.73;116.93;112.23;113.10;113.10;1018390;;74347053
BRLIU;16239125;2023-12-22;6.49;6.49;4.99;5.10;5.10;7784;;1814696
BRLT;3172579;2026-02-23;1.58;1.64;1.51;1.51;1.51;69595;;11387936
BRMK;996201;2023-05-31;4.82;4.82;4.82;4.82;4.82;0;;132625008
BRN;13511358;2026-02-23;1.02;1.05;1.00;1.04;1.04;120540;;12538064
BRO;245531;2026-02-23;69.19;70.16;68.81;69.16;69.16;3830183;;340420023
BROG;18025292;2026-02-23;2.60;2.60;2.60;2.60;2.60;0;;109587853
BROS;1329540;2026-02-23;48.00;48.52;46.73;47.28;47.28;4973716;;53118000
BRP;11795080;2026-02-23;16.33;17.23;16.13;16.57;16.57;1800204;;118648321
BRRE;547113;2026-02-23;8.40;8.40;8.40;8.40;8.40;0;;2450424
BRS;255858;2019-10-31;0.01;0.01;0.01;0.01;0.01;58388;;35918916
BRSP;949489;2026-02-23;5.70;5.79;5.55;5.58;5.58;707829;;128627246
BRSS;778121;2019-08-07;43.99;43.99;43.99;43.99;43.99;0;;21952777
BRST;16682748;2026-02-23;0.00;0.00;0.00;0.00;0.00;1;;35041443
BRT;7962938;2026-02-23;14.70;14.80;14.56;14.59;14.59;18656;;19020394
BRTX;16682746;2026-02-23;0.21;0.21;0.19;0.20;0.20;3310530;;6919919
BRX;108186;2026-02-23;29.62;29.97;29.59;29.79;29.79;4360611;;306589758
BRY;960878;2025-12-18;3.26;3.26;3.26;3.26;3.26;0;;54476729
BRZE;10383897;2026-02-23;16.69;16.77;15.26;15.79;15.79;4131615;;112215498
BSBK;12444445;2026-02-23;8.45;8.50;8.40;8.41;8.41;2074;;13074928
BSBR;18418648;2026-02-23;6.97;7.01;6.71;6.74;6.74;1132364;;3799243469
BSET;675839;2026-02-23;14.82;14.85;14.46;14.50;14.50;40812;;8654370
BSGM;16872328;2025-09-11;4.36;6.12;4.36;6.10;6.10;3137726;;16278346
BSIG;990127;2024-12-31;26.54;26.72;26.07;26.34;26.34;225918;;37317938
BSM;960876;2026-02-23;15.10;15.19;14.81;14.86;14.86;350387;;211862412
BSPM;543906;2026-02-23;0.00;0.00;0.00;0.00;0.00;0;;2637188
BSQR;101318;2023-12-07;1.89;1.90;1.89;1.89;1.89;22366;;20470000
BSRR;9075826;2026-02-23;37.31;37.83;35.90;36.09;36.09;75983;;13482458
BSTC;822442;2020-12-02;88.53;88.53;88.53;88.53;88.53;0;;7344955
BSTG;148380;2023-07-24;4.45;4.45;4.45;4.45;4.45;0;;12206036
BSVN;11820256;2026-02-23;42.30;42.72;41.80;41.80;41.80;5986;;9453390
BSX;239516;2026-02-23;74.27;75.32;74.26;74.37;74.37;10219667;;1483885456
BSY;1209290;2026-02-23;33.28;33.62;32.16;32.20;32.20;3040283;;303557068
BTAI;818572;2026-02-23;1.57;1.64;1.53;1.63;1.63;325151;;21869491
BTBT;17630812;2026-02-23;1.61;1.67;1.58;1.66;1.66;23350046;;323674831
BTCS;15337149;2026-02-23;1.57;1.57;1.48;1.50;1.50;449452;;46838532
BTCY;13950748;2026-02-23;0.22;0.26;0.22;0.26;0.26;3534;;28436643
BTDR;18757089;2026-02-23;7.74;8.19;7.59;8.02;8.02;15315845;;192317656
BTI;18266282;2026-02-23;62.08;62.98;62.08;62.10;62.10;6298752;;2312454501
BTMD;17630814;2026-02-23;2.11;2.12;2.02;2.05;2.05;214298;;
BTU;918412;2026-02-23;33.46;33.87;32.60;33.18;33.18;1853456;0.07;121747873
BUD;11790995;2026-02-23;78.67;80.27;78.60;80.00;80.00;2166034;;2012000000
BUJA;16867987;2025-05-08;11.00;11.18;3.25;3.66;3.66;298984;;4941322
BUKS;13511366;2026-02-23;3.32;3.45;3.21;3.28;3.28;72744;;64279002
BUR;17630816;2026-02-23;9.57;9.64;9.18;9.20;9.20;1690664;;218888500
BURL;179036;2026-02-23;313.83;315.17;305.05;311.38;311.38;650469;;62927006
BURU;16633080;2026-02-23;0.10;0.10;0.10;0.10;0.10;0;;3273388
BUSE;6767795;2026-02-23;26.43;26.58;25.05;25.38;25.38;797226;;88409043
BV;977402;2026-02-23;13.80;13.80;13.44;13.55;13.55;492212;;94200000
BVFL;15394182;2026-02-23;19.31;19.31;18.83;18.83;18.83;17478;;10594044
BVH;10656480;2024-01-16;74.99;75.02;74.98;75.00;75.00;660927;;15868000
BVN;18193988;2026-02-23;39.12;39.12;37.80;38.64;38.64;1051154;;253715190
BVS;1237813;2026-02-23;8.58;8.78;8.51;8.66;8.66;195985;;82763214
BVSN;156413;2020-05-18;4.42;4.44;4.36;4.41;4.41;313635;;5061018
BW;10656446;2026-02-23;8.66;8.77;8.21;8.69;8.69;2199419;;111100100
BWA;70746;2026-02-23;58.73;59.08;58.00;58.17;58.17;3188120;;207048768
BWAQ;13810646;2024-07-01;8.20;8.34;4.00;4.24;4.24;285608;;6602246
BWB;9075816;2026-02-23;19.40;19.58;18.40;18.62;18.62;75896;;27584732
BWEN;10656760;2026-02-23;2.40;2.42;2.29;2.38;2.38;118358;;23200988
BWFG;9075916;2026-02-23;48.31;48.58;46.38;47.04;47.04;47676;;7877443
BWLA;287640;2018-10-29;15.30;15.37;15.25;15.33;15.33;2009;;5160971
BWMN;11817639;2026-02-23;33.50;33.70;31.67;32.13;32.13;104076;;17373129
BWMX;18842725;2026-02-23;18.56;19.09;18.40;18.79;18.79;106933;;
BWV;1342102;2018-04-12;77.11;77.50;76.89;77.50;77.50;1999;;
BWXT;914354;2026-02-23;204.00;206.00;197.62;198.38;198.38;942335;;91426744
BX;498254;2026-02-23;119.21;119.37;111.04;113.71;113.71;18315050;;738450871
BXC;673388;2026-02-23;71.29;72.00;66.00;67.11;67.11;133037;;7865058
BXMT;2077097;2026-02-23;19.50;19.66;19.11;19.16;19.16;1076706;;168738642
BXP;70579;2026-02-23;60.92;61.54;59.29;59.62;59.62;2735275;;158468685
BY;7962672;2026-02-23;33.25;33.44;31.53;31.87;31.87;212483;;45819227
BYD;899361;2026-02-23;86.00;86.00;81.69;83.62;83.62;761647;;75492204
BYFC;16849639;2026-02-23;8.01;8.04;8.00;8.04;8.04;2314;;
BYN;13992947;2026-02-23;0.04;0.04;0.04;0.04;0.04;0;;
BYND;917697;2026-02-23;0.72;0.72;0.69;0.69;0.69;19291412;;453570181
BYNO;18113588;2026-02-23;12.20;12.20;12.20;12.20;12.20;0;;7697796
BYON;17630818;2026-02-23;5.15;5.16;4.99;5.07;5.07;1788681;;
BYRN;12444471;2026-02-23;12.38;12.43;11.64;11.84;11.84;387269;;22671283
BYTS;16787007;2026-02-23;2.43;2.52;2.38;2.48;2.48;468327;;34372162
BZ;18720459;2026-02-23;17.42;17.59;16.25;16.30;16.30;4131574;;869298062
BZFD;10656758;2026-02-23;0.80;0.80;0.76;0.79;0.79;375878;;36263250
BZH;505724;2026-02-23;27.07;27.12;26.24;26.30;26.30;588762;;29506806
BZUN;1253404;2026-02-23;2.76;2.84;2.66;2.68;2.68;115333;;174638324
C;89126;2026-02-23;115.34;116.91;108.86;110.75;110.75;17703423;;1749319009
CAAP;18641359;2026-02-23;29.05;29.05;28.12;28.36;28.36;322662;;163222707
CAAS;10656684;2026-02-23;4.42;4.54;4.35;4.42;4.42;7359;;30170702
CABA;11817683;2026-02-23;2.93;3.00;2.79;2.90;2.90;2143545;;50743101
CABO;1053849;2026-02-23;103.69;105.14;99.91;99.91;99.91;129447;;5635177
CAC;7962846;2026-02-23;49.19;49.41;46.73;46.95;46.95;85133;;16922225
CACC;980324;2026-02-23;494.50;497.01;474.94;489.89;489.89;381600;;10747682
CACI;254661;2026-02-23;572.32;580.00;563.99;570.99;570.99;220381;;22085774
CADE;17630820;2026-01-30;42.41;43.58;42.11;42.11;42.11;80610979;0.34;
CADL;16682750;2026-02-23;5.05;5.07;4.83;4.97;4.97;2015645;;54898303
CAG;326285;2026-02-23;18.42;19.00;18.40;18.86;18.86;12197666;;478369475
CAGU;154936;2026-02-23;0.00;0.00;0.00;0.00;0.00;0;;10056392
CAH;159950;2026-02-23;224.41;228.04;224.00;224.82;224.82;1351723;;235316016
CAHO;14101612;2026-02-23;0.51;0.51;0.51;0.51;0.51;0;;37175808
CAI;6767663;2026-02-23;19.32;19.89;17.63;17.64;17.64;3274118;;17337000
CAKE;817638;2026-02-23;63.34;64.20;61.46;63.95;63.95;1881907;;49841690
CAL;49132;2026-02-23;12.90;12.90;11.86;12.44;12.44;592827;;33895562
CALA;817563;2026-02-23;0.00;0.00;0.00;0.00;0.00;20;;3705700
CALB;10656714;2024-08-01;25.09;25.09;25.09;25.09;25.09;0;;8439185
CALD;100006;2018-04-16;36.00;36.00;36.00;36.00;36.00;0;;66460419
CALL;144735;2018-11-14;8.67;8.67;8.67;8.67;8.67;0;;16248299
CALM;776100;2026-02-23;83.34;85.76;83.12;84.13;84.13;759496;;47654046
CALX;1060039;2026-02-23;55.39;55.39;53.26;54.13;54.13;695426;;65607663
CAMP;75639;2026-02-23;4.35;4.77;4.35;4.52;4.52;36955;;1652846
CAMT;18572445;2026-02-23;148.45;153.29;145.60;153.11;153.11;825029;;45449306
CAN;18752871;2026-02-23;0.46;0.46;0.42;0.43;0.43;15616732;;2372222222
CANG;18641361;2026-02-23;0.85;0.87;0.78;0.82;0.82;1250905;;
CANN;16532304;2026-02-23;0.03;0.04;0.03;0.04;0.04;62861;;
CANO;1242697;2024-02-05;2.30;2.30;2.30;2.30;2.30;159142;;2421875
CAPL;998434;2026-02-23;21.17;21.34;20.17;20.78;20.78;119690;;38120481
CAPR;10656754;2026-02-23;28.16;29.08;27.32;27.87;27.87;746250;;45718475
CAR;980327;2026-02-23;94.95;95.55;86.24;87.69;87.69;1219316;;35258652
CARA;9075844;2025-04-15;5.39;5.52;5.28;5.32;5.32;236844;;4573606
CARE;11818501;2026-02-23;21.89;22.08;20.89;21.09;21.09;192590;;22087044
CARG;645427;2026-02-23;30.05;30.52;27.69;27.86;27.86;2026681;;95189147
CARR;1169063;2026-02-23;63.94;65.25;63.16;63.46;63.46;3805332;;835843882
CARS;650652;2026-02-23;11.52;11.57;10.59;10.61;10.61;1063711;;59813268
CARV;11035484;2026-02-23;1.37;1.37;1.37;1.37;1.37;524;;5095254
CASA;1007468;2024-04-04;0.04;0.05;0.03;0.04;0.04;28822552;;92504000
CASH;6767715;2026-02-23;95.09;95.55;91.81;92.80;92.80;529323;;21763685
CASI;877522;2026-02-20;0.81;0.83;0.75;0.77;0.77;17311;;13606130
CASS;7962812;2026-02-23;44.76;44.95;43.08;43.53;43.53;75144;;13503248
CASY;188690;2026-02-23;667.11;674.32;658.30;671.75;671.75;311282;;37066933
CAT;253953;2026-02-23;758.95;767.98;752.78;756.47;756.47;2271529;;465287332
CATC;7962900;2024-07-15;73.59;73.59;73.59;73.59;73.59;0;;7847656
CATM;9076297;2021-06-21;39.01;39.01;39.01;39.01;39.01;0;;44959960
CATN;11819741;2023-05-12;2.35;2.35;2.35;2.35;2.35;0;;102166400
CATO;998426;2026-02-23;3.07;3.12;2.90;2.95;2.95;60915;;19748606
CATX;17630822;2026-02-23;5.53;5.90;5.46;5.60;5.60;2737943;;
CATY;6767519;2026-02-23;53.50;53.62;50.75;51.27;51.27;408637;;68036614
CAVA;14101608;2026-02-23;69.22;70.64;67.72;68.35;68.35;3590433;;115986120
CAVM;446086;2018-07-09;86.23;86.23;86.23;86.23;86.23;0;;70022937
CB;378112;2026-02-23;331.50;335.23;330.18;333.39;333.39;1864735;;393550859
CBAN;12444275;2026-02-23;20.30;20.65;19.91;20.13;20.13;252768;;17434632
CBAT;11034221;2026-02-23;1.03;1.04;0.98;1.02;1.02;158404;;88645836
CBAY;6767777;2024-04-01;32.48;32.48;32.48;32.48;32.48;73;;114724381
CBB;618601;2021-09-03;15.49;15.50;15.48;15.48;15.48;3690361;;50920546
CBFV;9075998;2026-02-23;34.43;34.52;33.51;33.89;33.89;7965;;5010883
CBI;111879;2018-05-11;16.39;16.39;16.39;16.39;16.39;0;;102548319
CBIO;9076168;2026-02-23;11.40;11.80;11.04;11.47;11.47;87943;;96333157
CBK;19793547;2026-02-23;26.83;26.84;25.62;26.35;26.35;69798;;12239644
CBKCQ;100810;2026-02-23;26.83;26.84;25.62;26.35;26.35;69798;;38546330
CBKM;259775;2026-02-23;25.21;26.17;25.21;25.55;25.55;4206;0.21;3144775
CBL;10384311;2026-02-23;38.20;38.59;37.40;37.85;37.85;116073;;30682618
CBLI;11819940;2026-02-23;0.00;0.00;0.00;0.00;0.00;6062;;15478945
CBLK;896985;2019-10-08;26.00;26.00;26.00;26.00;26.00;0;;73549186
CBM;100602;2019-12-05;59.99;59.99;59.99;59.99;59.99;0;;33724367
CBNK;10656598;2026-02-23;31.15;31.45;29.54;29.72;29.72;67884;;16520863
CBOE;120616;2026-02-23;289.64;293.58;288.55;290.11;290.11;996508;;104667696
CBRE;378105;2026-02-23;146.62;150.06;143.33;144.18;144.18;3567071;;295158554
CBRG;13511368;2026-02-20;11.46;11.46;11.46;11.46;11.46;0;;
CBRL;37621;2026-02-23;33.44;33.44;30.40;32.04;32.04;1492776;;22328095
CBSH;593216;2026-02-23;53.94;54.42;51.74;52.24;52.24;1568396;;139035421
CBT;1050281;2026-02-23;75.01;75.61;73.39;74.58;74.58;334790;;52221604
CBU;6767453;2026-02-23;64.89;64.91;62.49;62.80;62.80;352805;;52661489
CBUS;17630824;2026-02-23;2.96;3.37;2.88;3.27;3.27;998069;;
CBZ;1333026;2026-02-23;28.63;28.85;27.06;27.68;27.68;1619813;;54401424
CC;536512;2026-02-23;16.81;18.35;16.67;18.03;18.03;4232051;;149891952
CCAIU;12442246;2023-08-31;12.33;12.33;12.33;12.33;12.33;0;;8952225
CCAP;10656454;2026-02-23;13.22;13.52;12.95;12.96;12.96;242976;;36992523
CCB;7962838;2026-02-23;82.94;83.76;74.98;75.65;75.65;409042;;15121263
CCBG;7962800;2026-02-23;43.03;43.29;41.61;41.88;41.88;70582;;17068825
CCCC;12444295;2026-02-23;2.15;2.33;2.12;2.30;2.30;1606536;;96914418
CCCS;11794948;2026-02-23;5.10;5.10;4.80;4.87;4.87;13215705;;642019656
CCE;849813;2021-09-28;56.42;56.42;55.23;55.50;55.50;816709;;502596046
CCEL;14122299;2026-02-23;3.38;3.41;3.36;3.40;3.40;6599;;8055150
CCEP;18591358;2026-02-23;106.12;107.90;105.99;107.49;107.49;1714317;;460947057
CCF;90312;2023-11-15;127.49;127.49;127.49;127.49;127.49;0;;9417418
CCH;704561;2026-02-23;9.55;9.73;9.29;9.53;9.53;2346295;;
CCHWF;2265765;2026-02-23;0.03;0.03;0.03;0.03;0.03;1873147;;497455422
CCI;378122;2026-02-23;87.84;88.66;86.65;87.70;87.70;3130853;;435479010
CCJ;3240087;2026-02-23;122.00;122.74;117.23;118.75;118.75;2721952;;435312083
CCK;446122;2026-02-23;113.85;115.71;113.62;115.10;115.10;1126619;;115347894
CCL;288836;2026-02-23;31.91;32.37;29.95;30.42;30.42;22386306;;1236706612
CCLP;12444259;2024-04-01;2.44;2.44;2.31;2.42;2.42;3018771;;142496840
CCM;18802687;2026-02-23;3.34;3.43;3.18;3.43;3.43;2218;;130251685
CCMP;927135;2022-09-08;173.69;173.69;173.69;173.69;173.69;2844;;29260000
CCNE;7962896;2026-02-23;29.96;30.21;28.75;29.10;29.10;229953;;29476240
CCO;650825;2026-02-23;2.42;2.43;2.38;2.38;2.38;7692209;;497305185
CCOI;125781;2026-02-23;18.18;18.81;16.41;17.87;17.87;3465843;;50062158
CCRD;11820248;2025-10-30;24.00;24.52;23.60;23.60;23.60;677700;;7792382
CCRN;7962636;2026-02-23;8.60;8.77;8.44;8.57;8.57;525981;;32759952
CCS;350948;2026-02-23;71.66;71.78;69.25;70.00;70.00;239656;;29050515
CCSI;11795236;2026-02-23;29.56;29.56;28.24;29.22;29.22;289549;;18868935
CCTC;13511312;2026-02-23;0.65;0.65;0.65;0.65;0.65;1;;806055
CCTS;16867989;2026-02-23;13.09;13.09;13.09;13.09;13.09;0;;5627029
CCV;11795338;2023-10-16;10.39;10.40;10.39;10.39;10.39;23136;;55771868
CCXI;795982;2026-02-23;10.19;10.19;10.18;10.18;10.18;1183;;71234000
CCYC;11795046;2023-05-12;11.25;11.25;11.25;11.25;11.25;0;;153105464
CDAK;11036274;2023-09-18;0.00;0.00;0.00;0.00;0.00;0;;25159757
CDAQ;18045542;2026-02-23;10.74;10.74;10.74;10.74;10.74;0;;10504750
CDAY;1050283;2026-02-03;69.84;69.86;69.62;69.86;69.86;29881244;;160034963
CDE;529633;2026-02-23;24.90;25.15;24.36;24.43;24.43;23006635;;642097555
CDI;531420;2017-09-28;8.22;8.22;8.22;8.22;8.22;0;;22443000
CDIO;16633054;2026-02-23;2.87;3.20;2.75;3.01;3.01;3249403;;1826051
CDK;749032;2022-09-08;54.76;54.76;54.76;54.76;54.76;2874;;121200000
CDLR;18609020;2026-02-23;26.60;26.67;25.44;25.58;25.58;141852;;
CDLX;9075770;2026-02-23;0.91;0.91;0.84;0.85;0.85;618994;;54056548
CDMO;97638;2025-02-05;12.49;12.49;12.49;12.49;12.49;0;;63963302
CDNA;171003;2026-02-23;18.75;18.98;18.23;18.79;18.79;643606;;51432639
CDNS;107614;2026-02-23;291.44;293.59;279.11;279.80;279.80;3341159;;272651000
CDP;17630826;2026-02-23;32.50;32.78;32.49;32.64;32.64;1083511;;
CDR;664567;2022-08-22;28.97;29.01;28.97;29.00;29.00;498513;;13288000
CDRE;1397112;2026-02-23;44.16;44.33;42.08;42.24;42.24;177970;;40663844
CDRO;18872603;2026-02-23;7.91;8.12;7.86;7.97;7.97;8937;;45491175
CDTX;11033880;2026-01-07;221.38;221.38;221.38;221.38;221.38;0;;31439371
CDW;683318;2026-02-23;124.64;125.94;120.00;123.13;123.13;1311062;;128993588
CDXC;9076016;2025-03-18;7.91;7.92;7.75;7.87;7.87;554833;;77750447
CDXS;1253238;2026-02-23;1.16;1.18;1.05;1.07;1.07;1098634;;90324383
CDZI;1159130;2026-02-23;5.27;5.37;5.15;5.22;5.22;487901;;83110079
CE;109593;2026-02-23;53.73;54.66;52.16;52.34;52.34;1764965;;109504894
CECO;17630828;2026-02-23;77.94;78.90;76.16;77.68;77.68;392656;;
CEG;1867900;2026-02-23;294.00;299.75;289.09;293.80;293.80;3187211;;312290080
CEI;15464865;2024-08-07;0.11;0.11;0.10;0.10;0.10;5426439;;175800468
CEIX;6767527;2025-01-14;100.00;100.90;96.18;99.61;99.61;1658307;;29394466
CELC;1253241;2026-02-23;104.00;107.50;103.00;105.15;105.15;406022;;46271259
CELG;410976;2019-11-22;108.24;108.24;108.24;108.24;108.24;114302;;711714480
CELH;986557;2026-02-23;48.56;50.27;48.54;49.22;49.22;4531441;;257785297
CELU;11795082;2026-02-23;1.36;1.42;1.25;1.31;1.31;62651;;28328880
CEMI;1253180;2023-04-27;0.45;0.46;0.45;0.46;0.46;234926;;32274664
CENN;1247951;2026-02-23;0.12;0.12;0.11;0.12;0.12;615942;;87912831
CENT;239618;2026-02-23;39.67;39.98;38.88;39.39;39.39;68796;;66996528
CENTA;17630830;2026-02-23;35.04;35.50;34.35;34.80;34.80;276993;;
CENX;1334621;2026-02-23;52.56;53.18;49.84;51.84;51.84;2456060;;93341969
CEPO;18650360;2026-02-23;10.44;10.46;10.44;10.46;10.46;82377;;25500000
CEPU;18802681;2026-02-23;16.20;16.36;15.70;15.77;15.77;316157;;1514022256
CEQP;998428;2023-11-03;28.26;28.26;28.26;28.26;28.26;0;;105500000
CERE;10383342;2024-08-01;44.96;44.96;44.96;44.96;44.96;0;;182194722
CERN;259186;2022-09-08;94.92;94.92;94.92;94.92;94.92;1320;;293383000
CERS;1253026;2026-02-23;2.36;2.44;2.31;2.38;2.38;1678766;;192087501
CERT;10383540;2026-02-23;6.41;6.58;6.33;6.49;6.49;1990405;;159273367
CETV;651857;2020-10-13;4.57;4.57;4.57;4.57;4.57;0;;254598523
CETX;178699;2026-02-23;1.15;1.19;1.13;1.15;1.15;345356;;10078089
CETY;16905837;2026-02-23;0.73;1.06;0.72;1.06;1.06;6638352;;
CEVA;1335016;2026-02-23;19.18;19.37;18.56;18.76;18.76;365953;;24017805
CF;119051;2026-02-23;97.58;98.14;95.31;95.45;95.45;2105410;;155974644
CFB;11795356;2026-02-23;15.99;15.99;15.99;15.99;15.99;0;;49300685
CFBK;12444609;2026-02-23;31.97;31.98;30.53;30.53;30.53;52760;;6418305
CFFI;9075922;2026-02-23;74.47;74.69;73.26;73.26;73.26;6578;;3238232
CFFN;7962638;2026-02-23;7.65;7.69;7.22;7.25;7.25;791438;;129844172
CFFS;18025573;2026-02-23;11.28;11.28;11.28;11.28;11.28;0;;23262500
CFG;378202;2026-02-23;65.00;65.43;61.95;62.49;62.49;5150033;;424983657
CFIV;11795312;2023-12-07;10.58;10.58;10.58;10.58;10.58;448;;23751420
CFLT;1334959;2026-02-23;30.66;30.76;30.66;30.69;30.69;10004227;;357644501
CFMS;613117;2023-09-05;2.26;2.26;2.26;2.26;2.26;0;;7316286
CFNB;12444315;2026-02-23;28.40;28.40;28.40;28.40;28.40;1650;;10280000
CFOO;18045538;2026-02-23;0.66;0.66;0.66;0.66;0.66;0;;20252309
CFR;419929;2026-02-23;145.44;146.28;140.72;142.13;142.13;768895;;63201792
CFRX;1841922;2023-12-05;0.06;0.06;0.05;0.05;0.05;910216;;491659
CFSB;13714909;2025-11-03;14.25;14.25;14.25;14.25;14.25;0;;6548575
CFVI;11794976;2026-02-23;5.82;5.83;5.50;5.53;5.53;2230315;;38200000
CFX;1067476;2022-04-04;40.60;40.63;38.88;39.06;39.06;2953345;;159093384
CGA;532888;2024-11-25;1.96;2.00;1.86;1.98;1.98;25600;;14793538
CGBD;10384321;2026-02-23;11.45;11.56;11.06;11.10;11.10;1414641;;72902981
CGC;13756720;2026-02-23;1.18;1.19;1.14;1.15;1.15;8949393;;377862634
CGEM;1841135;2026-02-23;13.58;14.51;13.54;13.99;13.99;624710;;59076259
CGEN;18468483;2026-02-23;1.74;1.75;1.67;1.71;1.71;159134;;89541246
CGNT;18692744;2026-02-23;6.78;6.80;6.29;6.34;6.34;493509;;72057202
CGNX;710555;2026-02-23;55.44;56.99;55.25;56.47;56.47;2604621;;165707920
CGRN;51961;2024-04-22;0.21;0.21;0.21;0.21;0.21;0;;18351000
CGTX;15539311;2026-02-23;1.04;1.08;1.01;1.04;1.04;655257;;88274258
CHAC;19154081;2026-02-23;10.43;10.47;10.40;10.41;10.41;47225;;29973333
CHAP;960877;2020-10-14;0.04;0.04;0.03;0.04;0.04;153382;;47790146
CHAQ;1872822;2022-11-30;3.04;3.20;3.00;3.20;3.20;14313;;
CHCI;11034674;2026-02-23;11.49;11.88;11.49;11.54;11.54;11087;;10087651
CHCO;6767633;2026-02-23;125.09;127.95;119.97;121.49;121.49;113547;;14408651
CHCT;16239115;2026-02-23;16.45;16.57;16.13;16.33;16.33;440449;0.48;28571793
CHD;378113;2026-02-23;102.66;105.75;102.66;105.26;105.26;1667378;;236694241
CHDN;883031;2026-02-23;92.60;94.04;91.18;94.00;94.00;1056535;;72232103
CHE;115043;2026-02-23;475.50;480.66;473.51;478.54;478.54;143142;0.60;14164195
CHEF;350160;2026-02-23;69.90;71.43;68.05;71.13;71.13;477097;;40685549
CHGG;987221;2026-02-23;0.64;0.64;0.59;0.63;0.63;1447589;;109273108
CHH;1059905;2026-02-23;109.16;109.16;104.51;106.76;106.76;501176;;45971393
CHKE;240259;2021-02-11;2.30;2.50;2.07;2.30;2.30;21071;;569130
CHKP;1250715;2026-02-23;157.58;157.87;153.66;154.73;154.73;2209815;;108368523
CHMG;9075924;2026-02-23;59.04;59.04;56.35;56.35;56.35;6678;;4794349
CHMI;9075976;2026-02-23;2.59;2.66;2.55;2.57;2.57;146463;;36739538
CHMX;17590531;2026-02-23;4.95;4.95;4.95;4.95;4.95;0;;28546834
CHNG;987613;2022-10-03;27.49;27.49;27.49;27.49;27.49;3;;326562482
CHPT;1326827;2026-02-23;6.12;6.13;5.88;6.01;6.01;240003;;22117044
CHRA;9076136;2023-07-17;6.16;6.16;6.16;6.16;6.16;100;;3372200
CHRS;540930;2026-02-23;1.64;1.65;1.59;1.62;1.62;1305975;;120871013
CHRW;378101;2026-02-23;188.65;189.94;177.00;177.20;177.20;2099864;;118620833
CHS;7962724;2024-01-05;7.59;7.59;7.59;7.59;7.59;0;;119457000
CHSP;115723;2019-09-26;27.17;27.17;27.17;27.17;27.17;0;;60765796
CHT;18739935;2026-02-23;42.87;43.23;42.59;42.86;42.86;198147;;7757446545
CHTH;15091631;2026-02-23;4.50;4.50;4.50;4.50;4.50;0;;175274045
CHTR;378110;2026-02-23;229.35;232.05;223.00;227.52;227.52;1306682;;126631550
CHUY;7962718;2024-10-11;37.48;37.48;37.48;37.48;37.48;0;;17230284
CHWY;951287;2026-02-23;26.00;26.02;24.24;24.71;24.71;6750912;;414998553
CHX;17630832;2025-07-16;25.81;25.81;25.81;25.81;25.81;1273;;
CI;378114;2026-02-23;279.10;284.36;278.72;283.18;283.18;1623903;;267125816
CIA;9076050;2026-02-23;5.74;5.94;5.51;5.65;5.65;117475;;50296848
CIB;18650358;2026-02-23;80.00;83.13;80.00;80.45;80.45;506612;;509704584
CIDM;620342;2026-02-23;3.12;3.17;2.90;3.11;3.11;342594;;19569866
CIE;546550;2017-12-14;0.38;0.38;0.38;0.38;0.38;0;;29916693
CIEN;49697;2026-02-23;332.86;346.55;330.20;344.84;344.84;2187130;;140854735
CIFR;11795276;2026-02-23;14.24;15.35;14.07;15.22;15.22;23082454;;395092054
CIG;18872605;2026-02-23;2.31;2.34;2.27;2.28;2.28;4600893;;956601911
CIGI;13901136;2026-02-23;114.10;114.88;110.62;111.40;111.40;349510;;
CIIG;11818460;2023-04-28;8.48;10.47;7.97;8.75;8.75;2530690;;35937501
CIK;113301;2026-02-23;2.75;2.75;2.72;2.72;2.72;147962;;119185812
CIM;6767699;2026-02-23;13.53;13.63;13.29;13.35;13.35;678452;;83402526
CINC;11795120;2023-02-24;29.06;29.06;29.06;29.06;29.06;0;;40806123
CINF;248488;2026-02-23;163.91;164.90;160.66;160.91;160.91;983151;;156018513
CING;16682756;2026-02-23;5.89;6.25;5.75;6.09;6.09;318326;;6757070
CIO;949487;2026-01-08;6.99;7.00;6.99;6.99;6.99;705553;;40363640
CION;15141539;2026-02-23;8.49;8.58;8.32;8.38;8.38;755533;;51670947
CIR;7962768;2023-10-18;56.00;56.00;56.00;56.00;56.00;0;;20392000
CIT;335466;2022-01-03;51.36;54.33;51.36;53.50;53.50;32810120;;99169700
CITE;17594153;2026-02-23;11.85;11.85;11.85;11.85;11.85;0;;
CIVB;9075840;2026-02-23;24.49;24.78;23.52;23.82;23.82;95127;;19312879
CIVI;1071164;2026-01-29;28.78;29.20;27.32;27.38;27.38;22356445;;100091389
CIX;9075834;2026-02-23;24.00;24.00;23.32;23.32;23.32;4639;;12323057
CJAX;15539313;2026-02-23;3.55;3.55;3.55;3.55;3.55;0;;14168755
CJET;19107233;2026-02-23;2.24;2.24;2.01;2.11;2.11;17756;;4024
CJJD;16239113;2025-03-03;1.57;1.60;1.52;1.52;1.52;5775;;1743362
CKP;669154;2016-05-23;10.14;10.14;10.14;10.14;10.14;0;;41896400
CKPT;15394184;2025-05-30;4.26;4.26;4.26;4.26;4.26;0;;700000
CKX;15585610;2026-02-23;11.01;11.15;11.01;11.15;11.15;1639;;2053129
CL;255327;2026-02-23;95.00;97.62;94.93;97.10;97.10;5576784;;806064942
CLAR;569146;2026-02-23;3.37;3.37;3.17;3.29;3.29;198041;;38401824
CLAY;13950768;2023-12-21;9.79;12.00;9.43;10.66;10.66;29418;;2778912
CLB;17630834;2026-02-23;18.29;18.78;17.97;18.33;18.33;312639;;46664413
CLBK;883513;2026-02-23;18.32;18.50;17.82;18.14;18.14;395102;;104313352
CLBR;11820094;2025-07-15;16.09;18.00;15.25;17.24;17.24;5019441;;45538976
CLBS;798466;2022-09-14;0.65;0.65;0.38;0.43;0.43;26946654;;60533000
CLBT;18567604;2026-02-23;13.05;13.06;11.76;11.94;11.94;5689745;;239470062
CLC;57096;2017-07-10;83.00;83.00;83.00;83.00;83.00;0;;48567471
CLCT;512060;2021-02-08;91.92;91.92;91.92;91.92;91.92;0;;9275874
CLDR;890662;2021-10-11;15.99;15.99;15.99;15.99;15.99;0;;292214572
CLDT;849434;2026-02-23;7.48;7.48;7.26;7.32;7.32;170999;;48516000
CLDX;10384243;2026-02-23;23.65;24.90;23.55;24.32;24.32;1088247;;66449471
CLEV;13511410;2026-02-23;0.40;0.40;0.40;0.40;0.40;200;;14027834
CLF;754906;2026-02-23;10.46;10.93;10.46;10.78;10.78;10829612;;570390499
CLFD;824450;2026-02-23;32.10;32.48;31.20;31.62;31.62;90007;;13685411
CLGN;18622070;2026-02-23;0.63;0.63;0.55;0.60;0.60;33060;;11454512
CLGX;896316;2021-06-08;80.00;80.00;80.00;80.00;80.00;0;;73618482
CLH;857873;2026-02-23;279.05;282.10;276.88;280.82;280.82;413707;;52910946
CLINU;11818244;2023-12-22;4.90;5.40;4.80;4.80;4.80;2039;;23000000
CLIR;11034840;2026-02-23;0.59;0.60;0.58;0.59;0.59;46878;;53273405
CLLS;18544062;2026-02-23;3.96;4.04;3.92;3.96;3.96;40035;;72093873
CLMB;17630836;2026-02-23;118.44;119.60;108.45;108.79;108.79;104242;;
CLMT;11795110;2026-02-23;28.55;29.26;27.80;29.00;29.00;1847909;;80388555
CLNE;260313;2026-02-23;2.59;2.62;2.53;2.55;2.55;987028;;219300999
CLNN;15112461;2026-02-23;4.65;4.95;4.49;4.59;4.59;79461;;10333980
CLOEU;15394186;2026-02-23;11.54;11.54;11.54;11.54;11.54;0;;18102942
CLOV;10656494;2026-02-23;2.00;2.04;1.95;1.97;1.97;5475981;;516678055
CLPR;9075836;2026-02-23;3.46;3.46;3.36;3.36;3.36;75747;;16146546
CLPT;11819814;2026-02-23;14.12;14.91;13.71;14.76;14.76;732384;;28423308
CLR;101392;2022-11-22;74.27;74.28;74.25;74.27;74.27;3536778;;357575000
CLRB;99062;2026-02-23;3.23;3.41;3.21;3.26;3.26;19835;;4240134
CLRD;13626509;2026-02-23;0.00;0.00;0.00;0.00;0.00;59;;26173811
CLS;18452180;2026-02-23;288.54;299.24;285.50;296.68;296.68;1564533;;115036621
CLSD;9076074;2026-02-23;0.41;0.41;0.41;0.41;0.41;0;;5233981
CLSK;998456;2026-02-23;9.40;9.98;9.29;9.82;9.82;21086581;;255752913
CLST;16682752;2026-02-23;16.20;16.50;16.20;16.30;16.30;2989;;4113660
CLUBQ;9076357;2023-01-23;0.00;0.00;0.00;0.00;0.00;5870;;27381231
CLVS;9076216;2023-01-03;0.08;0.08;0.08;0.08;0.08;1639;;144625000000
CLVT;1328920;2026-02-23;1.75;1.77;1.66;1.68;1.68;6256622;;661435069
CLW;7962784;2026-02-23;15.10;15.46;14.36;14.39;14.39;396889;;16038485
CLX;218764;2026-02-23;122.60;127.35;122.60;126.76;126.76;1927326;;120911863
CLXT;9076139;2023-05-31;6.16;7.77;6.01;6.30;6.30;254056;;494069
CMA;378118;2026-01-30;91.85;93.97;88.67;88.67;88.67;47970975;;132669896
CMAX;11818914;2024-11-27;0.53;0.54;0.40;0.42;0.42;893330;;3814971
CMBM;998419;2026-02-23;1.19;1.20;1.15;1.20;1.20;89260;;28243808
CMC;980334;2026-02-23;76.29;77.20;74.44;75.64;75.64;1180556;;110907418
CMCA;13950752;2024-06-11;11.02;11.07;11.02;11.05;11.05;5455;;9998396
CMCL;17630838;2026-02-23;30.92;31.70;30.55;30.78;30.78;248755;;19214554
CMCM;18731294;2026-02-23;5.99;5.99;5.81;5.81;5.81;7319;;1515787129
CMCO;899253;2026-02-23;19.11;19.18;18.31;18.54;18.54;338230;;28739366
CMCSA;106366;2026-02-23;31.36;31.82;31.26;31.63;31.63;18710367;;3597845994
CMD;52478;2021-06-02;80.37;80.37;80.37;80.37;80.37;0;;42314213
CME;378116;2026-02-23;309.27;314.19;308.87;314.00;314.00;3113525;;359020000
CMG;80874;2026-02-23;37.13;37.39;36.17;36.61;36.61;14375258;;1302423000
CMI;120498;2026-02-23;589.65;593.07;581.72;587.36;587.36;775343;;138165463
CMLS;659310;2026-02-23;0.07;0.08;0.07;0.08;0.08;1103;;17440084
CMND;667728;2026-02-23;1.19;1.19;1.10;1.15;1.15;22251;;8325
CMP;638470;2026-02-23;23.41;23.91;22.68;23.69;23.69;539154;;41863273
CMPO;17643948;2026-02-23;22.67;22.91;22.15;22.59;22.59;2858457;;
CMPR;889944;2026-02-23;71.55;72.37;69.32;70.20;70.20;139932;;24285192
CMPS;10656498;2026-02-23;8.10;8.10;7.49;7.85;7.85;3902385;;96017044
CMPX;1872767;2026-02-23;6.15;6.20;5.75;5.89;5.89;1777188;;177862102
CMRE;6767749;2026-02-23;17.11;17.17;16.65;16.77;16.77;619544;;164311252
CMRO;692525;2019-08-22;0.02;0.02;0.02;0.02;0.02;25000;;14614165
CMRX;9076022;2026-02-23;8.54;8.54;8.54;8.54;8.54;0;;93803846
CMS;378117;2026-02-23;76.22;76.83;75.99;76.30;76.30;4197987;;306420901
CMT;776098;2026-02-23;19.20;19.96;18.74;19.29;19.29;37960;;8857907
CMTG;10384237;2026-02-23;2.33;2.38;2.22;2.24;2.24;612334;;140218764
CMTL;48404;2026-02-23;5.52;5.55;5.29;5.41;5.41;117189;;29629375
CMTV;12444685;2026-02-23;32.00;32.00;30.51;31.00;31.00;4258;;5604612
CNA;446249;2026-02-23;47.45;47.85;46.51;46.86;46.86;730249;2.48;270673371
CNBKA;9076333;2021-11-12;115.20;115.30;115.20;115.29;115.29;11365;;5567909
CNC;378107;2026-02-23;42.83;43.93;42.74;43.34;43.34;4273419;;491771000
CNCE;7962872;2023-03-06;8.37;8.37;8.37;8.37;8.37;0;;49731000
CNCK;19228807;2026-02-23;2.49;2.59;2.35;2.44;2.44;12866;;
CNDA;11817870;2026-02-23;11.42;11.42;11.42;11.42;11.42;0;;28009750
CNDB;15042553;2024-03-26;9.64;10.35;6.20;6.58;6.58;9554;;
CNDT;716302;2026-02-23;1.57;1.65;1.50;1.51;1.51;2330331;;154709174
CNET;16232555;2026-02-20;0.81;0.85;0.81;0.85;0.85;11015;;1801127
CNF;18847923;2026-02-23;5.59;5.59;5.49;5.51;5.51;2415;;137164324
CNFR;847219;2025-09-29;1.16;1.51;1.03;1.48;1.48;567775;;12222881
CNGLU;11818753;2026-02-23;10.01;10.01;10.01;10.01;10.01;0;;3229370
CNHI;14159399;2024-05-17;11.61;11.68;11.40;11.45;11.45;6638056;;1257481824
CNK;760762;2026-02-23;26.35;26.54;25.41;25.90;25.90;2223987;;115035514
CNLPL;11818303;2026-02-23;52.78;52.78;52.78;52.78;52.78;310;;375496611
CNM;1298294;2026-02-23;55.82;56.13;54.27;54.63;54.63;1113634;;195512309
CNMD;1375480;2026-02-23;45.05;46.22;44.93;45.38;45.38;625802;;30833536
CNND;546895;2026-02-23;215.00;215.00;215.00;215.00;215.00;0;;1887102
CNNE;6767635;2026-02-23;13.29;13.53;12.65;12.67;12.67;491716;;49285406
CNNX;208611;2018-01-03;17.20;17.40;17.09;17.15;17.15;85771;;29163121
CNO;1234043;2026-02-23;43.02;43.33;41.23;41.27;41.27;696062;;95353512
CNOB;7962750;2026-02-23;27.94;28.21;26.55;26.83;26.83;362355;;50273089
CNP;378108;2026-02-23;42.44;43.18;42.25;42.89;42.89;9020889;;652871584
CNR;1145421;2026-02-23;88.92;89.00;86.35;87.03;87.03;587982;;127449000
CNS;820401;2026-02-23;66.74;66.98;65.06;65.77;65.77;229016;;51007541
CNSL;897291;2024-12-27;4.72;4.72;4.72;4.72;4.72;0;;118467780
CNST;9076321;2021-07-15;33.99;33.99;33.99;33.99;33.99;0;;47838738
CNTA;11817394;2026-02-23;24.41;25.49;24.40;25.49;25.49;1143403;;134447836
CNTB;19107235;2026-02-23;2.63;2.66;2.51;2.60;2.60;118446;;55903513
CNTG;1253237;2024-10-24;0.15;0.15;0.15;0.15;0.15;100;;27595835
CNTQ;11795274;2022-10-10;14.00;14.00;14.00;14.00;14.00;2;;15812500
CNTX;11035980;2026-02-23;2.25;2.34;2.23;2.28;2.28;568024;;91879177
CNTY;9075876;2026-02-23;1.59;1.60;1.55;1.56;1.56;27567;;29445056
CNVR;521210;2014-12-10;34.44;34.44;34.44;34.44;34.44;621;;64444183
CNX;976576;2026-02-23;40.09;40.28;38.00;38.22;38.22;2304113;;142368170
CNXC;1234046;2026-02-23;32.35;32.50;29.61;29.78;29.78;1986326;;61597304
CNXN;6767753;2026-02-23;61.71;61.71;59.43;59.69;59.69;67469;;25245224
CNXR;145641;2018-04-27;0.34;0.34;0.34;0.34;0.34;400;;23255102
CNXT;706764;2026-02-23;47.03;47.03;46.34;46.34;46.34;69515;;100000000
COCO;1334644;2026-02-23;53.91;55.95;53.34;53.62;53.62;1419200;;57082173
CODA;511749;2026-02-23;13.30;13.90;13.20;13.83;13.83;117429;;11270575
CODI;705587;2026-02-23;7.49;7.84;7.44;7.79;7.79;1478603;;75235966
CODQL;13950756;2026-02-23;0.28;0.28;0.28;0.28;0.28;0;;167645373
CODX;1346268;2026-02-23;2.25;2.40;2.25;2.32;2.32;2679;;2027723
COF;378103;2026-02-23;206.45;207.75;189.94;190.00;190.00;8863755;;621931593
COFS;12444269;2026-02-23;29.69;29.76;28.51;28.93;28.93;140965;;15023732
COGT;808945;2026-02-23;37.54;39.30;36.45;37.06;37.06;2528111;;110461729
COHN;14864196;2026-02-23;13.85;14.85;13.83;14.41;14.41;15853;;2035863
COHR;365654;2026-02-23;248.18;255.00;246.28;248.89;248.89;4696562;;24542000
COHU;6767585;2026-02-23;31.23;31.28;30.03;30.41;30.41;779687;;46888325
COIN;1202161;2026-02-23;166.16;168.10;158.66;160.24;160.24;12381328;;264075169
COKE;156024;2026-02-23;182.01;188.11;179.60;185.30;185.30;497940;;66564294
COL;378209;2018-11-26;141.70;142.98;141.04;141.04;141.04;15441162;;164629890
COLA;18689463;2026-02-23;10.48;10.49;10.47;10.47;10.47;2887;;7944290
COLB;6481027;2026-02-23;31.69;31.74;29.89;30.07;30.07;3254816;;299120976
COLD;6480942;2026-02-23;13.42;13.53;13.07;13.30;13.30;3261228;;284854479
COLL;7962642;2026-02-23;45.15;45.30;44.16;44.85;44.85;224108;;31610976
COLM;446285;2026-02-23;63.68;63.74;60.47;61.81;61.81;580742;;53888892
COMM;446289;2026-01-13;19.66;19.77;19.10;19.58;19.58;5053895;;221548707
COMP;10384283;2026-02-23;10.22;10.26;9.01;9.08;9.08;35443295;;561061452
CONE;1055097;2022-03-25;90.36;90.36;90.36;90.36;90.36;1;0.52;124200000
CONN;230908;2026-02-23;0.10;0.10;0.10;0.10;0.10;0;;24885975
CONX;11818933;2026-02-23;8.39;8.57;7.65;7.78;7.78;59330;;18928585
COO;186450;2026-02-23;83.15;84.43;81.97;82.94;82.94;2094944;;195978026
COOK;11817823;2026-02-23;0.91;0.91;0.82;0.82;0.82;265333;;137026317
COP;378120;2026-02-23;110.70;111.91;109.68;109.88;109.88;4741945;;1222339152
COR;187024;2026-02-23;360.42;367.69;359.44;366.03;366.03;908999;;194530682
CORR;949494;2024-02-26;0.12;0.19;0.02;0.02;0.02;3600700;;15272267
CORT;724383;2026-02-23;34.61;35.78;34.21;35.34;35.34;1663973;;105188217
CORZ;17643950;2026-02-23;17.00;17.29;16.60;16.89;16.89;10471635;;310061300
COSM;16346726;2026-02-23;0.37;0.38;0.36;0.38;0.38;431533;;17606312
COST;217867;2026-02-23;981.80;991.30;978.06;986.02;986.02;1487405;;443869411
COT;727266;2024-11-08;24.68;26.02;23.64;24.21;24.21;11416369;;160395822
COTV;146741;2018-08-27;44.74;44.74;44.74;44.74;44.74;0;;93275782
COTY;376164;2026-02-23;2.66;2.66;2.58;2.59;2.59;6093654;;880006359
COUP;811353;2023-02-28;80.97;80.97;80.97;80.97;80.97;0;;76040000
COUR;10384223;2026-02-23;5.96;6.08;5.80;6.01;6.01;6914059;;166400000
COVS;43077;2017-07-27;2.45;2.45;2.45;2.45;2.45;0;;40865897
COWN;6767735;2023-03-01;38.99;38.99;38.99;38.99;38.99;0;;28411000
COYA;15287364;2026-02-23;4.60;4.72;4.58;4.68;4.68;55700;;20924456
CP;102322;2026-02-23;85.36;85.92;84.21;84.75;84.75;4278871;;900831248
CPA;6481072;2026-02-23;143.05;143.92;140.37;141.72;141.72;272215;;41172956
CPAAU;11816976;2023-08-11;10.26;10.26;10.26;10.26;10.26;0;;35700000
CPAC;18842727;2026-02-23;10.64;11.10;10.55;10.74;10.74;27903;;423868449
CPB;249099;2026-02-23;26.71;27.36;26.61;27.11;27.11;5686340;;298134245
CPE;628030;2024-04-11;35.76;35.76;35.76;35.76;35.76;0;;66508277
CPF;7962886;2026-02-23;34.31;34.58;32.19;32.68;32.68;176128;;26827512
CPHC;12444457;2026-02-23;16.00;16.00;16.00;16.00;16.00;291;;5099272
CPHI;11036232;2026-02-23;0.60;0.62;0.60;0.62;0.62;7195;;5022002
CPIX;15112459;2026-02-23;3.91;3.94;3.77;3.84;3.84;69400;;14956627
CPK;6767505;2026-02-23;134.45;136.86;132.58;135.07;135.07;104029;;23650684000
CPLG;949495;2022-03-03;15.98;15.98;15.98;15.98;15.98;0;;58523473
CPLP;18743377;2024-08-23;16.22;16.77;16.22;16.77;16.77;9374;;55039143
CPN;113443;2018-03-09;15.25;15.25;15.25;15.25;15.25;0;;360543323
CPNG;10383300;2026-02-23;18.71;18.95;18.32;18.58;18.58;19711884;;1826647538
CPRI;38287;2026-02-23;21.77;21.84;20.01;20.47;20.47;2801582;;119161865
CPRT;287342;2026-02-23;36.42;36.44;35.12;35.36;35.36;13044526;;968017684
CPRX;2077094;2026-02-23;24.30;24.84;23.73;24.11;24.11;1276675;;122912387
CPS;530203;2026-02-23;39.49;39.97;38.50;39.48;39.48;310974;;17637009
CPSH;15141541;2026-02-23;4.49;4.51;4.19;4.35;4.35;124596;;17979277
CPSI;497906;2024-03-01;9.95;10.05;9.15;9.19;9.19;534996;;14200000
CPSR;11795306;2026-02-23;25.44;25.45;25.41;25.41;25.41;2117;;
CPSS;10656612;2026-02-23;8.32;8.32;8.04;8.04;8.04;11195;;22071046
CPT;446323;2026-02-23;107.87;109.61;107.40;108.20;108.20;1178769;;103408210
CPTN;16682754;2025-01-07;3.25;3.25;3.25;3.25;3.25;0;;16043207
CPTP;13934882;2026-02-23;13.31;13.31;13.30;13.30;13.30;362;;6599912
CPUH;11818350;2023-08-01;10.76;10.77;10.31;10.36;10.36;35883;;21562500
CPXX;436095;2016-07-13;30.24;30.24;30.24;30.24;30.24;0;;41222270
CQCQ;16222798;2023-05-12;0.75;0.75;0.75;0.75;0.75;0;;35540000
CQH;704560;2018-12-18;32.07;32.07;32.07;32.07;32.07;0;;231700000
CQP;704562;2026-02-23;59.10;60.53;59.03;59.73;59.73;85524;;484048123
CR;355869;2026-02-23;202.24;202.30;198.85;200.68;200.68;345209;;57422039
CRAI;7962654;2026-02-23;165.84;167.73;158.78;158.82;158.82;139671;;6562262
CRAWA;14821529;2026-02-23;82.43;82.43;82.43;82.43;82.43;0;;3551932
CRAY;941302;2019-09-25;35.01;35.01;35.01;35.01;35.01;0;;41414306
CRBG;10383312;2026-02-23;29.89;30.00;27.09;27.26;27.26;5531967;;481685891
CRBP;9076112;2026-02-23;7.42;7.52;7.26;7.42;7.42;82437;;17553037
CRBU;1253332;2026-02-23;1.80;1.93;1.78;1.92;1.92;1844643;;93468038
CRC;822165;2026-02-23;59.00;59.88;57.74;58.15;58.15;731591;;83711931
CRCT;10384052;2026-02-20;4.64;4.70;4.54;4.62;4.62;1656310;;211745114
CRD-A;823170;2026-02-23;10.70;10.70;10.47;10.49;10.49;44825;0.07;49210286
CRDF;798464;2026-02-23;1.59;1.64;1.54;1.56;1.56;762839;;67360564
CRDO;1342111;2026-02-23;122.40;124.41;118.88;124.05;124.05;3800150;;180631719
CREG;11035827;2026-02-23;1.31;1.33;1.24;1.29;1.29;33860;;876586
CRESY;17733531;2026-02-23;12.08;12.25;11.52;11.66;11.66;233635;;629426130
CREX;11035494;2026-02-23;3.46;3.57;3.20;3.28;3.28;75469;;10446659
CRGE;12442248;2026-02-23;0.22;0.22;0.22;0.22;0.22;3250;;212858000
CRGO;18602769;2026-02-23;2.00;2.00;1.51;1.55;1.55;621236;;49726906
CRGY;11795044;2026-02-20;10.58;10.79;10.52;10.71;10.71;6843111;;254631591
CRH;14159401;2026-02-23;122.47;123.91;120.01;121.49;121.49;4862167;;668250818
CRI;933049;2026-02-23;43.77;43.80;40.64;42.63;42.63;1158998;;36447868
CRIS;168118;2026-02-23;1.10;1.13;1.05;1.09;1.09;180278;;12928853
CRK;2077096;2026-02-23;19.95;20.02;18.46;18.64;18.64;2115023;;294021740
CRL;187129;2026-02-23;168.01;170.17;159.54;163.52;163.52;1499297;;49227800
CRM;85017;2026-02-23;181.27;182.47;174.57;178.16;178.16;15459480;;937000000
CRMD;10656600;2026-02-23;6.96;7.12;6.89;7.01;7.01;1169657;;78789045
CRMT;7962804;2026-02-23;22.52;22.65;20.21;20.41;20.41;140686;;8294807
CRMZ;15337153;2026-02-23;2.45;2.45;2.45;2.45;2.45;486;;10767501
CRNC;1171317;2026-02-23;7.79;7.83;7.30;7.40;7.40;990650;;45018082
CRNT;18609018;2026-02-23;2.29;2.29;2.19;2.20;2.20;505785;;88392925
CRNX;6767709;2026-02-23;43.37;44.69;43.09;43.79;43.79;590912;;94891840
CRON;14159405;2026-02-23;2.69;2.69;2.62;2.64;2.64;976082;;382893267
CROX;128143;2026-02-23;99.75;101.10;96.30;96.65;96.65;1906820;;50233596
CRR;534434;2019-12-20;0.30;0.34;0.27;0.30;0.30;945733;;29361204
CRS;993068;2026-02-23;385.87;388.44;380.30;385.04;385.04;469514;;49809717
CRSP;791051;2026-02-23;52.21;54.83;52.02;53.98;53.98;1276176;;95985312
CRSR;1243777;2026-02-23;5.52;5.68;5.35;5.40;5.40;1527116;;106575210
CRTO;884751;2026-02-23;17.48;17.48;16.52;16.65;16.65;354528;;52327360
CRUS;674434;2026-02-23;141.87;143.55;139.86;142.95;142.95;601535;;51007389
CRVL;6481075;2026-02-23;48.76;51.19;48.49;49.82;49.82;337856;;51152437
CRVO;17643952;2026-02-23;4.66;4.85;4.61;4.64;4.64;38427;;8253741
CRVS;808943;2026-02-23;16.31;17.36;16.30;17.21;17.21;1213615;;74681872
CRWD;1039026;2026-02-23;384.96;385.11;342.72;350.33;350.33;15004049;;252098440
CRWS;256343;2026-02-23;2.99;3.03;2.92;2.92;2.92;84133;;10697787
CRZO;628031;2019-12-20;8.16;8.33;7.72;7.83;7.83;30962889;;92610357
CSAN;17946819;2026-02-23;5.24;5.42;5.11;5.19;5.19;2800197;;1866570932
CSBB;12444763;2026-02-23;57.00;57.00;57.00;57.00;57.00;1235;;2629226
CSBR;241725;2026-02-23;5.91;5.95;5.85;5.85;5.85;9601;;13788421
CSC;218339;2017-04-10;69.01;69.01;69.01;69.01;69.01;0;;141046304
CSCO;82202;2026-02-23;78.85;79.48;76.94;77.74;77.74;24480870;;3949893042
CSGP;486790;2026-02-23;49.39;50.07;47.81;47.87;47.87;7208782;;423822791
CSGS;366036;2026-02-23;80.15;80.15;79.65;79.70;79.70;258800;;28501936
CSII;178927;2023-05-11;20.00;20.00;20.00;20.00;20.00;4300;;39663565
CSIQ;18866277;2026-02-23;19.80;20.73;19.51;20.70;20.70;1379433;;66954634
CSL;446361;2026-02-23;408.38;414.07;398.67;400.67;400.67;242972;;40883868
CSLM;18120262;2026-02-23;11.69;11.69;11.69;11.69;11.69;0;;9515937
CSLT;494803;2022-02-17;2.05;2.05;2.05;2.05;2.05;0;;157918739
CSOD;747052;2021-10-15;57.49;57.49;57.49;57.49;57.49;0;;66199581
CSPI;13511408;2026-02-23;9.06;9.36;8.62;8.87;8.87;38813;;9913027
CSPR;1011102;2022-01-24;6.67;6.79;6.61;6.78;6.78;9956131;;41448753
CSR;949709;2026-02-23;61.61;62.84;61.61;62.07;62.07;106645;;16774337
CSRA;378123;2018-04-04;41.23;41.23;41.23;41.23;41.23;0;;163923601
CSS;702391;2020-03-03;9.39;9.40;9.39;9.40;9.40;44995;;8880297
CSSE;11034684;2024-07-02;0.12;0.12;0.10;0.11;0.11;22227534;;21249105
CST;42704;2017-06-28;48.53;48.53;48.53;48.53;48.53;0;;75924747
CSTA;18073612;2024-01-12;11.09;11.10;11.09;11.10;11.10;6204;;12243843
CSTE;9075936;2026-02-23;1.67;1.69;1.50;1.57;1.57;98747;;34549050
CSTL;1252818;2026-02-23;28.77;29.67;27.80;28.94;28.94;469328;;29188659
CSTM;17643954;2026-02-23;25.39;25.89;24.61;25.38;25.38;1699902;;137801779
CSTR;9075788;2024-04-12;20.10;20.10;20.10;20.10;20.10;172;;20813615
CSU;122647;2021-11-12;32.47;33.95;32.46;33.54;33.54;12686;;6443646
CSV;1067471;2026-02-23;44.75;44.76;43.96;44.18;44.18;68108;;15745193
CSWC;10656418;2026-02-23;22.64;22.80;22.31;22.40;22.40;718675;;60162020
CSWI;49347;2026-02-23;305.10;305.10;305.10;305.10;305.10;0;;16470230
CSX;248102;2026-02-23;42.18;42.52;41.55;41.97;41.97;11091966;;1859556799
CTAS;331923;2026-02-23;199.94;200.70;197.72;198.33;198.33;1339145;;399889646
CTDD;18872609;2026-02-23;20.41;20.45;20.25;20.25;20.25;27709;;
CTGO;11820311;2026-02-23;28.03;29.38;28.02;28.91;28.91;358255;;14964048
CTHR;2115965;2026-02-23;0.20;0.20;0.20;0.20;0.20;14;;3118273
CTIC;809274;2023-06-26;9.09;9.09;9.09;9.09;9.09;0;;114694000
CTKB;10384235;2026-02-23;4.39;4.47;4.32;4.39;4.39;533662;;127864830
CTLP;234192;2026-02-23;10.23;10.33;10.18;10.27;10.27;832612;;73720194
CTLT;1169061;2024-12-18;63.48;63.48;63.48;63.48;63.48;0;;181511586
CTM;15337155;2026-02-23;0.90;0.91;0.87;0.89;0.89;727982;;94612750
CTMX;789985;2026-02-23;5.41;5.66;5.40;5.58;5.58;1826197;;169435395
CTNT;15271640;2026-02-23;1.34;1.42;1.34;1.40;1.40;8173;;3274587
CTO;10656492;2026-02-23;20.00;20.25;19.68;19.76;19.76;314967;;32559588
CTOS;11795070;2026-02-23;7.49;7.62;7.40;7.56;7.56;1250945;;226559586
CTRA;378102;2026-02-23;31.51;31.70;30.62;30.75;30.75;4669913;;761377552
CTRE;1342064;2026-02-23;40.27;40.87;40.14;40.50;40.50;2974330;;223404715
CTRM;19093838;2026-02-23;2.31;2.33;2.22;2.22;2.22;65237;;9662354
CTRN;9075964;2026-02-23;45.66;45.66;42.79;43.64;43.64;72116;;8345260
CTS;923326;2026-02-23;53.75;53.98;51.62;52.21;52.21;241921;;29052423
CTSH;128066;2026-02-23;64.25;64.53;60.89;61.13;61.13;10480882;;478246920
CTSO;9075980;2026-02-23;0.66;0.69;0.65;0.68;0.68;93156;;62804305
CTT;949486;2022-09-14;10.48;10.48;10.19;10.37;10.37;1926671;;48522000
CTV;12444393;2025-02-21;3.14;3.14;3.14;3.14;3.14;0;;148473428
CTVA;1169062;2026-02-23;76.09;77.24;75.90;76.46;76.46;4075386;;672524000
CTXR;998532;2026-02-23;0.70;0.71;0.65;0.67;0.67;433246;;22376427
CTXS;131663;2022-11-02;103.90;103.90;103.90;103.90;103.90;33;;126735000
CUB;727716;2026-02-23;10.70;10.70;10.70;10.70;10.70;6862;;31768576
CUBE;117529;2026-02-23;39.42;40.51;39.42;39.66;39.66;2459534;;228035931
CUBI;7962764;2026-02-23;72.76;73.38;68.28;69.60;69.60;443937;;34168077
CUE;9075892;2026-02-23;0.28;0.29;0.28;0.28;0.28;122092;;78737736
CUK;10383308;2026-02-23;31.82;32.23;29.85;30.32;30.32;2854847;;1236706612
CULL;15394188;2026-02-23;12.90;12.90;12.90;12.90;12.90;0;;7247375
CULP;209337;2026-02-23;3.25;3.35;3.25;3.29;3.29;34198;;12662784
CUO;884109;2020-05-19;8.63;8.63;8.63;8.63;8.63;0;;1671304
CURI;11034490;2026-02-23;3.25;3.38;3.12;3.12;3.12;406509;;58298507
CURO;9076070;2026-02-23;0.04;0.04;0.04;0.04;0.04;0;;41002000
CURV;11817689;2026-02-23;1.10;1.10;0.98;1.02;1.02;248279;;99196942
CUTR;1253252;2026-02-23;0.10;0.10;0.10;0.10;0.10;0;;20185926
CUZ;446395;2026-02-23;23.70;23.79;23.23;23.36;23.36;1768896;;167981990
CVA;821325;2021-11-30;20.26;20.26;20.26;20.26;20.26;0;;133009182
CVAC;3307754;2026-02-23;4.66;4.66;4.66;4.66;4.66;0;;224338257
CVBF;6767555;2026-02-23;20.45;20.58;19.33;19.50;19.50;1126356;;136809068
CVCO;890460;2026-02-23;594.45;596.66;576.45;581.35;581.35;318044;;7761163
CVCY;9075946;2024-03-28;19.63;20.00;19.38;19.89;19.89;34540;;11831694
CVEO;14159403;2026-02-23;28.27;28.45;27.56;27.67;27.67;29022;;11515223
CVGI;773452;2026-02-23;1.72;1.72;1.63;1.68;1.68;148405;;36731381
CVGW;7962756;2026-02-23;26.44;26.44;25.98;26.15;26.15;136017;;17874079
CVI;6767465;2026-02-23;20.66;21.20;20.48;21.07;21.07;2027666;;100530599
CVII;11795050;2026-02-23;9.99;9.99;9.99;9.99;9.99;0;;91564261
CVKD;15071396;2026-02-23;6.99;7.10;6.47;6.71;6.71;78687;;2075845
CVLG;7962776;2026-02-23;29.28;29.30;27.78;28.05;28.05;154701;;25047178
CVLT;1067483;2026-02-23;89.06;89.75;84.65;85.03;85.03;1028504;;43974387
CVLY;9075932;2024-07-01;24.04;24.04;24.04;24.04;24.04;0;;9662378
CVM;10656752;2026-02-23;4.74;4.78;4.31;4.45;4.45;71575;;8457967
CVMCA;14864206;2024-06-12;19.00;19.00;19.00;19.00;19.00;0;;
CVNA;717670;2026-02-23;333.84;338.40;313.41;325.10;325.10;4525819;;218845668
CVRX;11819316;2026-02-23;6.44;7.22;6.42;6.79;6.79;1071507;;26311607
CVS;256275;2026-02-23;76.02;77.78;75.70;77.00;77.00;6492094;;1272211063
CVSI;150939;2026-02-23;0.08;0.08;0.05;0.06;0.06;2978865;;184263663
CVT;1328921;2023-06-15;8.52;8.52;8.52;8.52;8.52;0;;485772963
CVV;11034170;2026-02-23;3.91;4.09;3.79;3.81;3.81;35372;;6937338
CVX;248396;2026-02-23;184.67;186.63;184.05;184.91;184.91;6937894;;2013521597
CW;1057791;2026-02-23;702.31;715.00;694.65;699.24;699.24;191070;;36869530
CWAN;11794954;2026-02-23;23.32;23.38;23.05;23.14;23.14;6821020;;198046275
CWBC;12444735;2026-02-23;24.59;24.86;23.30;23.48;23.48;208659;;8909279
CWBHF;15337157;2026-02-23;0.72;0.76;0.59;0.62;0.62;2711863;;159420141
CWBR;9076174;2026-02-23;0.41;0.41;0.41;0.41;0.41;0;;2906926
CWCO;9075784;2026-02-23;37.21;37.38;36.35;36.85;36.85;68206;;15828929
CWEN;904225;2026-02-23;39.70;40.27;39.32;39.94;39.94;886508;;35000000
CWGL;12444355;2026-02-23;5.05;5.05;4.83;4.92;4.92;5718;;20586027
CWH;744377;2026-02-23;12.12;12.16;11.24;11.28;11.28;2039922;;44666000
CWK;6767523;2026-02-23;13.19;13.30;12.71;12.93;12.93;3268250;;231821697
CWRL;662568;2020-07-24;0.00;0.00;0.00;0.00;0.00;0;;4655338
CWST;6481007;2026-02-23;94.10;96.23;91.18;92.71;92.71;1589798;;63514767
CWT;939565;2026-02-23;45.83;46.43;45.73;46.41;46.41;375899;;59591341
CX;18815843;2026-02-20;12.66;12.91;12.53;12.90;12.90;4313195;;14507429244
CXAI;16633052;2026-02-23;0.18;0.19;0.17;0.17;0.17;1823221;;28629315
CXDO;14821531;2026-02-23;5.75;5.82;5.57;5.60;5.60;211193;;30731048
CXM;1340853;2026-02-23;5.43;5.49;5.12;5.22;5.22;3193069;;246686136
CXO;378119;2021-01-15;69.12;69.12;64.60;65.60;65.60;18053801;;196304640
CXP;949490;2021-12-07;19.25;19.29;19.25;19.28;19.28;4070256;;114869125
CXW;949493;2026-02-23;16.58;16.62;15.73;16.21;16.21;1522444;;97709228
CXXIF;16212273;2026-02-23;0.33;0.33;0.27;0.31;0.31;64034;;117996814
CY;526074;2020-04-16;23.82;23.82;23.82;23.82;23.82;2;;373644219
CYAN;65022;2026-02-23;0.40;0.40;0.40;0.40;0.40;104;;7392243
CYBR;18515895;2026-02-11;408.85;408.85;408.85;408.85;408.85;0;;49426711
CYCA;660121;2026-02-23;0.02;0.02;0.02;0.02;0.02;0;;470237826
CYCC;899362;2026-02-23;6.37;6.37;6.37;6.37;6.37;0;;4900142
CYCN;14821533;2026-02-23;1.31;1.34;1.27;1.32;1.32;22531;;3925314
CYD;18802683;2026-02-23;55.75;55.75;54.55;55.03;55.03;210096;;37518322
CYDY;11819534;2026-02-23;0.25;0.27;0.25;0.27;0.27;1084665;;1270395000
CYH;7962806;2026-02-23;3.56;3.60;3.30;3.33;3.33;1873149;;138625756
CYIG;947023;2020-09-29;0.04;0.04;0.04;0.04;0.04;0;;29839168
CYN;14864226;2026-02-23;1.41;1.42;1.34;1.38;1.38;392151;;7974380
CYNK;665931;2022-09-19;0.00;0.00;0.00;0.00;0.00;0;;291450000
CYRP;986073;2022-09-27;0.00;0.00;0.00;0.00;0.00;0;;15593000
CYRX;6767765;2026-02-23;8.37;8.46;8.11;8.14;8.14;327376;;50068904
CYTH;15271642;2025-03-26;0.72;0.72;0.72;0.72;0.72;0;;28768055
CYTK;6481053;2026-02-23;67.85;68.92;67.52;68.26;68.26;1492617;;122264929
CZFS;11817935;2026-02-23;61.52;61.52;59.53;59.99;59.99;6404;;4806377
CZNC;9075792;2026-02-23;23.83;23.83;22.90;23.23;23.23;108876;;17801873
CZOO;1341562;2024-05-21;6.04;6.04;6.04;6.04;6.04;5332;;376467
CZR;821879;2026-02-23;21.20;21.20;19.79;20.22;20.22;5513213;;203521021
CZWI;12444747;2026-02-23;18.41;18.41;17.81;17.87;17.87;27128;;9659745
D;189087;2026-02-23;66.18;66.44;63.96;64.23;64.23;10546281;;853913277
DAAQ;19484765;2026-02-23;10.25;10.25;10.23;10.23;10.23;112537;;23000000
DAC;18474527;2026-02-23;109.30;109.30;106.66;108.56;108.56;108959;0.90;18987616
DADA;18728558;2025-06-16;1.97;1.99;1.94;1.96;1.96;4028828;;1036659038
DAIO;15585612;2026-02-23;2.79;2.86;2.77;2.77;2.77;13108;;9391883
DAKT;9075856;2026-02-23;27.95;27.95;26.90;27.50;27.50;586808;;48747817
DAL;231789;2026-02-23;68.60;69.72;66.30;66.88;66.88;8031735;;653130708
DALN;652799;2025-09-24;16.50;16.52;16.49;16.51;16.51;309066;;5352490
DALS;11819277;2023-07-28;10.30;10.32;10.30;10.32;10.32;2248;;25650000
DAN;980331;2026-02-23;34.24;35.15;34.01;34.84;34.84;1647848;;116837366
DAO;18737382;2026-02-23;10.21;10.34;9.56;9.74;9.74;88730;;
DAR;1234767;2026-02-23;51.44;51.97;51.06;51.64;51.64;2371446;;158186082
DARE;16633056;2026-02-23;1.68;1.71;1.64;1.66;1.66;267527;;14289229
DASH;1200821;2026-02-23;167.95;168.57;161.39;164.66;164.66;10333374;;336847000
DATA;711049;2019-08-19;169.53;169.53;169.53;169.53;169.53;0;;87462564
DAVA;3239137;2026-02-23;4.88;4.88;4.47;4.56;4.56;766103;;56208871
DAVE;17643956;2026-02-23;174.90;178.85;162.10;165.59;165.59;272620;;
DAWN;11795166;2026-02-23;11.75;11.92;11.18;11.70;11.70;2497475;;102675502
DB;18526125;2026-02-23;36.88;37.02;35.84;36.00;36.00;2866871;;1945125755
DBD;770497;2026-02-23;81.13;81.14;79.07;79.50;79.50;357192;;35173038
DBDR;11795222;2026-02-23;22.67;22.91;22.15;22.59;22.59;2858457;;125195366
DBI;596024;2026-02-23;7.47;7.49;7.04;7.46;7.46;728284;;49636092
DBRG;949488;2026-02-23;15.39;15.43;15.35;15.37;15.37;4467120;;182674425
DBTX;1866071;2023-09-25;4.91;4.91;4.91;4.91;4.91;0;;25017851
DBVT;11818480;2026-02-23;21.49;21.80;20.69;21.23;21.23;79531;;169113619
DBX;808182;2026-02-23;24.99;25.24;23.99;24.50;24.50;7965711;;339200000
DC;10656560;2026-02-23;6.20;6.45;6.12;6.36;6.36;2528200;;113262094
DCGO;11795198;2026-02-23;0.77;0.79;0.73;0.74;0.74;410029;;97813372
DCI;50564;2026-02-23;107.58;108.20;105.85;106.76;106.76;571422;;115336687
DCO;7962708;2026-02-23;125.45;126.09;122.78;124.73;124.73;122505;;14946052
DCOM;11795242;2026-02-23;34.27;34.62;32.52;32.77;32.77;337218;;43905888
DCP;11794930;2023-06-20;41.69;41.69;41.69;41.69;41.69;0;;208400000
DCPH;785694;2026-02-23;25.59;25.59;25.59;25.59;25.59;0;;86475972
DCT;11794996;2023-03-30;18.99;18.99;18.99;18.99;18.99;0;;132748831
DCTH;15539315;2026-02-23;9.72;10.00;9.58;9.74;9.74;442229;;35313718
DD;546332;2026-02-23;50.26;50.65;49.39;50.08;50.08;3230738;;408923857
DDD;545133;2026-02-23;2.05;2.07;1.98;2.05;2.05;1673421;;128738014
DDE;157094;2019-03-28;2.61;2.70;2.60;2.64;2.64;293581;;33283210
DDI;18757093;2026-02-23;8.83;8.90;8.60;8.60;8.60;57931;;2477672
DDL;18757091;2026-02-23;2.82;2.97;2.80;2.92;2.92;1431537;;354341528
DDOG;963381;2026-02-23;113.87;113.87;101.44;102.61;102.61;11411203;;352576081
DDS;949971;2026-02-23;668.16;670.00;622.86;646.18;646.18;157906;;15612966
DE;373449;2026-02-23;652.18;669.80;644.44;646.84;646.84;2074160;;270445437
DEA;949499;2026-02-23;23.80;24.94;23.49;23.49;23.49;846995;;46108379
DEC;18557139;2026-02-23;13.72;13.86;13.49;13.63;13.63;605950;;
DECA;17162642;2026-02-23;8.00;8.00;8.00;8.00;8.00;100;;10822500
DECK;1054410;2026-02-23;117.89;119.00;114.53;118.17;118.17;2407357;;141949971
DEI;1057794;2026-02-23;10.41;10.53;10.08;10.13;10.13;3969397;;167462215
DELL;59180;2026-02-23;121.26;124.32;118.87;119.14;119.14;6953886;;726000000
DEN;919129;2023-11-02;88.66;88.66;88.66;88.66;88.66;0;;51817000
DENN;986862;2026-02-23;6.25;6.25;6.25;6.25;6.25;0;;51498994
DEO;16281422;2026-02-23;99.75;100.70;99.61;99.88;99.88;1039469;;2432425127
DERM;16682786;2026-02-23;8.56;8.80;8.41;8.55;8.55;88107;;6000000
DESP;17643958;2025-05-15;19.50;19.50;19.50;19.50;19.50;0;;83572285
DESTQ;175862;2023-02-07;0.00;0.00;0.00;0.00;0.00;0;;14226121
DEVV;658900;2022-08-22;0.00;0.00;0.00;0.00;0.00;0;;8042516
DFCO;1077526;2026-02-23;0.05;0.05;0.05;0.05;0.05;9870;;120157113
DFH;11795084;2026-02-23;20.59;20.73;19.70;20.03;20.03;705933;;92754718
DFIN;6767673;2026-02-23;46.90;47.60;45.88;46.97;46.97;241607;;25619983
DFNS;11795108;2026-02-23;2.25;2.25;2.04;2.09;2.09;415011;;15188348
DFODQ;824643;2021-06-02;0.04;0.04;0.04;0.04;0.04;224649;;91940015
DFPH;11795216;2026-02-23;2.01;2.01;2.01;2.01;2.01;0;;98381340
DFS;378127;2025-05-16;200.55;203.02;198.70;200.05;200.05;31210458;;251653378
DFT;446473;2017-09-28;66.31;66.31;66.31;66.31;66.31;0;;77902189
DG;80798;2026-02-23;150.30;153.31;149.17;152.90;152.90;2244321;;220118871
DGICA;7962826;2026-02-23;17.33;17.57;17.03;17.04;17.04;192039;;36641561
DGII;6767763;2026-02-23;50.18;50.47;47.38;47.90;47.90;392373;;37611160
DGX;341807;2026-02-23;201.99;207.72;201.99;207.43;207.43;782329;;111242362
DH;11795148;2026-02-23;1.49;1.50;1.37;1.38;1.38;536107;;103303387
DHCA;18045536;2024-03-14;9.86;9.86;6.39;7.70;7.70;51723;;12382842
DHHC;10656656;2026-02-23;1.19;1.28;1.14;1.15;1.15;9306755;;58813638
DHI;378124;2026-02-23;164.31;165.48;160.48;164.25;164.25;1650536;;289703395
DHIL;7962818;2026-02-23;171.30;171.59;171.06;171.21;171.21;21378;;2705296
DHR;89750;2026-02-23;208.00;211.35;206.31;210.92;210.92;2400407;;706349563
DHT;6767607;2026-02-23;17.19;17.55;17.05;17.53;17.53;4870602;;159983104
DHX;653310;2026-02-23;2.56;2.88;2.38;2.40;2.40;863918;;44970004
DIA;1171654;2026-02-23;494.50;496.99;487.15;488.01;488.01;8071356;;
DIBS;12444327;2026-02-23;5.40;5.46;5.17;5.24;5.24;156033;;36614348
DICE;11795052;2023-08-14;47.55;47.55;47.55;47.55;47.55;0;;47193122
DIDIY;18752873;2026-02-23;4.64;4.65;4.55;4.56;4.56;2674091;;1083220679
DIN;545516;2026-02-23;31.84;31.88;29.94;30.68;30.68;634296;;14423699
DINO;13992941;2026-02-23;51.01;51.74;48.92;49.59;49.59;3581114;;183948233
DIOD;6481047;2026-02-23;68.27;70.00;66.64;67.92;67.92;276298;;45877458
DIS;261356;2026-02-23;104.98;105.19;102.96;104.41;104.41;10604692;;1771519851
DISH;741324;2024-01-09;5.77;5.77;5.77;5.77;5.77;5326;;533008000
DIST;16875837;2025-07-09;28.00;28.00;28.00;28.00;28.00;0;;3200170
DIT;1079780;2026-02-23;111.89;111.89;111.89;111.89;111.89;221;;650709
DJCO;1076497;2026-02-23;516.64;525.19;493.03;498.71;498.71;97052;;1377722
DK;823947;2026-02-23;34.98;35.15;32.50;33.25;33.25;972731;;60051553
DKDCA;13511360;2026-02-23;0.66;0.66;0.61;0.62;0.62;96506;;51005205
DKL;11795024;2026-02-23;54.13;54.73;53.23;53.47;53.47;62320;;53480401
DKNG;1085359;2026-02-23;22.15;22.28;21.16;21.81;21.81;13807043;;403844000
DKS;179423;2026-02-23;213.27;218.09;205.75;211.34;211.34;1968239;;89968906
DLA;13511316;2024-07-01;0.58;0.58;0.58;0.58;0.58;336038;;7051153
DLB;357388;2026-02-23;63.57;64.07;62.76;63.78;63.78;838472;;95539813
DLHC;10656686;2026-02-23;5.66;5.76;5.66;5.76;5.76;1990;;14493035
DLNG;18712199;2026-02-23;4.05;4.09;3.92;3.95;3.95;42770;0.05;
DLO;18813916;2026-02-23;13.28;13.29;12.32;12.41;12.41;921438;;285475136
DLPH;928642;2020-10-02;17.02;17.02;17.02;17.02;17.02;0;;86349731
DLTH;50213;2026-02-23;2.40;2.40;2.21;2.21;2.21;28981;;36726192
DLTR;378128;2026-02-23;132.89;133.72;128.03;130.41;130.41;2697759;;198853187
DLX;639822;2026-02-23;27.22;27.22;26.30;26.47;26.47;354699;;45081499
DM;1306306;2025-04-02;4.96;4.96;4.96;4.96;4.96;0;;33341419
DMAA;19133973;2026-02-23;10.45;10.46;10.45;10.46;10.46;206647;;33517143
DMAC;15287366;2026-02-23;8.42;8.53;8.13;8.31;8.31;90513;;52077439
DMLP;1016069;2026-02-23;25.26;25.70;25.01;25.44;25.44;143867;;48255450
DMRC;110139;2026-02-23;4.81;4.81;4.32;4.54;4.54;341274;;21756987
DMTK;1253392;2024-07-26;0.06;0.07;0.06;0.07;0.07;55775;;34962994
DMYS;11818408;2023-04-05;10.22;10.27;10.22;10.25;10.25;54056;;24150000
DMYY;18113590;2026-02-23;11.67;11.75;11.67;11.70;11.70;4757;;3918336
DNAY;1253399;2026-02-23;0.06;0.06;0.06;0.06;0.06;1;;1775839
DNB;125293;2025-08-25;9.14;9.16;9.14;9.15;9.15;17397490;;446189224
DNKN;101599;2020-12-15;106.48;106.48;106.48;106.48;106.48;0;;82417076
DNLI;6481079;2026-02-23;20.30;21.38;20.10;20.86;20.86;1407678;;146661833
DNMR;10656526;2026-02-23;0.02;0.02;0.02;0.02;0.02;0;;120795476
DNN;3239401;2026-02-23;4.04;4.27;4.00;4.19;4.19;48297529;;895713101
DNOW;558120;2026-02-23;13.02;13.05;11.74;11.85;11.85;14174499;;105011966
DNTH;17643960;2026-02-23;49.51;52.86;48.94;52.68;52.68;944480;;
DNUT;10383932;2026-02-23;2.98;3.01;2.90;2.97;2.97;1703099;;171300000
DO;14122301;2024-09-04;13.99;13.99;13.99;13.99;13.99;0;;102481240
DOC;998407;2026-02-23;16.96;17.55;16.96;17.30;17.30;10215378;;238911308
DOCN;1202261;2026-02-23;63.15;63.15;57.78;59.24;59.24;6733388;;91492142
DOCS;11794940;2026-02-23;25.21;25.28;23.58;23.76;23.76;3832682;;184708958
DOCU;810159;2026-02-23;43.15;43.15;40.42;41.75;41.75;4630349;;200272740
DOLE;17643962;2026-02-23;15.95;16.03;15.61;15.80;15.80;727286;;95040517
DOMA;12444377;2024-09-27;6.28;6.28;6.28;6.28;6.28;0;;14185669
DOMH;16453509;2026-02-23;3.45;3.50;3.23;3.30;3.30;82365;;6276138
DOMO;770174;2026-02-23;3.83;3.83;3.50;3.51;3.51;1826081;;41798492
DOOR;6767539;2024-05-15;132.84;132.84;132.84;132.84;132.84;0;;21983958
DORM;742104;2026-02-23;129.78;129.78;125.08;127.50;127.50;294629;;30562644
DOUG;10656588;2026-02-23;2.28;2.28;2.15;2.18;2.18;876528;;88818970
DOV;336327;2026-02-23;232.82;234.00;228.58;230.73;230.73;1085358;;134866626
DOW;378129;2026-02-23;30.09;30.90;30.09;30.30;30.30;9408884;;717534072
DOX;6480936;2026-02-23;69.45;69.58;66.77;67.37;67.37;1657686;;112890564
DOYU;18842733;2026-02-23;5.33;5.52;5.02;5.03;5.03;33425;;30178859
DPLO;349954;2020-02-07;4.00;4.01;4.00;4.00;4.00;744968;;75973963
DPLS;17162499;2026-02-23;0.05;0.05;0.05;0.05;0.05;0;;45531433
DPW;1241825;2024-09-09;0.21;0.22;0.20;0.21;0.21;972327;;38846318
DPZ;338660;2026-02-23;401.90;413.96;392.10;400.36;400.36;2118891;;33786218
DQ;18842731;2026-02-23;24.25;24.30;23.70;24.12;24.12;577762;;333759632
DRD;17776539;2026-02-23;36.53;37.59;36.45;37.10;37.10;273019;;864588711
DRE;446513;2022-10-03;48.20;48.20;48.20;48.20;48.20;0;;389199000
DRFS;13774418;2026-02-23;0.00;0.00;0.00;0.00;0.00;21;;
DRH;6767561;2026-02-23;9.96;9.98;9.66;9.93;9.93;3107967;;203703182
DRI;108420;2026-02-23;216.86;218.40;211.10;214.26;214.26;1102840;;115139249
DRIO;1253255;2026-02-23;11.26;11.28;11.26;11.26;11.26;4125;;6768184
DRNA;9076345;2021-12-28;38.22;38.22;38.22;38.22;38.22;0;;77747134
DRQ;113753;2024-09-06;15.95;16.18;15.41;15.41;15.41;403631;;34452230
DRRX;9076018;2025-09-11;1.91;1.91;1.91;1.91;1.91;0;;31054187
DRS;14122309;2026-02-23;39.64;40.03;38.08;38.14;38.14;1104731;;266026725
DRTS;18515893;2026-02-23;7.23;7.32;6.95;7.31;7.31;109528;;70380570
DRTT;963028;2026-02-23;0.60;0.60;0.60;0.60;0.60;30;;191832029
DRVN;1340510;2026-02-23;16.90;16.96;16.56;16.74;16.74;700244;;164454218
DS;816790;2022-12-30;0.20;0.21;0.16;0.17;0.17;8197130;;92385019
DSAQ;11819727;2026-02-23;11.69;11.69;11.69;11.69;11.69;0;;8472283
DSGN;11817491;2026-02-23;10.12;10.46;10.01;10.35;10.35;118056;;56963757
DSGR;17643964;2026-02-23;30.73;30.73;29.82;29.99;29.99;77619;;
DSGX;18760737;2026-02-23;66.51;66.55;62.74;62.82;62.82;807106;;
DSKE;770175;2024-04-01;8.30;8.30;8.29;8.29;8.29;1229021;;45521935
DSP;11819624;2026-02-23;9.43;9.47;8.75;8.83;8.83;275730;;62433606
DSS;15585614;2026-02-23;0.91;0.94;0.90;0.91;0.91;34991;;9092518
DSWL;16532274;2026-02-23;3.69;3.71;3.57;3.61;3.61;6355;;15935239
DSX;18591360;2026-02-23;2.58;2.65;2.55;2.60;2.60;1120450;;125203405
DT;1251549;2026-02-23;34.72;34.98;33.23;33.64;33.64;6896556;;298251114
DTC;11795352;2026-02-23;6.76;6.85;6.40;6.50;6.50;6048;;2306963
DTE;378131;2026-02-23;145.59;146.50;144.86;145.85;145.85;1549803;;207803764
DTEA;1241347;2026-02-23;0.58;0.58;0.58;0.58;0.58;19;;26426055
DTGI;13511324;2026-02-23;0.01;0.02;0.01;0.02;0.02;1286207;;179734434
DTI;17643966;2026-02-23;3.95;3.97;3.86;3.94;3.94;92683;;
DTIL;1078151;2026-02-23;3.79;3.98;3.76;3.95;3.95;115322;;13256751
DTM;1234768;2026-02-23;136.19;138.31;136.02;137.91;137.91;1178034;;101721471
DTOC;12444691;2026-02-23;12.00;12.00;12.00;12.00;12.00;0;;18628680
DTRM;80268;2019-06-14;0.17;0.19;0.17;0.18;0.18;80325;;15245441
DTSS;11035228;2026-02-23;0.96;0.97;0.90;0.93;0.93;25331;;10447153
DUK;191249;2026-02-23;126.83;128.61;126.81;127.79;127.79;4889901;;777661224
DUO;17685542;2026-02-23;1.14;1.14;1.06;1.10;1.10;54391;;154425294
DUOL;1271648;2026-02-23;112.35;112.35;104.51;106.14;106.14;2180687;;40097826
DUOT;16682758;2026-02-23;8.66;8.79;8.04;8.35;8.35;150147;;7689969
DV;2077098;2026-02-23;9.53;9.57;8.84;8.85;8.85;2359991;;161107214
DVA;349826;2026-02-23;152.51;154.50;150.30;151.28;151.28;616245;;66800000
DVAX;138695;2026-02-11;15.50;15.50;15.50;15.50;15.50;0;;117424968
DVN;122079;2026-02-23;44.40;44.96;43.54;43.67;43.67;8538563;;620000000
DWACU;1254331;2024-03-25;51.30;63.88;51.30;61.35;61.35;5231;;30026769
DWSN;9076100;2026-02-23;2.96;2.98;2.72;2.72;2.72;89688;;31047801
DX;949498;2026-02-23;13.98;14.21;13.89;13.97;13.97;7505553;0.17;146821745
DXC;740485;2026-02-23;13.25;13.27;11.84;11.85;11.85;3613921;;169759963
DXCM;352596;2026-02-23;73.07;74.49;72.86;73.26;73.26;4863317;;384864842
DXLG;178401;2026-02-23;0.65;0.69;0.59;0.59;0.59;60568;;54656415
DXPE;674720;2026-02-23;149.36;150.87;144.31;150.66;150.66;138373;;15679290
DXYN;11035908;2026-02-23;0.43;0.43;0.43;0.43;0.43;32;;14676000
DY;252287;2026-02-23;429.50;429.50;416.87;420.34;420.34;308463;;28956051
DYAI;16682760;2026-02-23;0.79;0.81;0.75;0.80;0.80;19055;;29477639
DYN;1154967;2026-02-23;14.98;15.53;14.76;15.45;15.45;2760318;;142824687
DYNT;286288;2026-02-23;0.00;0.00;0.00;0.00;0.00;0;;16048734
DYNX;19093840;2025-08-26;10.89;11.28;10.89;11.16;11.16;869414;;22133333
DZSI;202955;2026-02-23;0.00;0.00;0.00;0.00;0.00;0;;38789398
E;18701267;2026-02-23;44.13;44.40;44.02;44.12;44.12;249646;;3284490525
EA;372651;2026-02-23;200.50;201.00;200.04;200.48;200.48;1698334;;250253713
EACO;12444289;2026-02-23;91.99;91.99;91.99;91.99;91.99;50;;4861590
EAF;910562;2026-02-23;6.09;6.47;5.95;6.21;6.21;225041;;25820110
EAI;11795160;2026-02-23;21.48;21.59;21.43;21.52;21.52;34560;;452989837
EAR;1253401;2024-02-26;70.50;70.50;70.50;70.50;70.50;0;;20745838000
EARN;18081187;2026-02-23;5.04;5.16;5.01;5.07;5.07;621301;;28800345
EAST;646929;2025-01-27;1.05;1.05;0.78;0.95;0.95;2521652;;4991065
EAT;980378;2026-02-23;145.00;145.18;136.59;140.78;140.78;1850850;;43550328
EB;909936;2026-02-23;4.42;4.43;4.41;4.42;4.42;1215680;;97675156
EBAY;104109;2026-02-23;87.50;87.99;82.55;84.31;84.31;6726760;;448000000
EBC;10384201;2026-02-23;21.38;21.48;20.25;20.46;20.46;1980624;;210797930
EBF;90209;2026-02-23;20.46;20.95;20.42;20.78;20.78;213242;;25292866
EBIX;147655;2023-12-27;1.71;1.72;1.05;1.16;1.16;12284786;;30866000
EBMT;10656742;2026-02-23;22.56;22.76;21.86;22.02;22.02;35736;;7952177
EBR;18743375;2025-11-07;10.73;11.05;10.71;11.03;11.03;2185004;;1977787007
EBS;1063681;2026-02-23;10.87;11.15;10.65;10.95;10.95;507883;;52519964
EBSB;9076335;2022-02-28;24.15;24.15;24.15;24.15;24.15;1;;50470710
EBTC;7962932;2026-02-23;39.64;39.64;39.64;39.64;39.64;0;;12508386
EBZT;13511372;2026-02-23;0.06;0.07;0.05;0.06;0.06;51906;;30896653
EC;18766492;2026-02-23;12.48;12.92;12.46;12.67;12.67;3291964;;41116694690
ECA;897579;2026-02-23;50.55;50.87;50.04;50.83;50.83;5420083;;259822447
ECHO;9076325;2021-11-23;48.24;48.24;48.24;48.24;48.24;0;;26185818
ECL;378133;2026-02-23;302.22;306.11;300.13;305.67;305.67;1101405;;283235653
ECOM;9076331;2022-11-15;23.09;23.09;23.09;23.09;23.09;0;;28815362
ECOR;9076127;2026-02-23;6.12;6.74;6.12;6.66;6.66;39166;;7995903
ECPG;6767719;2026-02-23;58.48;58.95;56.13;56.58;56.58;144886;;22303676
ECVT;17643968;2026-02-23;11.50;11.69;11.30;11.42;11.42;1375149;;
ECX;18622072;2026-02-23;1.58;1.60;1.53;1.54;1.54;1294936;;340127026
ECYT;760760;2018-12-21;23.99;23.99;23.99;23.99;23.99;0;;82088638
ED;378121;2026-02-23;111.01;113.01;110.00;112.14;112.14;2633982;;361247438
EDAP;18641363;2026-02-23;4.69;4.72;4.33;4.52;4.52;31354;;37392086
EDHL;19107229;2026-02-23;2.68;2.79;2.42;2.49;2.49;42473;;63
EDIT;1253292;2026-02-23;1.77;1.91;1.76;1.89;1.89;1446218;;97618660
EDN;18760739;2026-02-23;27.57;27.63;26.49;26.72;26.72;107291;;462292111
EDNT;1242007;2026-02-23;0.00;0.01;0.00;0.01;0.01;1622;;466201
EDR;11794934;2026-02-23;29.25;29.25;29.25;29.25;29.25;0;;291936777
EDSA;13511370;2026-02-23;0.77;0.93;0.76;0.90;0.90;349783;;8348161
EDU;17708500;2026-02-23;60.69;61.00;59.52;59.55;59.55;595716;;1580288613
EDUC;13511286;2026-02-23;1.39;1.40;1.37;1.38;1.38;2452;;8511364
EDXC;13643362;2026-02-19;0.00;0.00;0.00;0.00;0.00;1101511;;
EE;14159409;2026-02-23;42.59;43.02;42.03;42.38;42.38;309659;;
EEFT;484269;2026-02-23;72.14;72.32;70.22;70.53;70.53;675661;;42044681
EEI;55609;2019-12-31;15.45;15.45;15.45;15.45;15.45;0;;4330001
EEP;569369;2018-12-20;10.43;10.43;10.43;10.43;10.43;0;;326517110
EEX;10656572;2026-02-23;4.69;4.69;4.25;4.26;4.26;41619;;197807355
EE_delisted;709578;2026-02-23;42.59;43.02;42.03;42.38;42.38;309659;;40787627
EFC;10384297;2026-02-23;12.40;12.58;12.36;12.41;12.41;1966188;;107316429
EFOI;807596;2026-02-23;1.79;1.89;1.78;1.80;1.80;14217;;5739415
EFSC;6767611;2026-02-23;61.40;61.40;57.40;57.80;57.80;238384;;37010909
EFSI;12444431;2026-02-23;38.65;38.65;37.07;37.30;37.30;18251;;5376346
EFTR;11035440;2026-02-23;0.00;0.00;0.00;0.00;0.00;12;;4704409
EFX;378137;2026-02-23;195.72;196.33;188.27;188.43;188.43;1266119;;120269998
EG;741323;2026-02-23;342.41;345.57;337.27;337.77;337.77;359015;;41978058
EGAN;233349;2026-02-23;9.40;9.45;9.05;9.31;9.31;387666;;27386110
EGBN;7962666;2026-02-23;26.35;26.77;24.77;25.02;25.02;415000;;30371236
EGG;19937591;2026-02-23;5.61;5.61;5.05;5.24;5.24;11321;;
EGGF;11818690;2023-12-27;9.90;12.22;9.90;11.98;11.98;4327;;5625000
EGHA;19397368;2026-02-23;10.20;10.20;10.19;10.20;10.20;63701;;20500000
EGHT;36662;2026-02-23;2.26;2.26;2.04;2.11;2.11;1412026;;139318350
EGLE;14814691;2026-02-20;28.72;28.72;28.62;28.65;28.65;1899;;11072851
EGLT;286194;2019-03-01;0.01;0.01;0.01;0.01;0.01;0;;9360968
EGP;899359;2026-02-23;191.46;193.96;191.03;191.40;191.40;279663;;53334206
EGRX;7962898;2026-02-23;0.20;0.20;0.20;0.20;0.20;474;;13059153
EGY;699964;2026-02-23;5.15;5.23;4.97;5.04;5.04;781552;;104258253
EH;18731296;2026-02-23;12.20;12.28;11.93;12.25;12.25;402669;;
EHAB;15204638;2026-02-23;13.58;13.64;13.55;13.60;13.60;12896856;;50607075
EHC;117690;2026-02-23;105.94;106.17;103.78;106.15;106.15;979880;;100615977
EHTH;979798;2026-02-23;1.48;1.55;1.41;1.53;1.53;905250;;30764785
EIG;6767745;2026-02-23;39.48;39.84;37.99;39.21;39.21;399091;;22479106
EIGI;74731;2021-02-10;9.49;9.50;9.49;9.49;9.49;1172736;;141653878
EIGR;1841446;2024-04-10;1.90;1.90;1.66;1.73;1.73;130212;;1480797
EIX;378134;2026-02-20;73.03;73.90;72.17;73.74;73.74;3226957;;384790927
EJH;17766098;2026-02-23;0.59;0.61;0.58;0.61;0.61;137229;;4003859
EKSO;11035456;2026-02-23;11.42;11.85;10.63;10.64;10.64;105875;;2623233
EL;172930;2026-02-23;115.00;115.39;110.88;113.02;113.02;3553746;;361727043
ELA;12442292;2026-02-23;13.29;13.30;12.75;12.97;12.97;70777;;25963476
ELAN;1094920;2026-02-23;24.81;25.04;24.30;24.75;24.75;3768267;;496863473
ELBM;18773571;2026-02-23;0.81;0.84;0.79;0.80;0.80;937812;;14809197
ELDN;11035129;2026-02-23;2.16;2.28;2.15;2.27;2.27;644400;;59932212
ELEV;14864198;2025-07-23;0.36;0.36;0.36;0.36;0.36;0;;59223729
ELF;6480982;2026-02-23;93.35;95.36;88.65;90.07;90.07;1657390;;59052239
ELLO;18866283;2026-02-23;24.50;25.78;24.50;24.99;24.99;3314;;12852585
ELMD;187864;2026-02-23;24.36;25.19;23.98;24.41;24.41;93362;;8275313
ELME;17643970;2026-02-23;2.19;2.20;2.15;2.17;2.17;1268039;;
ELOX;1841823;2026-02-23;0.00;0.00;0.00;0.00;0.00;0;;218
ELP;18743379;2025-12-24;9.65;9.65;9.18;9.27;9.27;755876;0.57;1297723500
ELPW;19514130;2026-02-23;0.44;0.44;0.39;0.39;0.39;924634;;3628506
ELS;446592;2026-02-23;67.73;68.50;67.68;67.96;67.96;1630903;;193927571
ELSE;15296763;2026-02-23;4.30;4.30;4.30;4.30;4.30;194;;3480521
ELTP;13841931;2026-02-23;0.36;0.37;0.35;0.37;0.37;1264819;;1076996442
ELV;378099;2026-02-23;339.93;346.02;335.23;335.87;335.87;1005916;;220704667
ELVG;16633060;2026-02-23;0.01;0.01;0.01;0.01;0.01;23;;414448757
ELVN;17643972;2026-02-23;25.82;27.49;25.79;27.45;27.45;584867;;
ELVT;9076081;2023-02-27;1.86;1.87;1.86;1.87;1.87;535974;;31068846
ELYM;1841133;2026-02-23;5.62;5.94;5.58;5.83;5.83;416275;;68184435
ELYS;360213;2026-02-23;0.00;0.00;0.00;0.00;0.00;0;;33898731
EMAN;10656696;2023-10-18;2.07;2.07;2.07;2.07;2.07;0;;81993294
EMBC;10384229;2026-02-23;10.68;10.77;10.46;10.57;10.57;623985;;59219854
EMC;261451;2026-02-23;34.20;34.30;33.96;33.99;33.99;6701;;1956842060
EMCGU;14508675;2026-02-23;12.80;12.80;12.80;12.80;12.80;0;;2422281
EME;446597;2026-02-23;805.55;815.79;797.10;806.66;806.66;308553;;44765864
EMIS;952850;2026-02-23;10.02;10.02;10.02;10.02;10.02;0;;60852478
EMKR;11034437;2025-02-28;3.09;3.10;3.09;3.10;3.10;120529;;9080833
EML;9076004;2026-02-23;18.66;18.71;18.05;18.05;18.05;24928;;6068650
EMLD;15539319;2024-08-01;10.99;10.99;10.94;10.96;10.96;19889;;14349106
EMMS;654077;2026-02-23;2.00;2.00;2.00;2.00;2.00;0;;13399132
EMN;122948;2026-02-23;78.02;79.10;75.90;76.57;76.57;1324672;;114097314
EMP;12442238;2026-02-23;21.15;21.15;21.05;21.10;21.10;11645;;452989837
EMR;255983;2026-02-23;147.33;148.60;143.80;145.51;145.51;2443221;;562000000
EMX;18515897;2025-11-12;4.08;4.20;3.99;4.16;4.16;570806;;
EMYB;12444419;2026-02-23;20.07;20.37;20.00;20.10;20.10;6122;;7646114
ENB;1300947;2026-02-23;51.95;52.48;51.67;52.35;52.35;3184655;;2181830165
ENBL;998439;2021-12-02;6.99;7.12;6.87;7.05;7.05;701615;;435866139
ENBP;15394190;2026-02-23;25.09;25.09;25.09;25.09;25.09;0;;5698959
ENCP;16633066;2026-02-23;2.70;2.70;2.70;2.70;2.70;0;;3845062
ENDP;530918;2024-05-01;0.00;0.00;0.00;0.00;0.00;9967;;233681000
ENDP_old;378135;2024-05-01;0.00;0.00;0.00;0.00;0.00;9967;;115354393
ENER;12444469;2023-12-26;10.55;10.57;10.54;10.56;10.56;822076;;25995000
ENFN;11795262;2026-02-23;10.76;10.76;10.76;10.76;10.76;0;;129000840
ENG;58098;2025-06-13;0.02;0.02;0.01;0.01;0.01;33592;;5156583
ENLC;10383418;2025-01-31;14.12;14.12;14.12;14.12;14.12;56;;457073081
ENLT;18650362;2026-02-23;71.55;72.48;70.76;71.68;71.68;112257;;118566615
ENLV;18872611;2026-02-23;1.02;1.07;1.00;1.04;1.04;448318;;23650989
ENO;11820464;2026-02-23;23.07;23.07;22.84;22.97;22.97;7094;;452989837
ENPH;917156;2026-02-23;46.00;47.45;45.27;47.40;47.40;4418095;;131098819
ENR;674540;2026-02-23;22.14;23.06;21.78;22.69;22.69;1222504;;68468761
ENS;35886;2026-02-23;172.55;173.82;165.38;167.42;167.42;581465;;36851374
ENSC;15204640;2026-02-23;0.37;0.37;0.35;0.37;0.37;561274;;3541262
ENSG;1023444;2026-02-23;211.39;215.96;207.46;214.17;214.17;481411;;58112780
ENSV;11036090;2026-02-23;0.00;0.00;0.00;0.00;0.00;104;;58182785
ENTA;7962656;2026-02-23;13.57;14.07;13.19;13.49;13.49;160491;;29019344
ENTG;6480934;2026-02-23;134.49;136.94;132.33;136.42;136.42;2538065;;152000000
ENTX;15042557;2026-02-23;1.53;1.65;1.49;1.58;1.58;67288;;45857242
ENV;978454;2024-11-25;63.14;63.14;63.14;63.14;63.14;0;;55345924
ENVA;625336;2026-02-23;144.74;144.74;135.44;136.24;136.24;372719;;25010319
ENVI;11795106;2015-10-26;4.10;4.10;4.09;4.10;4.10;172992;;
ENVX;10384207;2026-02-23;5.85;5.90;5.71;5.87;5.87;3527237;;215816004
ENZ;50379;2025-04-17;0.37;0.40;0.31;0.31;0.31;4119251;;52402804
ENZB;818574;2026-02-23;0.70;0.70;0.70;0.70;0.70;0;;5592010
ENZN;15296765;2026-02-23;0.07;0.07;0.07;0.07;0.07;990;;74214603
EOG;100699;2026-02-23;123.55;124.74;121.44;122.31;122.31;3853227;;542598457
EOLS;7962828;2026-02-23;4.36;4.43;4.28;4.33;4.33;539197;;64819784
EOSE;12442242;2026-02-23;10.42;10.53;9.91;10.38;10.38;13555544;;288242532
EOSS;11795318;2026-02-23;0.00;0.00;0.00;0.00;0.00;0;;604781560
EP;17643974;2026-02-23;2.97;3.02;2.85;2.85;2.85;37583;;31381647
EPAC;89259;2026-02-23;42.11;42.16;40.77;41.02;41.02;253667;;52776305
EPAM;923418;2026-02-23;136.50;137.20;129.04;129.96;129.96;1776634;;55242618
EPAY;989883;2022-09-16;56.99;56.99;56.99;56.99;56.99;592;;42759000
EPC;6767485;2026-02-23;22.70;22.78;22.30;22.35;22.35;709158;;46716605
EPD;469948;2026-02-23;36.18;36.58;36.02;36.36;36.36;3834492;;2163321050
EPE;716965;2020-10-01;0.06;0.07;0.04;0.06;0.06;56522;;254819737
EPIX;13511420;2025-10-13;0.20;0.20;0.20;0.20;0.20;0;;47308394
EPM;516432;2026-02-23;4.43;4.49;4.25;4.29;4.29;618345;;35003844
EPR;701414;2026-02-23;58.00;59.53;57.77;59.03;59.03;1108362;;76140341
EPRT;949674;2026-02-23;33.00;33.21;32.68;33.11;33.11;2114026;;209879818
EPSM;18905010;2026-02-23;1.43;1.50;1.35;1.38;1.38;20400;;12000534
EPSN;15337161;2026-02-23;5.00;5.09;4.90;4.91;4.91;183128;;22067213
EPZM;138374;2022-09-08;1.47;1.47;1.47;1.47;1.47;7960;;144201000
EQ;1841921;2026-02-23;1.70;1.85;1.69;1.85;1.85;249843;;60893283
EQBK;7962924;2026-02-23;46.27;46.79;44.61;45.25;45.25;148325;;15252852
EQC;6767493;2026-02-23;1.58;1.58;1.58;1.58;1.58;0;;107751132
EQH;10383318;2026-02-23;43.76;44.49;39.75;40.21;40.21;5662251;;286532039
EQIX;378138;2026-02-23;926.02;950.11;924.45;945.64;945.64;650972;;98254928
EQM;1071166;2020-06-16;22.27;22.47;20.00;21.43;21.43;21473114;;200457630
EQNR;18580656;2026-02-23;28.84;29.18;28.82;29.03;29.03;2110902;;2944733144
EQR;421306;2026-02-23;63.09;63.97;62.50;63.32;63.32;3822307;;377547108
EQRX;1334626;2023-11-09;2.34;2.34;2.34;2.34;2.34;0;;474295855
EQT;378136;2026-02-23;60.51;61.25;58.63;59.03;59.03;7543150;;624274000
ERAS;11817312;2026-02-23;12.70;13.20;12.65;13.02;13.02;3558498;;283711805
ERES;12444411;2026-02-23;8.74;8.80;8.53;8.60;8.60;520214;;97752855
ERIC;18508051;2026-02-23;11.20;11.24;11.05;11.08;11.08;5432100;;3086495752
ERIE;446629;2026-02-23;273.42;273.95;263.38;263.77;263.77;253375;;46191610
ERII;6767695;2026-02-23;16.13;16.27;15.71;16.06;16.06;369142;;52972096
ERJ;18683987;2025-10-31;64.83;65.05;64.31;64.48;64.48;646721;;734632806
ERNA;15141545;2026-02-23;0.31;0.31;0.27;0.27;0.27;1019791;;7848889
ERS;543790;2017-05-09;7.00;7.00;7.00;7.00;7.00;0;;8250455
ES;378141;2026-02-23;73.37;74.98;73.37;74.87;74.87;2455532;;375496611
ESAB;10383561;2026-02-23;130.00;130.35;122.42;122.65;122.65;431747;;60728709
ESAC;15464895;2026-02-23;1.28;1.58;1.27;1.51;1.51;1056875;;33149931
ESBA;11795086;2026-02-23;5.70;6.00;5.70;6.00;6.00;2533;;161851000
ESCA;918449;2026-02-23;14.10;14.35;14.00;14.11;14.11;17300;;13803745
ESE;6767463;2026-02-23;275.21;277.45;270.98;277.04;277.04;153983;;25895762
ESEA;19124768;2026-02-23;60.69;61.29;58.84;61.00;61.00;37485;;7047537
ESGR;446639;2025-07-02;337.91;337.91;337.91;337.91;337.91;0;;14910102
ESHA;16682762;2026-02-23;11.91;12.05;11.82;12.00;12.00;1410;;14662500
ESI;687589;2026-02-23;34.92;36.20;34.62;36.17;36.17;3449555;;243578414
ESI_delisted;114707;2026-02-23;0.00;0.00;0.00;0.00;0.00;0;;23988384
ESL;758715;2019-03-14;122.49;122.49;122.49;122.49;122.49;0;;29692498
ESLT;18580654;2026-02-23;730.62;749.00;727.20;745.58;745.58;173432;;44547673
ESMT;11794990;2024-01-25;23.07;23.11;23.05;23.05;23.05;22259473;;166359810
ESNT;1055099;2026-02-23;60.30;60.49;58.80;59.14;59.14;801112;;94542845
ESOA;13626511;2026-02-23;14.20;14.34;13.18;13.56;13.56;356306;;16659039
ESP;230667;2026-02-23;57.77;58.00;56.30;57.54;57.54;12988;;2958843
ESPR;9075982;2026-02-23;3.48;3.53;3.29;3.34;3.34;3323584;;239063437
ESQ;7962956;2026-02-23;105.02;105.10;102.22;103.24;103.24;64328;;8565491
ESRT;949500;2026-02-23;5.92;6.07;5.89;6.03;6.03;2635417;;167712308
ESRX;107733;2018-12-20;95.57;95.87;92.11;92.33;92.33;31612912;;563860000
ESS;378140;2026-02-23;254.95;258.90;253.60;255.33;255.33;551245;;64475506
ESSA;9075950;2025-07-24;20.61;20.61;20.61;20.61;20.61;0;;10154664
ESTA;1253256;2026-02-23;75.76;78.25;73.45;74.96;74.96;762846;;29057868
ESTC;917843;2026-02-23;56.73;56.93;52.73;53.34;53.34;4283935;;105372800
ESTE;638141;2023-11-01;21.17;21.17;21.17;21.17;21.17;0;;78535881
ES_old;446632;2026-02-23;73.37;74.98;73.37;74.87;74.87;2455532;;90579979
ET;767563;2026-02-23;18.98;19.04;18.73;18.82;18.82;17658868;;3433386854
ETD;993675;2026-02-23;23.50;23.55;22.74;22.91;22.91;352927;;25446339
ETEC;546873;2026-02-23;28.07;28.07;27.92;27.92;27.92;1007;;18214437
ETFC;378132;2020-10-02;49.26;49.26;49.26;49.26;49.26;1;;221096380
ETM;550551;2022-12-15;0.25;0.25;0.24;0.24;0.24;1038211;;141086242
ETN;124922;2026-02-23;367.12;368.58;359.84;362.05;362.05;2914379;;388400000
ETNB;11795138;2025-10-30;14.84;14.84;14.84;14.84;14.84;0;;148308250
ETON;15141547;2026-02-23;17.97;18.53;17.72;18.28;18.28;289749;;26817535
ETR;354347;2026-02-23;103.92;106.00;103.92;104.87;104.87;3032212;;452989837
ETRN;980328;2024-07-22;12.42;12.42;12.42;12.42;12.42;0;;435013000
ETST;13950760;2026-02-23;0.12;0.13;0.11;0.11;0.11;56034;;291394607
ETSY;469839;2026-02-23;51.50;53.20;50.59;52.37;52.37;5175708;;96247180
ETWO;11795102;2026-02-23;3.30;3.30;3.30;3.30;3.30;0;;312863786
EU;17643976;2026-02-23;2.62;2.70;2.56;2.61;2.61;1992225;;187249534
EUBG;16633058;2026-02-23;0.07;0.07;0.07;0.07;0.07;875;;1701181423
EV;200412;2025-04-17;21.84;21.84;21.84;21.84;21.84;76;;114661000
EVA;900872;2021-12-31;71.69;72.00;70.06;70.42;70.42;107817;;45015000
EVBG;914618;2026-02-23;35.00;35.00;35.00;35.00;35.00;0;;41616027
EVBN;9075954;2025-05-02;39.11;39.68;39.10;39.53;39.53;34406;;5567382
EVC;652141;2026-02-23;2.91;3.00;2.91;2.96;2.96;259508;;90976288
EVCM;1251883;2026-02-23;10.18;10.24;9.84;10.06;10.06;149581;;179367379
EVER;11820055;2026-02-23;15.52;15.58;14.87;15.32;15.32;2051877;;35084240
EVEX;17643978;2026-02-23;3.04;3.10;2.90;2.95;2.95;1379079;;
EVFM;988215;2026-02-23;0.01;0.01;0.01;0.01;0.01;159744;;126685925
EVGO;1311761;2026-02-23;2.78;2.81;2.68;2.76;2.76;2912520;;307982733
EVGR;14122303;2026-02-23;11.95;11.95;11.95;11.95;11.95;0;;5614800
EVH;146041;2026-02-23;2.74;2.78;2.67;2.77;2.77;2151617;;111600856
EVI;258455;2026-02-23;18.43;19.20;17.77;18.16;18.16;57608;;12862149
EVLO;807946;2026-02-23;0.00;0.00;0.00;0.00;0.00;18041;;5578767
EVLV;11795320;2026-02-23;5.06;5.10;4.87;4.90;4.90;3389376;;174617589
EVMN;19836011;2026-02-23;27.43;28.49;25.73;27.59;27.59;389810;;
EVOP;977613;2023-03-24;33.99;33.99;33.99;33.99;33.99;0;;47979393
EVR;1059906;2026-02-23;323.82;327.95;303.62;305.27;305.27;777231;;39605493
EVRG;995321;2026-02-23;80.66;82.14;80.29;82.11;82.11;2667436;;230281586
EVRI;917372;2025-07-01;14.24;14.24;14.24;14.24;14.24;0;;86856253
EVTC;961219;2026-02-23;27.33;27.33;25.70;25.78;25.78;538042;;63983841
EVTL;18508055;2026-02-23;4.15;4.20;3.96;4.07;4.07;1940656;;69542515
EW;108955;2026-02-23;79.10;82.77;79.10;82.44;82.44;5498408;;580300000
EWBC;335579;2026-02-23;121.17;121.55;114.59;116.10;116.10;957086;;137585604
EWCZ;11795140;2026-02-23;5.71;5.71;5.70;5.71;5.71;755284;;54360321
EWTX;11795280;2026-02-23;29.33;30.15;28.98;30.09;30.09;815207;;105868434
EXA;177765;2017-11-17;24.24;24.24;24.24;24.24;24.24;0;;15014528
EXAS;41775;2026-02-23;103.50;103.65;103.37;103.39;103.39;1526406;;190888211
EXC;378142;2026-02-23;47.95;48.54;47.70;48.20;48.20;7504618;;1022892585
EXDW;13511288;2026-02-23;0.17;0.17;0.17;0.17;0.17;0;;
EXE;378111;2026-02-23;108.00;109.70;102.17;103.18;103.18;5544405;;240398260
EXEL;289286;2026-02-23;43.50;44.49;43.45;44.01;44.01;2347811;;259708689
EXFY;11795272;2026-02-23;1.31;1.33;1.22;1.24;1.24;517139;;81768429
EXLS;6480967;2026-02-23;30.25;30.25;28.43;28.51;28.51;2752532;;158700885
EXOD;16633062;2026-02-20;10.05;10.63;9.86;9.86;9.86;91375;;6318566
EXOZ;19058886;2026-02-23;9.36;9.36;8.05;8.65;8.65;1650;;8387250
EXP;110585;2026-02-23;234.44;235.44;222.72;225.20;225.20;428444;;31432138
EXPD;378143;2026-02-23;154.72;155.31;148.85;149.63;149.63;1732822;;134020931
EXPE;112653;2026-02-23;199.94;200.37;185.34;188.51;188.51;4743933;;122534873
EXPI;795710;2026-02-20;7.40;7.57;7.32;7.51;7.51;1076406;;158836724
EXPO;1084550;2026-02-23;69.81;70.10;68.53;69.41;69.41;604580;;49887226
EXPR;50957;2026-02-23;0.00;0.00;0.00;0.00;0.00;0;;3746725
EXR;130051;2026-02-23;152.15;155.19;149.58;150.41;150.41;1701628;;211137672
EXTN;9076355;2022-10-28;4.58;4.58;4.58;4.58;4.58;0;;33191000
EXTO;18847919;2025-01-08;3.53;3.67;3.52;3.61;3.61;138955;;1297864359
EXTR;187330;2026-02-23;14.00;14.04;13.47;13.78;13.78;2174197;;134269540
EYE;6767565;2026-02-23;27.22;27.22;25.69;26.13;26.13;1029092;;79309558
EYEN;11820171;2025-07-02;10.70;17.18;10.70;15.82;15.82;4643575;;2882808
EYPT;232734;2026-02-23;15.25;17.10;15.10;17.07;17.07;1536816;;82787220
EZGO;18198293;2026-02-23;1.59;1.65;1.54;1.62;1.62;15699;;18300706
EZOO;12444399;2026-02-23;0.00;0.00;0.00;0.00;0.00;0;;119956826
EZPW;7962816;2026-02-23;25.50;25.74;24.81;25.12;25.12;846562;;61697224
F;249937;2026-02-23;13.98;14.04;13.57;13.64;13.64;58347888;;3989475225
FA;10384203;2026-02-23;9.80;9.83;8.93;8.95;8.95;1188749;;174114958
FAF;1008640;2026-02-23;67.47;68.19;66.31;66.34;66.34;920052;;101900000
FANG;896740;2026-02-23;176.27;177.25;173.22;173.82;173.82;2695923;;286525614
FARM;968243;2026-02-23;1.46;1.49;1.45;1.46;1.46;80285;;21727157
FARO;740727;2025-07-21;43.99;43.99;43.99;43.99;43.99;0;;19226240
FAST;339017;2026-02-23;46.15;46.36;44.95;45.05;45.05;6646027;;1148179210
FAT;11819495;2026-02-23;0.16;0.16;0.16;0.16;0.16;0;;17939325
FATE;1872622;2026-02-23;1.45;1.54;1.41;1.51;1.51;1873223;;115352289
FATN;19187517;2026-02-23;1.74;1.74;1.56;1.56;1.56;78394;;13924468
FBC;9076327;2022-11-30;37.09;37.73;36.19;37.54;37.54;18816855;;53330518
FBHS;378152;2022-12-14;63.05;64.02;61.17;61.90;61.90;2252890;;135747434
FBIO;3241649;2026-02-23;3.80;4.22;3.32;3.45;3.45;16566603;;27604934
FBIZ;9075864;2026-02-23;57.50;58.00;54.95;55.17;55.17;35217;;8324258
FBK;6767691;2026-02-23;59.28;59.28;56.02;56.52;56.52;271008;;53462482
FBMS;7962650;2025-03-31;33.15;34.08;32.91;33.81;33.81;2277247;;31251167
FBNC;6767689;2026-02-23;62.03;62.60;58.62;58.92;58.92;228213;;41359298
FBP;6767541;2026-02-23;22.57;22.77;21.56;21.81;21.81;1124299;;157936923
FBRT;10384281;2026-02-23;9.08;9.21;8.98;8.99;8.99;1738306;;81606608
FBRX;809598;2026-02-23;29.17;29.99;28.23;28.69;28.69;118654;;1461934
FC;702498;2026-02-23;14.75;15.10;13.57;13.73;13.73;254762;;11552552
FCAP;18081189;2026-02-23;52.51;52.51;50.01;50.01;50.01;5026;;3352003
FCAUS;943836;2020-07-10;9.61;9.98;9.48;9.98;9.97;8460971;;1632654
FCBC;7962836;2026-02-23;40.33;40.83;39.00;39.34;39.34;130412;;18314905
FCBP;6767413;2021-07-21;29.40;29.40;28.79;29.10;29.10;46205;;11614333
FCCO;9075956;2026-02-23;30.75;30.90;29.50;29.76;29.76;46679;;7689694
FCCY;9076301;2022-01-06;26.77;27.93;26.77;27.79;27.79;608600;;10289434
FCEL;197812;2026-02-23;7.58;7.77;7.49;7.69;7.69;924887;;47736734
FCF;998470;2026-02-23;18.34;18.52;17.53;17.71;17.71;1143447;;103765987
FCFS;1067474;2026-02-23;183.89;186.59;178.67;181.59;181.59;187722;;43984696
FCN;1057788;2026-02-23;160.49;162.19;156.21;156.31;156.31;576175;;30876070
FCNCA;446741;2026-02-23;1997.18;2031.31;1927.27;1965.72;1965.72;121841;;12435552
FCPT;623532;2026-02-23;25.26;25.62;25.23;25.42;25.42;545050;;109745042
FCRD;10656690;2023-03-09;4.68;4.78;4.53;4.54;4.54;286432;;29922000
FCS;147401;2016-09-20;19.86;19.86;19.86;19.86;19.86;0;;114830584
FCUV;12444441;2026-02-23;5.39;5.62;5.07;5.09;5.09;8759;;738671
FCX;378154;2026-02-23;64.23;65.93;63.88;65.55;65.55;15499536;;1437201606
FDBC;9075818;2026-02-23;45.09;45.70;44.97;45.28;45.28;8578;;5767286
FDC;520475;2019-08-05;31.69;31.69;31.69;31.69;31.69;0;;946000000
FDMT;11795260;2026-02-23;9.00;9.76;8.95;9.68;9.68;665127;;49778127
FDOC;15091633;2026-02-20;5.10;5.10;5.07;5.07;5.07;1646;;11246252
FDP;6767683;2026-02-23;41.45;41.97;40.78;41.70;41.70;304016;;47383526
FDS;91248;2026-02-23;192.91;196.44;189.07;190.26;190.26;1179354;;37099259
FDUS;10656462;2026-02-23;18.41;18.61;18.15;18.21;18.21;260783;;36427491
FDX;259098;2026-02-23;387.75;391.65;380.29;383.71;383.71;1614616;;235122816
FE;422040;2026-02-23;50.23;50.83;50.09;50.44;50.44;4277224;;577932879
FEAM;13691214;2026-02-23;1.72;1.76;1.68;1.72;1.72;138507;;41511883
FEIM;118109;2026-02-23;47.85;48.01;44.76;45.81;45.81;117479;;9749271
FELE;124153;2026-02-23;95.11;95.73;94.68;95.32;95.32;457071;;44202147
FEMFF;16453511;2026-02-20;0.04;0.04;0.04;0.04;0.04;7810;;
FEMY;16453513;2026-02-23;0.54;0.55;0.52;0.55;0.55;357165;;22232799
FENC;9075862;2026-02-23;8.73;9.12;8.73;8.99;8.99;149150;;28116829
FERG;13511454;2026-02-23;253.65;257.72;249.71;251.31;251.31;1693836;;201940271
FET;124637;2026-02-23;58.31;62.73;57.85;58.60;58.60;546633;;11377958
FF;824527;2026-02-23;4.28;4.94;4.24;4.58;4.58;1351332;;43803243
FFBC;6767551;2026-02-23;30.20;30.44;28.63;28.81;28.81;751944;;104586093
FFIC;7962962;2026-02-23;16.65;16.77;15.79;16.03;16.03;261197;;33778438
FFIE;12444353;2026-02-23;0.47;0.61;0.46;0.53;0.53;66626985;;169307625
FFIN;998435;2026-02-23;33.31;33.45;31.84;31.98;31.98;666591;;143206102
FFIV;60283;2026-02-23;275.82;276.69;268.50;269.52;269.52;563555;;56519273
FFNTF;16786999;2026-02-04;0.00;0.00;0.00;0.00;0.00;3250;;
FFNW;9076024;2026-02-23;22.56;22.56;22.56;22.56;22.56;0;;9227938
FFWM;9075802;2026-02-23;6.32;6.36;5.87;5.97;5.97;857037;;82884401
FG;14159411;2026-02-23;25.61;25.98;23.07;23.32;23.32;955646;;134619537
FGBI;9075974;2026-02-23;9.19;9.21;9.03;9.09;9.09;4149;;15352947
FGEN;781665;2026-01-07;9.23;9.75;9.23;9.71;9.71;31125;;4045445
FGF;15141551;2026-02-23;7.51;7.54;6.70;6.81;6.81;87365;;7914870
FGI;15539317;2026-02-23;5.95;5.95;5.61;5.62;5.62;4129;;1920140
FGMCU;12444477;2026-02-23;10.61;10.61;10.61;10.61;10.61;0;;10404336
FGNV;16318983;2026-02-23;0.01;0.01;0.01;0.01;0.01;0;;50389011
FGP;825012;2021-03-30;0.83;0.89;0.83;0.86;0.86;95566;;97152665
FHB;210774;2026-02-23;26.33;26.49;24.86;25.04;25.04;1236616;;123719585
FHI;821505;2026-02-23;55.88;56.29;53.95;54.68;54.68;669388;;77546867
FHLTU;15296769;2024-05-28;11.15;11.15;11.15;11.15;11.15;0;;5936447
FHN;1234769;2026-02-23;25.24;25.40;24.00;24.10;24.10;6133067;;492394106
FHTX;11819153;2026-02-23;5.73;5.91;5.61;5.75;5.75;80460;;56551289
FI;378146;2026-02-23;60.63;61.43;58.16;58.40;58.40;7490094;;534777512
FIAC;17162794;2024-11-06;2.01;2.01;2.01;2.01;2.01;5897;;7467578
FIBK;6767459;2026-02-23;37.24;37.55;35.55;35.77;35.77;976945;;102890614
FICO;446774;2026-02-23;1335.97;1336.99;1268.00;1281.64;1281.64;259817;;23722134
FIG;19497306;2026-02-23;25.20;25.23;23.45;24.75;24.75;26466469;;489774302
FIGR;19778481;2026-02-23;29.00;30.39;28.37;30.21;30.21;4245543;;213993559
FIGS;11795136;2026-02-23;11.02;11.24;10.68;10.91;10.91;2476006;;164498699
FIHL;17643980;2026-02-23;20.21;20.50;19.98;20.08;20.08;508587;;111730209
FINV;18752875;2026-02-23;5.62;5.72;5.41;5.42;5.42;1155340;;
FINW;12444710;2026-02-23;17.07;17.07;16.39;16.45;16.45;20145;;13586921
FIP;15585618;2026-02-23;5.91;5.95;5.79;5.87;5.87;650487;;116294461
FIS;88558;2026-02-23;48.61;49.06;46.75;47.46;47.46;5935500;;517850764
FISI;9075822;2026-02-23;33.56;33.88;31.70;32.23;32.23;160493;;20130546
FIT;642125;2021-01-14;6.93;6.93;6.93;6.93;6.93;1751;;272468352
FITB;378145;2026-02-23;53.60;53.89;50.23;50.71;50.71;8196986;;661011769
FIVE;902627;2026-02-23;218.73;220.33;209.45;219.29;219.29;927961;;55157085
FIVN;901361;2026-02-23;18.86;18.90;17.65;17.74;17.74;5550101;;76495680
FIX;1014353;2026-02-23;1463.00;1465.49;1387.54;1413.57;1413.57;728599;;35174967
FIXX;9076087;2024-03-25;0.92;0.97;0.90;0.93;0.93;400555;;3232225
FIZZ;199147;2026-02-23;36.82;37.63;36.51;37.34;37.34;210534;;93632102
FKWL;286530;2025-11-07;5.02;5.04;4.98;5.04;5.04;8587;;11784280
FKYS;12444425;2026-02-23;19.51;19.51;19.51;19.51;19.51;0;;6246157
FL;47224;2026-02-23;24.01;24.01;24.01;24.01;24.01;0;;95576110
FLAG;12444745;2026-02-23;27.22;27.22;27.22;27.22;27.22;17;;7167721
FLDM;1253027;2022-04-05;4.05;4.05;3.66;3.71;3.71;526846;;76652000
FLEX;116586;2026-02-23;65.25;65.67;62.47;63.30;63.30;3402436;;367673924
FLFV;14864200;2024-06-21;8.99;8.99;2.03;2.56;2.56;862380;;
FLGC;16633064;2026-02-20;8.69;8.93;8.27;8.31;8.31;37994;;342183
FLGT;1252817;2026-02-23;22.99;23.22;22.68;23.01;23.01;194322;;30912392
FLIC;9075854;2026-02-23;11.87;11.87;11.87;11.87;11.87;0;;22679517
FLIR;367930;2021-05-14;57.34;57.34;57.34;57.34;57.34;6;;131932461
FLJ;18199819;2024-05-29;0.77;0.90;0.71;0.82;0.82;527869;;2837892046400
FLL;10656578;2026-02-23;2.26;2.26;2.15;2.24;2.24;246522;;36121498
FLLC;667668;2020-03-06;9.95;9.95;9.95;9.95;9.95;0;;86264000
FLME;16682816;2024-02-14;12.23;12.23;11.70;12.10;12.10;94373;;35937500
FLNC;1329471;2026-02-23;16.20;16.46;15.49;16.07;16.07;6031817;;132436078
FLNG;17643982;2026-02-23;27.46;27.78;27.30;27.70;27.70;583113;;54087768
FLNT;9076084;2026-02-23;3.26;3.59;3.26;3.30;3.30;16044;;30287597
FLO;531177;2026-02-23;9.96;10.31;9.91;10.13;10.13;4579330;;211178225
FLOC;18580658;2026-02-23;23.44;24.12;22.53;22.61;22.61;406943;;89654943
FLOW;918101;2026-02-20;36.76;36.91;36.76;36.91;36.91;460;;41971004
FLR;378148;2026-02-23;53.35;53.42;50.25;51.63;51.63;4001850;;146564673
FLS;378147;2026-02-23;88.51;90.00;87.67;88.34;88.34;826846;;127260329
FLT;740486;2024-03-22;306.40;306.52;303.20;303.26;303.26;334906;;71853599
FLUG;362943;2018-01-17;0.19;0.19;0.19;0.19;0.19;1000;;38387227
FLUT;15539321;2026-02-23;120.05;120.80;114.93;115.42;115.42;2783155;;178035332
FLUX;13730832;2026-02-23;1.51;1.51;1.36;1.40;1.40;380189;;21340135
FLWS;247341;2026-02-23;3.25;3.27;3.13;3.23;3.23;325920;;63666915
FLXN;9076343;2026-02-23;25.70;25.70;25.65;25.68;25.68;1235;;50265000
FLXS;248318;2026-02-23;53.10;53.96;51.58;52.70;52.70;32707;;5345510
FLYW;1326823;2026-02-23;11.06;11.17;10.60;10.64;10.64;1855172;;120253612
FMAO;939566;2026-02-23;27.80;27.80;25.98;26.74;26.74;31320;;13749944
FMBH;743187;2026-02-23;43.56;43.81;41.87;42.08;42.08;106516;;22220438
FMBI;1143185;2022-03-11;21.51;21.51;21.51;21.51;21.51;1;;112898000
FMBM;15585616;2026-02-23;31.60;31.60;30.60;31.59;31.59;2092;;3520434
FMC;378149;2026-02-23;14.48;14.54;13.39;13.66;13.66;2774584;;124920067
FMCB;11795230;2026-02-23;1200.00;1200.01;1200.00;1200.00;1200.00;74;;720365
FMCC;815910;2026-02-23;7.27;7.30;6.80;6.86;6.86;1817954;;650059553
FMFG;15071400;2026-02-23;19.03;19.03;19.03;19.03;19.03;0;;3202935
FMIV;12444271;2023-07-14;10.35;10.37;10.35;10.36;10.36;813;;8400377
FMNB;7962852;2026-02-23;13.54;13.70;13.04;13.09;13.09;428765;;37653183
FMSA;645665;2018-06-01;5.63;5.63;5.63;5.63;5.63;0;;45023461
FMX;18773575;2026-02-23;113.20;113.90;110.00;111.40;111.40;340419;;2058976447
FN;6767421;2026-02-23;540.02;577.09;540.02;576.71;576.71;785676;;35826117
FNA;10384233;2026-02-23;13.09;13.09;13.09;13.09;13.09;0;;83894974
FNB;446814;2026-02-23;18.32;18.38;17.29;17.44;17.44;9655501;;358136583
FNCB;12444423;2024-07-01;6.75;6.75;6.75;6.75;6.75;0;;19795670
FNCH;15464867;2026-02-23;12.89;12.89;12.89;12.89;12.89;157;;1605763
FND;693510;2026-02-23;68.76;68.87;65.36;68.34;68.34;3049153;;107875310
FNF;1249831;2026-02-23;52.13;52.68;50.95;51.03;51.03;2512771;;281154091
FNGR;13626513;2026-02-23;1.12;1.13;1.11;1.11;1.11;62002;;61281308
FNHC;1322470;2022-12-13;0.01;0.01;0.01;0.01;0.01;17312;;17462000
FNJN;679470;2020-07-24;1.54;1.54;1.54;1.54;1.54;0;;27703002
FNKO;694474;2026-02-23;4.98;5.18;4.77;4.85;4.85;1641400;;55390828
FNLC;9075794;2026-02-23;28.96;28.96;27.64;27.68;27.68;14677;;11219320
FNMA;10656456;2026-02-23;8.04;8.13;7.53;7.65;7.65;3719419;;1158087567
FNRN;12444646;2026-02-23;14.70;14.70;14.60;14.65;14.65;17112;;15724784
FNSR;198959;2019-09-24;23.77;23.77;23.77;23.77;23.77;0;;120108027
FNVT;13511396;2026-02-23;11.62;11.62;11.62;11.62;11.62;0;;9085832
FNWB;9076010;2026-02-23;10.10;10.15;9.85;9.85;9.85;30252;;9418309
FNWD;12444381;2026-02-23;36.98;37.02;35.20;35.20;35.20;5209;;4327000
FOA;12444405;2026-02-23;20.59;20.59;18.37;19.07;19.07;145581;;7891360
FOCS;6767419;2023-08-31;52.99;52.99;52.99;52.99;52.99;0;;65883284
FOE;350054;2022-04-21;21.97;22.01;21.96;22.01;22.01;1249272;;82719000
FOLD;143587;2026-02-23;14.33;14.37;14.32;14.36;14.36;2171463;;314000712
FONR;512339;2026-02-23;18.57;18.60;18.54;18.59;18.59;26845;;6505283
FOR;627775;2026-02-23;29.76;29.90;29.02;29.52;29.52;139813;;50892080
FORA;18025575;2026-02-23;2.09;2.10;2.08;2.09;2.09;6832;;31072252
FORD;257294;2025-11-14;8.75;9.54;8.56;9.12;9.12;701034;;1718181
FORG;10384213;2023-08-24;23.21;23.21;23.21;23.21;23.21;0;;88757000
FORL;13511326;2026-02-23;11.75;11.75;11.75;11.75;11.75;0;;
FORM;931024;2026-02-23;95.03;97.75;93.99;96.12;96.12;811091;;77917947
FORR;506742;2026-02-23;6.15;6.25;5.52;5.53;5.53;199121;;19003000
FORTY;19124770;2026-02-23;115.00;115.00;115.00;115.00;115.00;421;;15332667
FOSL;419656;2026-02-23;4.62;4.79;4.50;4.77;4.77;605507;;54640589
FOUR;1248148;2026-02-23;58.23;58.97;56.17;57.47;57.47;2375212;;51502825
FOX;885908;2026-02-23;51.88;52.12;50.70;50.85;50.85;2125729;;425396078
FOXF;1057789;2026-02-23;19.46;19.68;18.62;19.03;19.03;445222;;41801357
FOXX;18126557;2026-02-20;4.60;5.46;4.60;5.21;5.21;26115;;7005191
FOX_old;242;2026-02-23;51.88;52.12;50.70;50.85;50.85;2125729;;1856929453
FPAC;11795240;2023-03-10;10.21;10.21;10.21;10.21;10.21;0;;69750000
FPAY;11035567;2026-02-23;0.00;0.00;0.00;0.00;0.00;69147;;21461489
FPH;882941;2026-02-23;5.50;5.51;5.37;5.40;5.40;114013;;147067858
FPI;1249733;2026-02-23;11.98;12.39;11.95;12.30;12.30;1607800;;43537886
FPRX;378616;2021-04-16;38.00;38.00;38.00;38.00;38.00;0;;46572029
FR;949678;2026-02-23;61.95;62.41;61.39;62.00;62.00;1103426;;132524261
FRAF;12444429;2026-02-23;51.42;51.44;50.67;51.25;51.25;39057;;4408901
FRANQ;202677;2021-08-04;0.15;0.15;0.15;0.15;0.15;0;;3032839
FRBK;1169746;2024-08-28;0.00;0.01;0.00;0.01;0.01;57369;;58928000
FRD;543788;2026-02-23;17.96;18.57;17.86;18.43;18.43;29918;;7112182
FRED;51800;2020-06-19;0.01;0.01;0.01;0.01;0.01;307;;35239125
FREE;15091641;2026-02-23;4.87;4.87;4.87;4.87;4.87;0;;43444240
FREQ;1872881;2023-11-03;0.29;0.32;0.28;0.30;0.30;309159;;35800821
FREVS;17685540;2026-02-23;13.12;13.23;12.43;13.11;13.11;4800;;7471344
FREY;17643984;2026-02-23;6.20;6.36;6.04;6.29;6.29;10511654;;139705234
FRG;10384279;2023-08-30;29.88;29.88;29.88;29.88;29.88;0;;37147507
FRGE;15539323;2026-02-23;44.66;44.68;44.56;44.62;44.62;199009;;13756621
FRGI;625539;2023-10-30;8.49;8.49;8.49;8.49;8.49;0;;25110630
FRHC;10383371;2026-02-23;118.26;118.40;111.79;117.76;117.76;258976;;61190535
FRLA;17162845;2026-02-23;11.20;11.20;11.20;11.20;11.20;0;;
FRME;6767583;2026-02-23;42.39;42.55;40.22;40.75;40.75;685363;;57825020
FRMI;19761365;2026-02-23;8.96;9.34;8.75;8.98;8.98;4258474;;614025378
FRO;6767425;2026-02-23;33.93;35.10;33.93;35.09;35.09;2505214;;222622889
FROG;1205634;2026-02-23;38.08;38.15;34.43;34.75;34.75;8194294;;119628931
FRP;710987;2017-07-11;15.95;15.95;15.95;15.95;15.95;0;;27265406
FRPH;7962766;2026-02-23;24.05;24.05;23.66;23.89;23.89;45394;;19115522
FRPT;546551;2026-02-23;72.05;78.94;72.05;78.58;78.58;2356608;;48808337
FRSGU;11818834;2023-03-07;10.14;10.15;10.14;10.14;10.14;4533;;22243955
FRSH;881925;2026-02-23;7.13;7.18;6.80;6.88;6.88;6872330;;17029528
FRST;10656638;2026-02-23;14.03;14.03;13.25;13.35;13.35;76927;;24644385
FRSX;18602767;2026-02-23;0.83;0.89;0.79;0.80;0.80;71695;;72694758
FRT;378144;2026-02-23;108.18;109.65;107.19;109.13;109.13;1061563;;86276033
FRTA;9076209;2022-03-18;24.00;24.00;24.00;24.00;24.00;0;;67000000
FRX_delisted;564852;2014-07-01;99.00;99.00;99.00;99.00;99.00;0;;266669865
FRZA;15585620;2026-02-23;0.20;0.20;0.20;0.20;0.20;0;;15754774
FSBC;10656502;2026-02-23;40.76;41.27;39.19;39.48;39.48;108573;;21367387
FSBW;9075842;2026-02-23;41.62;41.88;40.79;40.79;40.79;16249;;7518462
FSCT;897042;2020-08-17;28.99;28.99;28.99;28.99;28.99;0;;49712035
FSFG;9076038;2026-02-02;33.98;33.98;33.98;33.98;33.98;0;;7015080
FSI;16682766;2026-02-23;5.33;5.41;5.25;5.28;5.28;33432;;12450532
FSII;1841923;2021-12-23;10.05;10.16;9.69;9.80;9.80;289188;;
FSK;10383338;2026-02-23;12.80;13.01;12.74;12.84;12.84;2715322;;280066433
FSLR;260908;2026-02-23;242.50;247.00;239.67;242.15;242.15;1668091;;107308141
FSLY;996256;2026-02-23;17.54;17.74;16.61;17.00;17.00;17766407;;149400000
FSNB;12442282;2026-02-23;10.49;10.49;10.49;10.49;10.49;0;;62500000
FSP;949683;2026-02-23;0.76;0.80;0.76;0.76;0.76;462905;;103690340
FSR;3307749;2018-04-11;209.01;209.01;209.01;209.01;209.01;0;;
FSRX;12444351;2023-12-07;10.34;10.34;10.34;10.34;10.34;372;;27170668
FSS;968229;2026-02-23;118.00;118.74;115.33;115.62;115.62;425177;;60808577
FSTR;9075984;2026-02-23;31.29;31.29;30.11;30.15;30.15;24767;;10393009
FSTX;10656668;2023-03-09;7.12;7.12;7.12;7.12;7.12;0;;21856193
FSUN;14864228;2026-02-23;39.57;39.90;36.66;37.14;37.14;124053;;27879811
FTAI;11794988;2026-02-23;288.31;293.81;281.21;284.23;284.23;1119932;;102572925
FTCH;1242699;2023-12-19;0.64;0.64;0.64;0.64;0.64;0;;390772558
FTCI;10656540;2026-02-23;8.16;8.16;6.70;7.39;7.39;258905;;14940407
FTCO;12444261;2026-02-23;5.38;5.39;5.26;5.33;5.33;61610;;24375209
FTDR;952705;2026-02-23;56.30;56.30;53.77;54.99;54.99;682256;;72113199
FTEK;144208;2026-02-23;1.42;1.46;1.34;1.34;1.34;164062;;31074438
FTHM;15287368;2026-02-23;0.98;0.99;0.93;0.95;0.95;134089;;32390959
FTI;637893;2026-02-23;63.39;64.99;63.15;64.25;64.25;4617192;;400044930
FTII;12444301;2026-02-23;12.02;12.02;12.02;12.02;12.02;0;;4289961
FTI_old;378150;2026-02-23;63.39;64.99;63.15;64.25;64.25;4617192;;303343524
FTK;1145423;2026-02-23;16.62;16.62;15.80;16.21;16.21;208442;;30057823
FTLF;1340516;2026-02-23;15.19;15.20;14.55;15.09;15.09;24904;;9391072
FTNT;130256;2026-02-23;78.42;79.48;74.66;75.60;75.60;8320806;;743648102
FTPAU;11817896;2023-03-15;10.12;10.12;10.11;10.12;10.12;2007;;
FTRE;15112463;2026-02-23;10.91;10.91;10.32;10.84;10.84;1705743;;92400000
FTV;378151;2026-02-23;58.10;58.53;56.49;57.18;57.18;3530228;;317611636
FUBO;11819690;2026-02-23;1.23;1.24;1.18;1.18;1.18;15454341;;1290634529
FUEL;63100;2017-09-11;2.60;2.60;2.60;2.60;2.60;0;;46993632
FUL;256748;2026-02-23;65.52;66.10;64.15;65.67;65.67;272689;;54311782
FULC;12442272;2026-02-23;11.08;11.39;10.57;10.89;10.89;1121079;;54118438
FULT;1234770;2026-02-23;22.32;22.45;21.03;21.26;21.26;2421483;;180593797
FUN;11795018;2026-02-23;18.00;18.04;16.20;16.60;16.60;1730253;;51252360
FUNC;9076046;2026-02-23;37.50;37.50;35.02;35.12;35.12;17559;;6496908
FURY;18683989;2026-02-23;0.76;0.78;0.72;0.74;0.74;899886;;151556273
FUSB;15141549;2026-02-23;15.13;15.13;15.00;15.00;15.00;3969;;5766888
FUSN;15296767;2024-06-04;21.55;21.55;21.55;21.55;21.55;0;;85059965
FUST;13511322;2026-02-23;0.12;0.12;0.12;0.12;0.12;0;;13297143
FUTU;18728562;2026-02-23;155.88;156.05;146.21;146.75;146.75;1700523;;1113120645
FUV;13774414;2024-04-30;0.40;0.43;0.38;0.38;0.38;116027;;9451015
FVAM;12444517;2022-10-17;10.13;10.13;10.00;10.00;10.00;519323;;10663352
FVCB;12444277;2026-02-23;15.92;17.94;15.42;15.55;15.55;45835;;18074814
FVE;10656750;2023-03-20;1.32;1.32;1.32;1.32;1.32;0;;31662000
FVRR;18290033;2026-02-23;11.55;11.55;10.63;10.65;10.65;2185635;;35844114
FWAC;15394202;2025-05-22;3.94;4.09;3.81;3.91;3.91;25521;;42400000
FWAV;16532280;2026-02-23;0.01;0.01;0.01;0.01;0.01;1412426;;390687459
FWRD;1801460;2026-02-23;27.80;27.80;25.02;25.28;25.28;966532;;31248234
FWRG;11795174;2026-02-23;15.81;15.89;15.29;15.50;15.50;1594354;;61032105
FXLV;11034159;2026-02-23;0.03;0.03;0.03;0.03;0.03;100;;97100453
FXNC;18081191;2026-02-23;27.70;28.50;26.60;26.70;26.70;65234;;8970321
FYBR;388949;2026-01-20;38.49;38.49;38.49;38.49;38.49;0;;250338000
G;446906;2026-02-23;38.51;38.67;37.47;37.54;37.54;2117701;;172414423
GABC;7962624;2026-02-23;43.47;43.69;41.75;41.99;41.99;114850;;37491797
GAIA;1291281;2026-02-23;3.20;3.21;3.04;3.09;3.09;134674;;25109325
GAIN;10656466;2026-02-23;13.82;13.94;13.75;13.83;13.83;177085;;39821967
GALT;10656744;2026-02-23;2.97;3.08;2.91;3.03;3.03;107796;;64472792
GAMB;17643986;2026-02-23;4.32;4.32;4.11;4.12;4.12;418693;;34762899
GAMCU;15204646;2024-08-13;11.61;15.69;8.78;8.78;8.78;17039;;9287981
GAME;16867991;2026-02-23;0.30;0.31;0.28;0.28;0.28;1666169;;38913565
GAMZ;847387;2019-02-28;0.00;0.00;0.00;0.00;0.00;360;;58180130
GAN;15112465;2026-02-23;1.97;1.97;1.97;1.97;1.97;0;;46460423
GANX;15539327;2026-02-23;1.95;2.10;1.94;2.09;2.09;586500;;26525068
GATEU;12444387;2026-02-23;30.28;30.28;30.28;30.28;30.28;0;;1010391
GATO;11817105;2025-01-16;14.40;14.40;14.40;14.40;14.40;0;;69376647
GATX;1234771;2026-02-23;198.69;199.00;193.80;195.99;195.99;256978;;35500000
GAU;18557143;2026-02-23;3.11;3.23;3.09;3.12;3.12;4562928;;
GB;19154083;2025-08-15;7.48;7.50;7.48;7.49;7.49;42877;;199366170
GBBK;17429327;2026-02-23;11.50;11.50;11.50;11.50;11.50;0;;5508353
GBCI;1059909;2026-02-23;50.28;50.92;47.66;47.70;47.70;939951;;129941364
GBDC;10383985;2026-02-23;12.15;12.32;12.09;12.14;12.14;3450491;;263228181
GBIO;11818654;2026-02-09;5.34;5.34;5.34;5.34;5.34;0;;6737899
GBLI;7962894;2026-02-23;28.32;28.32;28.11;28.11;28.11;10120;;13687842
GBNY;16532282;2026-02-23;14.74;14.80;14.74;14.76;14.76;7006;;2241801
GBT;687412;2022-11-02;68.49;68.49;68.49;68.49;68.49;74;;65594792
GBTG;15112467;2026-02-23;5.33;5.35;4.96;4.97;4.97;1540288;;523526133
GBX;87143;2026-02-23;58.79;58.79;57.46;58.24;58.24;241192;;30886163
GCBC;7962976;2026-02-23;22.58;22.58;22.09;22.09;22.09;9942;;17026828
GCI;651516;2019-11-19;9.70;9.74;9.65;9.67;9.67;6838386;;60481117
GCMG;11795088;2026-02-23;11.72;11.72;11.36;11.47;11.47;633427;;202476790
GCO;51883;2026-02-23;29.25;29.59;26.31;26.38;26.38;327307;;10792736
GCP;9076351;2022-10-06;32.01;32.01;32.01;32.01;32.01;0;;74000000
GCT;15585626;2026-02-23;35.00;35.22;33.60;33.82;33.82;497953;;40684546
GD;234391;2026-02-23;352.35;354.00;348.29;348.98;348.98;858680;;270389759
GDDY;647209;2026-02-23;89.01;89.49;86.78;87.76;87.76;2216468;;135141594
GDEN;6767711;2026-02-23;29.10;29.41;28.98;29.12;29.12;352682;;26173985
GDHG;18202176;2026-02-20;1.93;2.20;1.85;2.20;2.20;15095;;2532095
GDI;668481;2021-10-04;50.97;51.36;50.54;50.74;50.74;1620574;;49207850
GDNSF;2265771;2026-02-23;0.49;0.49;0.48;0.48;0.48;34733;;339336633
GDOT;786096;2026-02-23;12.02;12.02;11.54;11.55;11.55;576173;;55422413
GDP;9076277;2021-12-31;23.02;23.02;23.02;23.02;23.02;0;;13641000
GDRX;1243191;2026-02-23;2.44;2.44;2.26;2.27;2.27;2551852;;339433019
GDS;1333028;2026-02-23;44.50;44.58;42.86;43.13;43.13;1756842;;1555180903
GDYN;11795206;2026-02-23;6.71;6.71;6.11;6.16;6.16;1221292;;84769058
GE;244314;2026-02-23;342.15;343.28;337.00;338.99;338.99;5034941;;1048813612
GECC;14159413;2026-02-23;6.45;6.51;6.22;6.27;6.27;68885;;11568378
GEF;998535;2026-02-23;72.95;74.29;72.17;73.43;73.43;177271;;46286015
GEG;11034375;2026-02-23;2.05;2.15;2.05;2.06;2.06;4514;;32744553
GEHC;6475602;2026-02-23;83.92;84.71;82.59;83.86;83.86;2925137;;455749767
GEL;767446;2026-02-23;17.72;18.14;17.63;18.04;18.04;285779;;122464318
GEN;427444;2026-02-20;22.32;22.92;22.07;22.35;22.35;5443700;;605663774
GENC;543904;2026-02-23;15.63;15.63;15.07;15.17;15.17;40227;;14657702
GENI;18544068;2026-02-23;6.09;6.13;5.71;5.73;5.73;5005630;;18500000
GENK;14864202;2026-02-23;1.74;1.75;1.70;1.71;1.71;17898;;32942285
GEO;365061;2026-02-23;13.08;13.37;12.79;13.31;13.31;3292302;;139197249
GEOS;357500;2026-02-23;9.22;9.43;8.90;9.25;9.25;308691;;12887918
GEPC;665991;2022-12-22;0.00;0.00;0.00;0.00;0.00;3000;;156109790
GERN;793173;2026-02-23;1.84;1.90;1.72;1.77;1.77;25841906;;638355275
GES;181484;2026-01-22;16.88;16.90;16.78;16.81;16.81;9046158;;52151599
GETR;13511376;2026-02-23;0.00;0.00;0.00;0.00;0.00;373;;97197681
GETY;1801463;2026-02-23;0.99;1.01;0.67;0.68;0.68;53725138;;415860181
GEVI;16239117;2025-12-03;7.80;7.80;7.12;7.70;7.70;5828;;6051568
GEVO;1059126;2026-02-23;1.85;1.86;1.79;1.81;1.81;1821007;;242308806
GFF;358146;2026-02-23;88.96;89.00;85.61;86.59;86.59;224145;;46579173
GFGY;12444465;2026-02-23;3506.00;3506.00;3506.00;3506.00;3506.00;0;;30606
GFI;18645647;2026-02-23;55.41;57.05;55.26;56.98;56.98;2694723;;895024247
GFL;18382374;2026-02-23;42.62;42.79;41.82;42.26;42.26;1093128;;346110312
GFOR;11820195;2025-07-25;0.19;0.19;0.19;0.19;0.19;0;;44947588
GFS;18580660;2026-02-23;45.78;46.62;45.57;46.16;46.16;2202434;;552912823
GFX;12444367;2023-08-24;10.23;10.23;10.23;10.23;10.23;5411;;12833579
GGAL;18815845;2026-02-23;49.03;49.69;47.97;48.41;48.41;1166521;;281221650
GGB;18544064;2026-02-20;4.11;4.19;4.10;4.17;4.17;15414521;;719956830
GGG;103052;2026-02-23;93.00;93.70;91.81;92.87;92.87;922882;;165338302
GGP;442374;2018-08-28;22.06;22.06;22.06;22.06;22.06;0;;162323967
GGP_old;378155;2018-08-28;22.06;22.06;22.06;22.06;22.06;0;;317392132
GGROU;15204648;2026-02-23;5.00;5.00;5.00;5.00;5.00;0;;15490480
GH;882847;2026-02-23;101.66;103.58;93.79;94.42;94.42;3245559;;131170441
GHC;716648;2026-02-23;1099.00;1099.00;1054.12;1069.64;1069.64;16076;;4362423
GHDX;776327;2019-11-08;63.44;63.44;63.44;63.44;63.44;0;;37587598
GHG;18905016;2026-02-23;1.39;1.39;1.36;1.36;1.36;6621;;101524491
GHIX;15296771;2026-02-23;10.18;10.18;10.18;10.18;10.18;0;;19154977
GHL;9075994;2023-11-30;15.00;15.00;14.99;14.99;14.99;865883;;18802352
GHLD;11795282;2026-02-23;20.01;20.01;20.01;20.01;20.01;0;;62275102
GHM;9075968;2026-02-23;80.41;80.41;76.65;77.55;77.55;78607;;11072780
GHML;445621;2017-06-12;0.45;0.45;0.45;0.45;0.45;0;;34206313
GHRS;18382376;2026-02-23;15.50;15.93;15.13;15.42;15.42;98827;;52028145
GIA;10656740;2026-01-27;6.00;6.60;5.70;6.50;6.50;127990;;11902198
GIC;17643988;2026-02-23;31.98;31.98;30.85;30.92;30.92;90156;;
GIDYL;146177;2020-10-07;0.00;0.00;0.00;0.00;0.00;0;;88093659
GIFI;15042559;2026-02-23;12.00;12.00;12.00;12.00;12.00;0;;15998611
GIG;12444365;2026-02-23;10.64;10.64;10.59;10.62;10.62;13083;;436551228
GIII;183672;2026-02-23;31.64;31.75;30.03;30.60;30.60;531773;;42189287
GILD;239284;2026-02-23;148.93;152.46;148.38;149.83;149.83;5969862;;1240679623
GILT;18645645;2026-02-23;14.60;14.64;14.03;14.36;14.36;564848;;57017032
GIMO;252563;2017-12-27;38.50;38.50;38.50;38.50;38.50;0;;37328845
GIS;78526;2026-02-23;44.01;45.66;43.92;45.38;45.38;6838361;;533582081
GKIN;13643368;2026-02-23;0.00;0.00;0.00;0.00;0.00;0;;47994825
GKOS;6767497;2026-02-23;119.12;120.74;118.22;120.41;120.41;665667;;57434740
GL;378226;2026-02-23;142.87;145.87;142.13;142.65;142.65;532291;;79605800
GLAD;10656504;2026-02-23;18.36;18.50;18.10;18.10;18.10;183342;;22593069
GLASF;18609022;2026-02-23;7.55;8.01;7.41;7.84;7.84;103681;;
GLBE;18645649;2026-02-23;36.18;36.62;34.04;34.68;34.68;2044371;;169131268
GLBZ;15394192;2026-02-23;4.57;4.58;4.40;4.46;4.46;33535;;2919695
GLDD;7962880;2026-02-23;16.89;16.92;16.87;16.87;16.87;1094606;;67999305
GLG;12444455;2023-10-27;0.07;0.07;0.06;0.06;0.06;9472583;;28009026
GLGI;178127;2026-02-23;0.32;0.32;0.32;0.32;0.32;0;;27270271
GLLI;16682768;2026-02-23;3.00;3.00;3.00;3.00;3.00;0;;3517601
GLNG;1333934;2026-02-23;45.75;46.23;45.12;45.41;45.41;1378428;;104534703
GLOB;18418654;2026-02-23;44.94;45.77;41.45;41.56;41.56;1452530;;44029319
GLOP;18544066;2023-07-12;8.64;8.64;8.63;8.63;8.63;1006421;;51687865
GLP;861498;2026-02-23;48.39;48.73;47.41;48.73;48.73;36847;;33995563
GLPG;18645643;2026-02-23;33.76;34.06;33.40;33.87;33.87;72754;;65897071
GLPI;447206;2026-02-23;47.18;48.01;47.17;47.86;47.86;3256435;;283221841
GLRE;7962916;2026-02-23;14.15;14.22;13.95;14.03;14.03;75972;;34099226
GLRP;998463;2023-02-09;0.00;0.00;0.00;0.00;0.00;0;;32385089
GLSI;12444317;2026-02-23;23.54;24.15;21.64;22.70;22.70;158195;;13144653
GLST;15204644;2026-02-23;2.95;2.95;2.95;2.95;2.95;0;;
GLT;10656628;2026-02-23;21.05;21.05;21.05;21.05;21.05;0;;35900000
GLTO;15042561;2026-02-23;29.61;30.68;28.87;29.78;29.78;262120;;1327212
GLUE;11819716;2026-02-23;19.20;20.24;18.98;19.51;19.51;716039;;65117761
GLUU;85988;2021-04-29;12.50;12.50;12.50;12.50;12.50;0;;174821822
GLW;261761;2026-02-23;142.10;148.70;141.01;145.25;145.25;18533138;;857948109
GLXY;19288450;2026-02-23;20.63;20.79;20.04;20.34;20.34;3988500;;390610330
GLXZ;15464869;2026-02-23;1.80;1.81;1.76;1.76;1.76;220919;;25334216
GLYC;790345;2026-02-23;15.70;15.70;0.16;0.16;0.16;0;;13892516
GM;125620;2026-02-23;81.07;81.53;78.44;79.66;79.66;7482795;;903967853
GMAB;18245365;2026-02-23;28.43;29.28;28.42;29.27;29.27;2180652;;66187186
GMAN;198131;2020-11-06;77.12;77.95;77.12;77.92;77.92;1663;;19722993
GMDA;15585624;2024-05-03;0.01;0.02;0.01;0.01;0.01;858203;;154050953
GME;44534;2026-02-23;23.24;23.70;22.79;23.64;23.64;5632837;;448009480
GMED;617302;2026-02-23;90.44;93.53;90.44;93.40;93.40;1703876;;133839166
GMFI;12444383;2024-07-01;11.04;11.04;11.04;11.04;11.04;0;;4577285
GMGI;13643364;2026-02-23;0.57;0.57;0.51;0.51;0.51;200345;;
GMHI;2016708;2025-12-23;0.18;0.21;0.17;0.19;0.19;37501178;;77859074
GMII;11795036;2025-11-21;0.17;0.17;0.13;0.13;0.13;39439735;;13308481
GMRE;998353;2026-02-20;36.20;36.43;35.67;35.98;35.98;72688;;13407358
GMS;6767481;2025-09-04;109.96;109.96;109.96;109.96;109.96;584;;38169712
GMTX;15337159;2026-02-23;61.98;64.16;61.55;64.00;64.00;1162804;;37750162
GNE;10656476;2026-02-23;14.07;14.23;13.93;14.06;14.06;59551;;26494954
GNK;2416221;2026-02-23;23.66;24.10;23.19;23.63;23.63;874901;;43317810
GNL;949685;2026-02-23;9.76;9.86;9.69;9.72;9.72;1501855;;219231945
GNLX;18081193;2026-02-23;2.63;2.70;2.59;2.70;2.70;78573;;34538185
GNPX;11034792;2026-02-23;1.92;2.42;1.84;2.27;2.27;9154045;;2270346
GNRC;1048511;2026-02-23;227.09;228.60;220.70;227.45;227.45;1150800;;58675827
GNSS;10656720;2026-02-23;2.03;2.05;1.87;1.88;1.88;264514;;45212311
GNTA;18650364;2026-02-23;1.00;1.05;0.95;1.01;1.01;197640;;18216958
GNTX;327200;2026-02-23;23.87;23.87;23.29;23.57;23.57;1293594;;218942919
GNTY;9075772;2025-09-30;49.47;49.47;47.95;48.75;48.75;168809;;11347666
GNW;527413;2026-02-23;8.73;8.83;8.30;8.30;8.30;4758179;;399380567
GO;998534;2026-02-23;10.30;10.34;9.87;9.98;9.98;2004312;;98137230
GOCO;1340517;2026-02-23;1.60;1.63;1.38;1.40;1.40;89651;;28714000
GODN;17849260;2025-01-24;8.14;9.00;2.57;2.91;2.91;734689;;4534021
GOED;10656698;2026-02-23;0.00;0.00;0.00;0.00;0.00;0;;2127747
GOEV;1104613;2026-02-23;0.37;0.37;0.37;0.37;0.37;0;;4839062
GOGL;17643990;2026-02-23;7.98;7.98;7.98;7.98;7.98;0;;199403293
GOGO;6767581;2026-02-23;4.40;4.44;4.26;4.32;4.32;1269864;;133854342
GOL;1245424;2024-01-26;2.72;2.72;2.72;2.72;2.72;0;;2863682500
GOLF;370220;2026-02-23;102.28;103.51;98.63;100.39;100.39;321708;;58661329
GOOD;106972;2026-02-23;12.50;12.97;12.49;12.74;12.74;805367;;48401155
GOOG;18;2026-02-23;319.14;319.45;309.99;311.69;311.69;17571178;;12581000000
GORO;9076056;2026-02-23;1.65;1.70;1.56;1.59;1.59;3666450;;161765685
GOSS;10656692;2026-02-23;0.60;0.60;0.33;0.42;0.42;270786250;;231456247
GOTU;18760741;2026-02-23;2.17;2.17;2.09;2.10;2.10;371764;;168623225
GOVX;11035577;2026-02-23;1.52;1.64;1.49;1.63;1.63;55694;;1188214
GP;19242683;2026-02-23;1.08;1.11;1.08;1.10;1.10;30281;;2499116
GPAC;15287370;2026-02-23;9.92;9.92;9.92;9.92;9.92;0;;47936140
GPC;115285;2026-02-23;117.28;118.15;115.73;116.16;116.16;1506319;;137622108
GPCR;15042577;2026-02-23;67.78;68.26;66.16;67.12;67.12;793184;;182032920
GPI;6767431;2026-02-23;342.54;343.23;327.00;332.92;332.92;144290;;11925199
GPJA;11819942;2026-02-23;23.52;23.52;23.35;23.43;23.43;19152;;1101104843
GPK;6480946;2026-02-23;12.30;12.55;11.79;12.10;12.10;6178444;;295123112
GPN;182201;2026-02-23;81.06;81.60;79.32;79.49;79.49;5810867;;279901327
GPOR;785453;2026-02-23;201.70;206.00;194.25;198.00;198.00;421605;;17727799
GPP;11818561;2024-01-09;12.31;12.31;12.31;12.31;12.31;0;;23227000
GPRE;627777;2026-02-23;14.02;14.43;13.54;13.84;13.84;1106753;;69838844
GPRK;18692746;2026-02-23;8.59;8.68;8.33;8.33;8.33;786360;;51247287
GPRO;114240;2026-02-23;0.80;0.84;0.78;0.80;0.80;2169840;;159728275
GPS;250974;2024-08-21;24.50;24.65;23.77;24.55;24.55;7167556;;375066614
GPT;630304;2026-02-23;31.87;31.87;31.87;31.87;31.87;209;;160795797
GPX;9076229;2021-10-14;20.86;20.86;20.84;20.85;20.85;396192;;17453000
GRA;127797;2021-09-22;69.99;69.99;69.99;69.99;69.99;0;;66251602
GRAB;18556738;2026-02-23;4.33;4.38;4.13;4.18;4.18;33231226;;3950498976
GRAY;12444401;2026-02-23;0.53;0.58;0.53;0.56;0.56;318127;;13972177
GRBK;6767567;2026-02-23;79.13;79.13;76.22;77.86;77.86;159532;;43565098
GRC;122864;2026-02-23;65.67;65.89;63.76;64.52;64.52;109697;;26312842
GRFS;18722878;2026-02-23;9.29;9.31;8.94;9.07;9.07;452653;;426129798
GRIL;11034881;2026-02-23;2.22;2.32;2.22;2.25;2.25;11618;;1292080
GRMM;647541;2024-10-24;0.00;0.00;0.00;0.00;0.00;2752;;9021617
GRMN;388839;2026-02-23;247.00;250.19;245.79;247.10;247.10;879032;;192480830
GRND;15071402;2026-02-23;11.17;11.57;11.12;11.26;11.26;2062127;;184734121
GRNQ;16682770;2026-02-23;1.70;1.75;1.62;1.62;1.62;8139;;7575813
GRNT;15042563;2026-02-23;5.24;5.28;5.12;5.13;5.13;477061;;131251278
GROV;15296773;2026-02-23;1.53;1.53;1.41;1.43;1.43;24045;;41387655
GROW;11034665;2026-02-23;3.29;3.37;3.25;3.32;3.32;26364;;10484211
GROY;18589400;2026-02-23;4.50;4.61;4.37;4.45;4.45;3196626;;170205124
GRPH;1253293;2019-03-07;0.00;0.00;0.00;0.00;0.00;435164;;
GRPN;639037;2026-02-23;12.91;13.00;11.85;12.16;12.16;924474;;40754803
GRRR;18905014;2026-02-23;11.12;11.23;10.80;10.87;10.87;402112;;18058135
GRSVU;11794938;2021-08-04;11.39;11.39;11.39;11.39;11.39;100;;
GRTS;10656608;2026-02-23;0.03;0.03;0.03;0.03;0.03;0;;118109074
GRTX;12444349;2026-02-23;0.03;0.04;0.03;0.03;0.03;60923;;75462390
GRUB;433759;2021-06-11;60.83;61.53;60.10;61.05;61.05;9872872;;93347973
GRVI;11033890;2026-02-23;0.61;0.61;0.55;0.57;0.57;4310179;;69760581
GRVY;18073604;2026-02-23;64.05;64.13;62.00;63.51;63.51;42273;;6948900
GRWG;1039023;2026-02-23;1.10;1.11;1.07;1.08;1.08;279942;;59843443
GS;60439;2026-02-23;918.50;932.00;883.75;892.31;892.31;2531463;;299928511
GSAT;1242004;2026-02-23;60.00;61.50;59.30;60.79;60.79;542904;;126838414
GSBC;7962736;2026-02-23;64.51;64.51;61.40;61.82;61.82;74144;;11189262
GSBD;10384241;2026-02-23;9.08;9.20;9.05;9.07;9.07;1729291;;114113096
GSD;12444337;2024-01-26;11.11;11.11;11.11;11.11;11.11;2;;919524
GSEG;654541;2018-07-10;1.01;1.01;1.01;1.01;1.01;100;;63503346
GSHD;986860;2026-02-23;44.00;47.31;44.00;45.82;45.82;1139165;;36588779
GSHN;11794924;2023-05-12;22.70;22.70;22.70;22.70;22.70;0;;410618750
GSIT;48159;2026-02-23;6.50;6.59;6.30;6.45;6.45;312059;;36186203
GSK;18452182;2026-02-23;59.27;59.71;59.02;59.26;59.26;6849128;;4314303734
GSKY;11795034;2022-03-29;10.23;10.30;10.09;10.20;10.20;5321465;;75670931
GSL;18567606;2026-02-23;40.19;40.34;39.30;39.48;39.48;416556;;35447370
GSM;18802689;2026-02-23;4.97;5.09;4.89;4.92;4.92;989929;;186625871
GSMG;15141543;2024-09-09;2.38;2.38;2.29;2.32;2.32;2139;;10070012
GSRMU;11817409;2023-06-30;4.53;4.85;3.88;3.88;3.88;2326;;31625000
GT;378156;2026-02-23;8.93;8.93;8.71;8.72;8.72;4586169;;286247045
GTBIF;2265761;2026-02-23;6.40;6.59;6.20;6.20;6.20;311267;;237208543
GTBP;15539325;2026-02-23;0.46;0.47;0.42;0.45;0.45;1269705;;10636135
GTE;10656596;2026-02-23;6.62;6.80;6.21;6.23;6.23;628083;;35295753
GTES;6481037;2026-02-23;27.48;27.93;27.24;27.74;27.74;2320211;;253855699
GTHX;820499;2024-09-18;7.15;7.15;7.15;7.15;7.15;0;;52758191
GTII;11817221;2026-02-23;0.01;0.01;0.01;0.01;0.01;1084;;369900857
GTIM;13511398;2026-02-23;1.22;1.23;1.19;1.19;1.19;72856;;10557896
GTLB;11794958;2026-02-23;25.75;25.78;23.75;24.03;24.03;11378099;;168400000
GTLS;6480985;2026-02-23;207.16;207.34;207.06;207.21;207.21;1068696;;44952953
GTMAY;16281424;2026-02-23;1.90;2.00;1.90;1.95;1.95;25361;;174553127
GTN;641163;2026-02-23;4.81;4.89;4.58;4.69;4.69;1233486;;102086653
GTS;9076307;2022-01-31;35.75;36.00;35.55;35.99;35.99;631745;;23494415
GTT;100512;2021-07-02;2.36;2.36;2.36;2.36;2.36;16942;;58819538
GTVI;13511346;2026-02-23;6.00;6.00;6.00;6.00;6.00;189;;276898105
GTX;7962780;2026-02-23;18.72;19.28;18.66;19.28;19.28;2009584;;189971052
GTY;949684;2026-02-23;31.91;32.44;31.75;32.32;32.32;788888;;59816531
GUER;16682772;2026-02-23;1.81;1.81;1.81;1.81;1.81;1437;;10123045
GUID;132676;2017-09-14;7.07;7.07;7.07;7.07;7.07;0;;33431000
GURE;11035191;2026-02-23;5.29;5.70;5.29;5.70;5.70;6916;;1382114
GVA;6767593;2026-02-23;135.47;135.77;133.44;134.76;134.76;401564;;43503673
GWB;9076226;2022-02-02;30.88;30.88;30.88;30.88;30.88;0;;55116503
GWGH;734810;2022-04-28;3.00;3.34;2.73;2.89;2.89;125398;;30584719
GWH;12442284;2026-02-23;1.50;1.54;1.39;1.46;1.46;392074;;19617070
GWPH;953793;2021-05-05;218.96;218.96;218.96;218.96;218.96;0;;378535952
GWR;447280;2020-01-02;111.88;111.88;111.88;111.88;111.88;0;;57039750
GWRE;37120;2026-02-23;125.50;127.49;120.74;122.22;122.22;1538365;;83025888
GWRS;761716;2026-02-23;8.91;9.05;8.79;8.88;8.88;31505;;24217410
GWSO;13511328;2026-02-23;0.06;0.35;0.06;0.35;0.35;72905;;16393903
GWW;504823;2026-02-23;1122.69;1130.27;1112.13;1116.75;1116.75;227721;;47373024
GXII;11818907;2023-03-20;6.69;6.69;6.69;6.69;6.69;0;;37500000
GXO;1307827;2026-02-23;65.11;65.11;63.04;63.15;63.15;1048508;;114489437
GXP;447283;2018-06-05;31.99;31.99;31.99;31.99;31.99;0;;215795884
GYRO;16532284;2026-02-23;8.99;8.99;8.99;8.99;8.99;319;;2199308
H;133448;2026-02-23;170.07;170.08;159.02;159.65;159.65;1095065;;94467765
HA;7962866;2024-09-18;18.00;18.00;18.00;18.00;18.00;0;;52009785
HABT;639722;2020-04-02;13.98;13.98;13.98;13.98;13.98;71500;;26127636
HAE;1057790;2026-02-23;61.32;61.52;60.13;61.29;61.29;482545;;46471350
HAFC;7962842;2026-02-23;27.39;27.59;25.87;26.18;26.18;315689;;29955307
HAIAU;16875843;2026-02-23;11.50;11.50;11.50;11.50;11.50;0;;5543110
HAIN;1234772;2026-02-23;0.85;0.86;0.81;0.81;0.81;1704592;;90992740
HAL;378158;2026-02-23;35.04;35.71;34.88;35.24;35.24;10492677;;837548345
HALL;9076155;2026-02-23;0.08;0.08;0.08;0.08;0.08;30;;1818000
HALO;365463;2026-02-23;70.66;71.33;69.80;70.64;70.64;1462412;;118017000
HAPP;16281426;2026-02-23;1.19;1.25;1.18;1.23;1.23;35991;;667247
HAR;378160;2017-03-10;111.50;111.62;111.43;111.50;111.50;1077509;;69893450
HARP;1333937;2024-03-11;23.01;23.01;23.01;23.01;23.01;0;;3696821
HAS;249756;2026-02-23;100.66;101.17;96.89;98.27;98.27;2023057;;140337023
HASI;6767479;2026-02-23;37.29;37.81;37.10;37.56;37.56;738038;;128184572
HAWEL;14159415;2026-02-23;21.04;21.04;21.04;21.04;21.04;0;;172620476
HAYN;358061;2024-11-21;60.99;60.99;60.99;60.99;60.99;0;;12785021
HAYW;11794992;2026-02-23;16.36;16.41;15.72;15.75;15.75;2369997;;216863239
HBAN;378164;2026-02-23;17.97;18.13;17.01;17.08;17.08;24641115;;2029792391
HBB;9075962;2026-02-23;19.85;19.88;19.31;19.51;19.51;12658;;13443152
HBCP;9075828;2026-02-23;61.91;62.10;59.00;59.30;59.30;50464;;7828144
HBI;331419;2026-02-23;6.47;6.47;6.47;6.47;6.47;0;;353802157
HBIA;11795250;2026-02-23;80.55;80.55;80.55;80.55;80.55;2;;8849709
HBIO;9075798;2026-02-23;0.58;0.60;0.56;0.57;0.57;334929;;44579665
HBMD;9076232;2022-02-24;23.30;23.30;23.30;23.30;23.30;2;;18807000
HBNC;7962870;2026-02-23;18.03;18.15;16.80;16.89;16.89;462641;;51217433
HBT;10656432;2026-02-23;28.23;28.23;27.10;27.28;27.28;33217;;31431924
HCA;378161;2026-02-23;535.00;547.05;533.65;535.97;535.97;1409188;;223622200
HCAT;10384315;2026-02-23;1.79;1.80;1.69;1.70;1.70;846123;;70730884
HCC;1253797;2026-02-23;85.00;87.28;84.90;87.05;87.05;744938;0.08;52570156
HCCI;861202;2023-10-17;45.51;45.51;45.51;45.51;45.51;0;;23454000
HCDI;11036157;2024-02-23;0.09;0.09;0.06;0.06;0.06;11949;;1657709
HCHL;19849369;2026-02-23;1.01;1.05;0.88;1.00;1.00;96529;;
HCI;7962862;2026-02-23;155.62;158.41;153.21;153.42;153.42;68493;;10766734
HCKT;7962792;2026-02-23;13.89;13.89;12.76;12.98;12.98;416220;;27130815
HCM;18572447;2026-02-23;15.14;15.22;14.96;15.17;15.17;17267;;871601095
HCMC;15585628;2026-02-23;0.00;0.00;0.00;0.00;0.00;19873283;;481266632384
HCNE;11817473;2023-06-16;10.24;10.24;10.24;10.24;10.24;2;;39531250
HCOM;692076;2025-07-01;14.54;14.54;14.54;14.54;14.54;0;;11667205
HCP;10383336;2025-02-27;34.78;34.78;34.78;34.78;34.78;0;;204447369
HCSG;923327;2026-02-23;20.45;20.82;20.16;20.81;20.81;1142019;;70267582
HCTI;11035922;2026-02-23;5.82;6.00;5.30;5.36;5.36;33171;;121264
HCVI;11816965;2026-02-23;11.40;11.40;11.40;11.40;11.40;0;;14640771
HD;261673;2026-02-23;380.99;384.14;369.58;376.99;376.99;5364773;;995511485
HDB;1253408;2026-02-23;33.22;33.41;32.66;32.69;32.69;4702783;;15304443348
HDP;670518;2019-01-03;14.68;14.68;14.68;14.68;14.68;0;;83585542
HDS;218138;2020-12-24;55.99;55.99;55.99;55.99;55.99;0;;155600000
HDSN;346795;2026-02-23;7.37;7.37;7.02;7.20;7.20;454234;;43598202
HE;1067472;2026-02-23;15.80;15.89;15.30;15.44;15.44;2256497;;172620476
HEAR;817639;2025-01-06;17.64;17.94;17.37;17.47;17.47;156613;;20079323
HEES;6767693;2025-06-02;94.64;94.64;94.64;94.64;94.64;0;;36666584
HEI;250786;2026-02-23;349.01;352.91;345.41;346.27;346.27;644798;;139356563
HELE;91621;2026-02-23;18.41;18.55;17.31;17.39;17.39;487575;;23072103
HEMA;708324;2020-01-03;25.31;25.31;25.31;25.31;25.31;5500;;10331519
HEOL;13643370;2026-02-23;12000.00;12000.00;12000.00;12000.00;12000.00;0;;4752
HEP;967503;2023-12-01;20.45;20.45;20.45;20.45;20.45;0;;126440000
HEPA;11034599;2026-02-23;0.04;0.04;0.04;0.04;0.04;1758;;11620317
HEPS;18866281;2026-02-23;2.69;2.70;2.63;2.66;2.66;124629;;281382906
HES;378163;2025-07-18;148.97;148.97;148.97;148.97;148.97;104703;;309271043
HESM;11794942;2026-02-23;37.96;38.27;37.53;37.98;37.98;1361612;;129392378
HFBL;13774422;2026-02-23;18.75;19.10;18.75;18.99;18.99;6901;;3074637
HFC;684316;2022-03-14;35.23;37.26;35.05;36.39;36.39;4747991;;162551000
HFFG;10656618;2026-02-23;1.50;1.55;1.43;1.53;1.53;207041;;53043832
HFUS;13511422;2026-02-23;4.70;4.72;4.00;4.00;4.00;1570;;25027004
HFWA;7962738;2026-02-23;28.16;28.41;26.72;27.11;27.11;357382;;33956738
HG;14864232;2026-02-23;30.38;31.57;30.38;30.97;30.97;768336;;64537772
HGBL;12444662;2026-02-23;1.34;1.34;1.22;1.29;1.29;165869;;34741553
HGEN;263238;2024-07-12;0.00;0.00;0.00;0.00;0.00;1215;;70670971
HGTY;11794944;2026-02-23;11.70;11.73;11.51;11.58;11.58;73141;;342064049
HGV;6480998;2026-02-23;48.23;48.44;46.04;47.20;47.20;589445;;85543093
HHC;2077095;2026-02-23;74.50;74.50;72.15;72.62;72.62;832528;;10
HHS;11034610;2026-02-23;2.81;2.81;2.80;2.80;2.80;5156;;7414794
HI;361523;2026-02-10;31.98;31.98;31.98;31.98;31.98;0;;70656607
HIBB;515787;2024-07-25;87.49;87.49;87.49;87.49;87.49;0;;11948003
HIG;387752;2026-02-23;142.45;143.62;140.36;140.54;140.54;1693865;;275863220
HII;903401;2026-02-23;432.75;441.89;428.39;438.01;438.01;468933;;39242688
HIL;420734;2023-01-17;3.40;3.40;3.40;3.40;3.40;0;;58073000
HIMS;1297254;2026-02-23;15.79;15.79;15.15;15.51;15.51;35526815;;227648514
HIMX;3307752;2026-02-23;7.50;7.62;7.36;7.61;7.61;1069471;;349826828
HIPO;11817142;2026-02-23;28.39;28.39;27.50;27.83;27.83;191706;;25335179
HIW;949691;2026-02-23;23.24;23.41;22.75;22.91;22.91;933845;;109931096
HKD;18281884;2026-02-23;1.62;1.69;1.61;1.69;1.69;228945;;98535267
HKIT;18807152;2026-02-23;1.99;2.00;1.99;2.00;2.00;3452;;29299364
HL;896570;2026-02-23;24.45;25.20;23.64;23.99;23.99;25099920;;670349801
HLBZ;11035029;2024-02-23;0.01;0.01;0.01;0.01;0.01;1543723;;176
HLF;335043;2026-02-23;20.15;20.40;19.20;19.79;19.79;1901659;;103365565
HLGN;15539331;2026-02-23;1.70;1.70;1.70;1.70;1.70;0;;6129942
HLI;65213;2026-02-23;166.10;166.81;161.88;163.08;163.08;810419;;69786159
HLIO;126033;2026-02-23;74.04;74.08;72.01;72.98;72.98;182348;;33128494
HLIT;6767601;2026-02-23;10.76;10.81;10.05;10.29;10.29;1833815;;112233082
HLLY;11819412;2026-02-23;4.27;4.28;4.11;4.20;4.20;571792;;120509897
HLMN;11795060;2026-02-23;8.88;8.88;8.44;8.54;8.54;1937659;;196590905
HLN;18589402;2026-02-23;11.06;11.21;11.03;11.08;11.08;13768049;;9083725919
HLNE;6481050;2026-02-23;106.33;106.75;98.00;101.13;101.13;1349539;;55775114
HLP;19058888;2026-02-23;1.06;1.09;1.01;1.03;1.03;86777;;73438750
HLT;740329;2026-02-20;311.12;315.97;310.35;315.96;315.96;1283077;;229291615
HLTH;12444622;2019-09-10;0.12;0.12;0.12;0.12;0.12;0;;
HLVX;11795300;2025-09-17;2.09;2.09;2.09;2.09;2.09;0;;50141064
HLX;6767771;2026-02-23;8.95;9.28;8.90;9.07;9.07;1739238;;147080917
HMC;1239537;2026-02-23;30.28;30.43;30.01;30.07;30.07;575427;;4346509571
HMHC;651625;2022-09-08;21.03;21.03;21.03;21.03;21.03;8052;;127674513
HMLP;1249669;2023-01-30;9.24;9.24;9.24;9.24;9.24;0;;33197297
HMMR;13934888;2026-02-23;0.17;0.17;0.17;0.17;0.17;3531;;69057154
HMN;6767655;2026-02-23;43.01;43.60;42.12;42.35;42.35;225796;;40684968
HMNF;15204650;2026-02-23;27.99;27.99;27.99;27.99;27.99;0;;4464952
HMNY;698616;2026-02-23;0.00;0.00;0.00;0.00;0.00;12000;;2001541260
HMPT;10656558;2023-08-01;2.32;2.32;2.32;2.32;2.32;0;;138422000
HMR;19124772;2026-02-23;0.92;0.93;0.90;0.90;0.90;10096;;100
HMST;9076000;2025-08-29;13.53;13.95;13.41;13.87;13.87;292884;;18857566
HMTV;652016;2022-09-13;7.15;7.15;7.15;7.15;7.15;90;;39713000
HMY;17797925;2026-02-23;21.43;22.13;21.41;21.82;21.82;6266251;;632634413
HNGE;19423591;2026-02-23;40.59;40.69;38.37;38.45;38.45;1553368;;
HNGR;626019;2022-10-03;18.72;18.72;18.72;18.72;18.72;0;;39089865
HNI;123823;2026-02-23;49.67;49.67;48.39;49.04;49.04;463161;;45831261
HNNA;366890;2026-02-23;9.96;9.96;9.86;9.86;9.86;3832;;7892177
HNRA;17163207;2026-02-23;0.40;0.40;0.38;0.39;0.39;827667;;49968344
HNRG;684673;2026-02-23;18.19;18.40;17.80;17.93;17.93;463750;;37027196
HNST;12444331;2026-02-23;2.25;2.29;2.21;2.23;2.23;1217854;;111790674
HNVR;13511340;2026-02-23;21.75;22.07;20.56;21.45;21.45;17040;;7192390
HOFT;985052;2026-02-23;14.70;14.81;14.29;14.38;14.38;45815;;10777720
HOFV;15464871;2026-02-23;0.35;0.35;0.35;0.35;0.35;0;;6700844
HOG;378159;2026-02-23;20.08;20.09;19.00;19.37;19.37;2984947;;118141863
HOLO;18591364;2026-02-23;2.15;2.15;2.08;2.12;2.12;233872;;1362594
HOLX;362221;2026-02-23;75.39;75.47;75.34;75.44;75.44;1731473;;223244905
HOMB;447371;2026-02-23;29.36;29.50;28.04;28.29;28.29;1477992;;196542380
HOME;233408;2021-07-27;36.99;36.99;36.99;36.99;36.99;0;;65572833
HON;105257;2026-02-23;243.73;246.00;242.38;243.06;243.06;2371046;;635675701
HOND;19133975;2025-10-28;18.21;19.10;17.33;18.04;18.04;1554662;;28750000
HONE;10656472;2026-02-23;12.10;12.10;12.10;12.10;12.10;0;;43158596
HOOD;1249895;2026-02-23;74.59;74.95;71.42;71.78;71.78;29977173;;900308390
HOOK;1873290;2026-02-23;1.01;1.04;1.01;1.01;1.01;3636;;7219501
HOPE;6767797;2026-02-23;12.10;12.21;11.38;11.46;11.46;1087470;;128186234
HOT;113871;2016-10-03;77.05;77.05;77.05;77.05;77.05;0;;169549884
HOUR;15539333;2026-02-23;1.98;2.01;1.93;1.93;1.93;28613;;35176320
HOUS;447285;2026-01-08;17.02;17.70;16.35;17.64;17.64;11464913;;112130696
HOV;10656478;2026-02-23;129.66;135.00;122.50;124.13;124.13;92300;;5952677
HOWL;14864248;2026-02-23;0.66;0.68;0.63;0.66;0.66;555671;;48540200
HP;360878;2026-02-23;35.32;35.84;34.88;35.13;35.13;1586290;;99849488
HPCO;16532286;2026-02-20;0.00;0.00;0.00;0.00;0.00;0;;4332006
HPE;47023;2026-02-23;21.23;21.31;19.96;20.00;20.00;14340819;;1334533171
HPJ;163221;2019-10-31;4.80;4.80;4.79;4.79;4.79;626582;;15690533
HPK;10384211;2026-02-23;5.32;5.41;5.15;5.17;5.17;467152;;125587093
HPLTU;11819478;2023-10-18;10.85;10.85;10.85;10.85;10.85;0;;20000000
HPP;949692;2026-02-23;6.21;6.29;5.92;6.05;6.05;1365565;;54230154
HPQ;184360;2026-02-23;18.47;18.66;18.13;18.35;18.35;17213681;;917984523
HPTX;437296;2015-05-07;45.98;46.02;45.98;45.99;45.99;308104;;20976592
HQI;11818892;2026-02-23;11.65;11.94;11.32;11.49;11.49;23897;;14100000
HQY;52958;2026-02-23;77.94;78.39;75.56;75.87;75.87;955499;;85436286
HR;949686;2026-02-23;18.10;18.56;18.07;18.51;18.51;4981454;;228978000
HRB;506954;2026-02-23;30.08;30.15;28.37;29.00;29.00;5729136;;126759738
HRBR;17742838;2026-02-23;1.45;1.50;1.45;1.45;1.45;1800;;58534309
HRC;357864;2021-12-13;155.96;155.96;155.96;155.96;155.96;0;;65893802
HRI;535488;2026-02-23;151.62;153.54;143.35;146.19;146.19;596237;;33370258
HRL;375369;2026-02-23;24.91;25.36;24.87;25.16;25.16;5614908;;550107295
HRMY;11795014;2026-02-23;28.26;28.55;26.03;26.87;26.87;3957131;;57596358
HROW;1154965;2026-02-23;51.64;53.00;50.33;51.55;51.55;574647;;37037453
HRT;1340571;2024-06-28;14.36;14.36;14.36;14.36;14.36;0;;67352961
HRTG;640779;2026-02-23;24.19;24.49;23.42;23.46;23.46;262442;;30911435
HRTX;9075766;2026-02-23;1.18;1.22;1.17;1.19;1.19;1301722;;183362522
HRZN;11818104;2026-02-23;6.40;6.41;6.26;6.26;6.26;750854;;44383292
HSAI;18683991;2026-02-23;27.73;28.90;27.45;27.54;27.54;1984739;;131159711
HSAQ;15585640;2026-02-23;3.87;4.08;3.85;4.03;4.03;120217;;38013526
HSC;7962722;2023-06-16;9.03;9.18;8.67;9.15;9.15;1938649;;79633000
HSDT;9076177;2026-02-23;1.96;2.00;1.75;1.88;1.88;510866;;41301400
HSHP;18622074;2026-02-23;13.86;14.05;13.39;13.84;13.84;651003;;43900000
HSIC;378104;2026-02-23;81.60;81.99;78.65;80.57;80.57;2478428;;117724807
HSII;727845;2026-02-23;59.01;59.01;59.01;59.01;59.01;0;;20790543
HSKA;1253403;2023-06-13;119.99;119.99;119.99;119.99;119.99;0;;10368000
HSON;15141555;2025-09-09;9.79;9.79;9.21;9.27;9.27;272500;;2755335
HST;346970;2026-02-23;20.41;20.55;19.43;19.76;19.76;8442177;;687689481
HSTI;13511378;2026-02-23;1.40;1.40;1.40;1.40;1.40;0;;
HSTM;497494;2026-02-23;20.33;21.30;20.18;21.24;21.24;702896;;29668137
HSY;248677;2026-02-23;220.37;227.79;218.15;226.07;226.07;1889471;;202690952
HT;949690;2023-11-28;9.99;9.99;9.99;9.99;9.99;0;;39849859
HTA;949687;2022-07-20;29.21;29.71;28.78;29.19;29.19;64618075;;150545000
HTBI;7962914;2025-06-18;34.66;35.58;34.66;35.16;35.16;46691;;17548426
HTBK;7962830;2026-02-23;13.32;13.50;12.52;12.62;12.62;594408;;61283541
HTCR;1342107;2026-02-23;0.27;0.27;0.26;0.26;0.26;35517;;20933797
HTGC;10384205;2026-02-23;15.38;15.56;15.05;15.09;15.09;4220303;;183695437
HTGM;702606;2023-06-14;0.57;0.61;0.46;0.48;0.48;723871;;2214082
HTH;492790;2026-02-23;38.75;39.27;37.38;37.60;37.60;410815;;59449557
HTHT;18807150;2026-02-23;53.89;54.58;53.58;54.25;54.25;1414872;;3083916600
HTIBP;11795026;2026-02-23;19.03;19.05;19.02;19.05;19.05;776;;28412183
HTLD;1077530;2026-02-23;11.69;11.69;10.95;10.96;10.96;703295;;77447537
HTLF;6767679;2026-02-23;64.67;64.67;64.67;64.67;64.67;0;;42885498
HTM;709126;2018-07-09;5.45;5.45;5.45;5.45;5.45;0;;19494566
HTOO;19031924;2026-02-23;3.57;3.58;3.45;3.46;3.46;5996;;655608
HTZ;536728;2026-02-23;4.59;4.59;4.29;4.43;4.43;7716008;;311592905
HUBB;628038;2026-02-23;524.88;528.60;512.72;516.99;516.99;471310;;53161602
HUBC;16875845;2026-02-23;2.00;2.10;1.85;1.89;1.89;147143;;670155
HUBG;6767473;2026-02-23;42.83;42.83;41.29;41.47;41.47;724515;;61153510
HUBS;504719;2026-02-23;225.00;225.00;214.13;217.36;217.36;2075136;;52740536
HUDA;13511342;2026-02-23;12.56;12.56;12.56;12.56;12.56;0;;4500156
HUDI;18205660;2026-02-23;1.17;1.23;1.13;1.15;1.15;13572;;14299182
HUGE;18659287;2018-11-20;0.23;0.23;0.23;0.23;0.23;0;;
HUIZ;18766494;2026-02-23;2.16;2.16;2.01;2.07;2.07;5572;;1008857623
HUM;234479;2026-02-23;188.88;189.62;180.83;181.16;181.16;1233836;;120595967
HUMA;11817296;2026-02-23;1.12;1.17;1.09;1.14;1.14;3504087;;187271321
HUN;447408;2026-02-23;12.50;12.77;12.21;12.49;12.49;5292603;;174009349
HURC;188434;2026-02-23;17.64;17.64;17.18;17.46;17.46;41031;;6414616
HURN;166848;2026-02-23;130.37;131.51;126.20;127.16;127.16;313093;;17241468
HUSA;11035345;2025-12-05;2.19;2.26;2.12;2.16;2.16;372164;;34632566
HUT;17643992;2026-02-23;52.47;55.65;51.90;54.03;54.03;7615331;;
HUYA;1253406;2026-02-23;3.84;3.96;3.71;3.94;3.94;1631880;;225231915
HVIIU;19124774;2026-02-23;10.56;10.56;10.56;10.56;10.56;313;;
HVMC;19778485;2026-02-23;10.04;10.05;10.04;10.05;10.05;55989;;29410000
HVT;7962864;2026-02-23;26.11;26.18;24.97;25.30;25.30;65392;;1219976
HWBK;12444329;2026-02-23;34.30;34.58;34.23;34.36;34.36;5175;;6897646
HWC;734515;2026-02-23;71.08;71.61;67.11;67.91;67.91;804139;;83613122
HWEL;11818386;2023-12-04;10.47;10.47;10.47;10.47;10.47;0;;25000000
HWGC;17605383;2023-08-17;3.00;3.00;3.00;3.00;3.00;0;;198742643
HWKN;7962618;2026-02-23;144.95;145.26;142.35;144.04;144.04;68780;;20902093
HWKZ;11818661;2023-07-11;10.26;10.26;10.26;10.26;10.26;37415;;28750000
HWM;195506;2026-02-23;256.08;258.50;255.27;257.04;257.04;2152674;;400940063
HWNI;13624116;2026-02-23;0.20;0.20;0.20;0.20;0.20;19952;;1119665
HXL;103406;2026-02-23;89.62;91.72;89.13;90.91;90.91;1237244;;75870417
HY;7962614;2026-02-23;39.52;39.52;37.21;37.66;37.66;146346;;17733794
HYAC;12444475;2026-02-23;11.47;11.47;11.43;11.43;11.43;13264;;32268460
HYACU;11795132;2023-05-12;10.10;10.10;10.10;10.10;10.10;0;;9551583
HYBT;12444325;2026-02-23;0.11;0.11;0.10;0.10;0.10;520;;518831367
HYFM;11034345;2026-02-23;1.36;1.37;1.32;1.32;1.32;14069;;4667004
HYLN;998432;2026-02-23;2.02;2.04;1.92;1.95;1.95;678773;;175974228
HYMC;15141553;2026-02-23;42.21;43.34;41.30;42.05;42.05;3355117;;80965791
HYPR;15394194;2026-02-23;1.12;1.14;1.08;1.10;1.10;204994;;97168657
HYRE;11036336;2026-02-23;0.00;0.00;0.00;0.00;0.00;100;;23583303
HYSR;11033999;2026-02-23;0.02;0.02;0.02;0.02;0.02;4556113;;5462828078
HYW;19078535;2025-12-23;1.07;1.82;1.00;1.53;1.53;21116442;;159750000
HYZN;3240771;2026-02-23;0.64;0.64;0.64;0.64;0.64;0;;7591789
HZNP;6475595;2023-10-06;116.30;116.30;116.30;116.30;116.30;0;;226997506
HZO;993630;2026-02-23;28.41;28.41;26.95;27.35;27.35;431329;;22027414
IAA;968230;2023-03-20;39.89;40.50;39.63;39.89;39.89;22182136;;133700000
IAC;647051;2026-02-23;37.16;37.57;34.95;35.20;35.20;1464408;;76907964
IART;447419;2026-02-23;12.11;12.11;11.51;11.76;11.76;796164;;77892111
IAS;1333933;2025-12-23;10.34;10.34;10.34;10.34;10.34;0;;167854529
IAUX;17643994;2026-02-23;1.91;2.04;1.86;1.89;1.89;9017890;;840102280
IBCP;7962926;2026-02-23;36.97;37.05;34.59;35.51;35.51;233902;;20691952
IBEX;13730834;2026-02-23;29.23;29.23;27.61;27.77;27.77;182588;;13405520
IBIO;13756728;2026-02-23;2.35;2.50;2.32;2.45;2.45;699463;;34543561
IBKC;129297;2020-07-01;45.65;46.26;42.34;43.08;43.08;6285800;;52663861
IBKR;718957;2026-02-23;73.94;74.64;70.65;71.54;71.54;3804199;;445364117
IBM;69543;2026-02-23;254.37;255.19;220.72;223.35;223.35;19304801;;934735206
IBN;16261171;2026-02-23;30.85;31.04;30.60;30.60;30.60;3891505;;
IBOC;369401;2026-02-23;71.47;71.83;67.73;68.34;68.34;375468;;62163887
IBP;6767415;2026-02-23;323.08;328.77;311.95;320.03;320.03;292047;;27125357
IBRX;786262;2026-02-23;9.95;11.00;9.55;9.83;9.83;86005840;;984965179
IBTA;18081195;2026-02-23;22.02;22.20;20.76;20.82;20.82;349362;;26582806
IBTX;6767665;2026-02-23;60.67;60.67;60.67;60.67;60.67;0;;41436068
ICBK;9076269;2021-12-10;35.25;35.25;35.25;35.25;35.25;0;;6134656
ICCC;16682778;2026-02-23;6.30;6.40;6.24;6.40;6.40;3152;;7833080
ICCH;16682776;2026-02-23;23.49;23.49;23.49;23.49;23.49;0;;3142973
ICCM;18645651;2026-02-23;0.57;0.60;0.56;0.57;0.57;156277;;56568999
ICD;14122307;2024-08-28;0.65;0.65;0.58;0.59;0.59;317476;;15220114
ICE;378167;2026-02-23;153.38;154.89;151.77;154.10;154.10;3639448;;567896513
ICFI;6767517;2026-02-23;78.78;79.48;75.47;75.58;75.58;104448;;18435932
ICHR;926863;2026-02-23;49.88;51.16;49.00;51.09;51.09;841049;;34644332
ICL;1340973;2026-02-23;5.36;5.38;5.24;5.28;5.28;1468848;;1290375704
ICLR;1253239;2026-02-23;100.68;105.50;100.03;104.66;104.66;2450185;;80756860
ICMB;13950764;2026-02-23;3.00;3.01;2.94;2.98;2.98;35657;;14419762
ICPT;72077;2026-02-23;19.00;19.00;19.00;19.00;19.00;0;;41731000
ICPW;161289;2017-09-11;0.12;0.12;0.05;0.08;0.08;2604126;;85646354
ICTSF;19078533;2026-02-23;4.15;4.15;4.15;4.15;4.15;0;;37433333
ICUI;550676;2026-02-23;154.66;156.03;150.13;151.57;151.57;315498;;24690275
ICVX;11818820;2024-02-20;15.31;15.31;15.31;15.31;15.31;0;;44770820
ID;13511446;2023-12-26;0.08;0.08;0.05;0.05;0.05;5179764;;34114449
IDA;627772;2026-02-23;140.47;143.50;139.31;143.45;143.45;476302;;54899034
IDCC;549215;2026-02-23;358.50;358.50;343.67;351.50;351.50;205202;;25686766
IDDR;664227;2021-01-07;0.00;0.00;0.00;0.00;0.00;0;;1167120233
IDEX;11034921;2026-02-18;0.01;0.01;0.00;0.00;0.00;1382;;20068435
IDLM;659864;2026-02-23;0.00;0.00;0.00;0.00;0.00;0;;60746743
IDR;15464875;2026-02-23;38.41;39.02;37.24;38.39;38.39;241609;;13661139
IDSY;250487;2026-02-23;3.76;3.76;3.44;3.46;3.46;1893746;;18447779
IDT;535487;2026-02-23;49.20;50.02;48.90;49.13;49.13;116515;;25073347
IDXG;1253245;2026-02-23;1.86;1.87;1.85;1.85;1.85;857;;4428539
IDXX;447447;2026-02-23;628.94;631.80;618.56;623.13;623.13;513945;;79624034
IDYA;1253393;2026-02-23;32.04;33.31;31.45;32.11;32.11;750832;;87814027
IE;14097470;2026-02-23;14.81;15.65;14.61;15.57;15.57;2206740;;144714777
IEA;9076311;2022-10-07;13.72;13.72;13.72;13.72;13.72;0;;48419272
IEHC;248180;2026-02-23;13.50;13.95;13.50;13.80;13.80;4757;;2431686
IEP;980333;2026-02-23;7.85;7.90;7.67;7.73;7.73;990829;;546086101
IESC;7962598;2026-02-23;511.41;530.13;498.77;505.73;505.73;217672;;19927999
IEX;824090;2026-02-23;206.45;208.66;205.13;206.65;206.65;564095;;74347824
IFF;378169;2026-02-23;81.07;82.36;79.84;82.24;82.24;1582884;;256096379
IFIN;15585630;2024-08-30;10.35;10.35;4.98;6.28;6.28;61961;;10576150
IFRX;18589404;2026-02-23;0.89;0.90;0.83;0.89;0.89;206857;;59351710
IFS;18807154;2026-02-23;50.50;51.19;49.51;49.64;49.64;120403;;113288457
IGAC;12444739;2026-02-23;9.95;9.95;9.95;9.95;9.95;0;;29698196
IGC;11035548;2026-02-23;0.28;0.28;0.26;0.27;0.27;291027;;92868241
IGIC;18683993;2026-02-23;25.44;25.94;24.83;25.01;25.01;57969;;45108936
IGMS;10656434;2025-08-14;1.27;1.27;1.27;1.27;1.27;0;;44466764
IGNY;11819244;2024-11-14;0.02;0.02;0.02;0.02;0.02;66140;;23124888
IGT;447449;2025-07-01;15.75;17.04;15.66;16.29;16.29;3542124;;201858765
IGTA;13714911;2026-02-23;12.75;12.75;12.75;12.75;12.75;0;;5588391
IGXT;11035264;2026-02-23;0.17;0.17;0.17;0.17;0.17;0;;174658096
IHC;667823;2022-02-15;56.98;57.05;56.98;57.01;57.01;40135;;14674936
IHG;18382378;2026-02-23;144.95;145.62;141.14;142.85;142.85;290550;;164711854
IHRC;998462;2018-03-05;43.25;43.25;43.25;43.25;43.25;813;;1111015
IHRT;653413;2026-02-23;3.59;3.59;3.37;3.45;3.45;501395;;150158520
IHS;18567608;2026-02-23;8.02;8.05;7.90;7.92;7.92;2499203;;333440937
IHT;244789;2026-02-23;1.18;1.18;1.13;1.13;1.13;18792;;9204834
III;9075810;2026-02-23;4.71;4.72;4.43;4.45;4.45;423215;;47884104
IIIN;1338982;2026-02-23;38.08;38.08;36.67;36.73;36.73;111709;;19396380
IIIV;7962646;2026-02-23;21.98;22.29;21.25;21.42;21.42;510135;;30475851
IIN;519102;2022-05-24;24.24;24.25;24.24;24.24;24.24;94327;;9147000
IIPR;949475;2026-02-23;45.78;46.35;45.33;46.16;46.16;303097;;28022975
IKNA;11820338;2026-02-23;7.10;7.18;6.51;6.51;6.51;12524;;11181672
IKT;15585632;2026-02-23;1.98;2.11;1.75;1.80;1.80;41618372;;75175306
ILMN;86933;2026-02-23;116.55;120.60;115.88;120.54;120.54;1970009;;152900000
ILPT;16239119;2026-02-23;5.83;5.93;5.74;5.90;5.90;197652;;66653129
IMAB;18697018;2025-10-29;4.70;4.77;4.49;4.63;4.63;1517310;;187452495
IMAQ;14076244;2026-02-23;9.75;9.81;9.75;9.75;9.75;402;;6836594
IMAX;6767739;2026-02-23;37.93;37.96;36.07;36.79;36.79;1135871;;53798934
IMBI;11036100;2024-04-01;0.00;0.00;0.00;0.00;0.00;48712;;29415680
IMCR;14122305;2026-02-23;32.83;33.55;32.12;32.93;32.93;166441;;50530419
IMDZ;809437;2019-04-02;5.85;5.85;5.85;5.85;5.85;0;;48365248
IMGN;82671;2026-02-23;31.23;31.23;31.23;31.23;31.23;0;;263446000
IMGO;1253390;2023-01-11;36.01;36.01;36.01;36.01;36.01;0;;33765515
IMH;9076161;2026-02-23;0.07;0.07;0.04;0.07;0.07;1853;;21344000
IMHC;16682826;2026-02-23;0.02;0.03;0.02;0.03;0.03;23846;;183943705
IMKTA;6326939;2026-02-23;87.14;87.56;85.12;87.44;87.44;159634;;18994376
IMMP;17730317;2026-02-23;2.79;2.97;2.79;2.88;2.88;344122;;1460389575
IMMR;9075850;2026-02-23;6.07;6.07;5.92;5.94;5.94;377560;;32396432
IMMX;16633068;2026-02-23;8.00;8.45;7.98;8.17;8.17;519552;;33577873
IMMY;703115;2026-02-23;51.64;53.00;50.33;51.55;51.55;574647;;25983364
IMNM;16633070;2026-02-23;21.59;22.52;21.21;21.80;21.80;1147028;;91710277
IMO;702831;2026-02-23;119.19;121.62;118.14;118.51;118.51;558248;;483592715
IMOS;18731292;2026-02-23;34.50;35.61;34.50;35.07;35.07;35516;;
IMPL;11034519;2024-01-05;0.10;0.10;0.08;0.10;0.10;60286;;23748008
IMPV;131347;2019-01-10;55.74;55.74;55.74;55.74;55.74;0;;35197514
IMRA;1840504;2026-02-23;13.69;13.93;13.55;13.75;13.75;2678;;59347317
IMRX;1822743;2026-02-23;5.00;5.16;4.93;4.96;4.96;620274;;64569967
IMSCQ;340525;2017-08-28;0.07;0.07;0.07;0.07;0.07;0;;79875620
IMTV;666754;2026-02-23;0.00;0.00;0.00;0.00;0.00;0;;12218842
IMTX;18662212;2026-02-23;10.05;10.27;9.66;9.90;9.90;276827;;121550169
IMUX;11034096;2026-02-23;0.92;0.95;0.85;0.87;0.87;2772036;;120284724
IMVT;11794998;2026-02-23;26.72;27.66;26.66;27.20;27.20;965000;;203532180
IMXI;11795190;2026-02-23;15.69;15.74;15.67;15.74;15.74;391596;;29718731
INAB;11034418;2026-02-23;1.54;1.60;1.50;1.51;1.51;15088;;4634396
INAQ;17596599;2024-12-13;11.24;11.56;8.50;9.50;9.50;12375;;8848607
INBI;687926;2026-02-23;0.00;0.00;0.00;0.00;0.00;0;;181459602
INBK;9076008;2026-02-23;20.12;20.19;19.59;19.89;19.89;67172;;8706094
INBP;13774426;2026-02-23;0.30;0.30;0.29;0.29;0.29;5500;;31059610
INBX;10384265;2026-02-23;79.84;80.11;76.03;76.59;76.59;140798;;52401941
INCR;18872607;2026-02-23;0.88;0.89;0.81;0.85;0.85;113148;;47162713
INCY;671924;2026-02-23;101.32;103.16;100.04;100.84;100.84;1333343;;199014486
INDB;6767501;2026-02-23;83.40;83.40;79.06;79.99;79.99;355120;;49577265
INDI;10384269;2026-02-23;3.54;3.54;3.27;3.44;3.44;5674171;;219632500
INDP;15112469;2026-02-23;2.06;2.11;1.94;1.98;1.98;11167;;1751163
INDT;10384325;2023-06-29;66.99;66.99;66.99;66.99;66.99;0;;10192000
INDV;18452184;2026-02-23;33.84;33.90;32.49;32.93;32.93;1229428;;124853897
INFA;11794960;2026-02-23;24.79;24.79;24.79;24.79;24.79;0;;264313265
INFI;819348;2023-09-29;0.02;0.02;0.01;0.02;0.02;1141812;;89392079
INFN;346530;2025-02-28;6.64;6.64;6.64;6.64;6.64;0;;237991137
INFO;330628;2026-02-23;24.66;24.73;24.40;24.46;24.46;256586;;398612292
INFU;371010;2026-02-23;7.92;7.97;7.53;7.58;7.58;102889;;20336183
INFY;1253409;2026-02-23;14.35;14.37;13.77;13.91;13.91;23767858;;4153263455
ING;18482566;2026-02-23;30.01;30.10;29.21;29.37;29.37;2502362;;3147391173
INGN;7962942;2026-02-23;5.77;5.80;5.60;5.68;5.68;180818;;27148482
INGR;610276;2026-02-23;116.39;117.97;115.83;116.06;116.06;909504;;62945041
ININ;354705;2016-12-02;60.50;60.50;60.50;60.50;60.50;0;;22348615
INKT;15337175;2026-02-23;11.16;11.65;11.16;11.23;11.23;3056;;4694155
INLX;16682780;2026-02-23;7.65;7.82;7.65;7.65;7.65;3275;;4230806
INMB;1295082;2026-02-23;1.30;1.34;1.21;1.26;1.26;537321;;26585258
INMD;1329301;2026-02-23;14.11;14.37;13.91;14.20;14.20;2332853;;63358750
INN;7962674;2026-02-23;4.33;4.35;4.16;4.25;4.25;1005415;;108803025
INNV;11795202;2026-02-23;8.31;9.19;8.31;8.92;8.92;453198;;135699471
INO;9075872;2026-02-23;1.68;1.84;1.68;1.81;1.81;1298058;;53571675
INOD;1077528;2026-02-23;43.21;45.65;42.41;43.87;43.87;919310;;31860951
INOV;497806;2026-02-23;36.32;36.34;36.20;36.25;36.25;2494;;155246332
INR;18657358;2026-02-23;16.82;16.84;15.84;15.98;15.98;147354;;60876389
INSE;10656508;2026-02-23;8.26;8.33;7.92;8.00;8.00;54498;;26926868
INSG;11034411;2026-02-23;12.59;13.60;12.30;12.76;12.76;417551;;16218934
INSM;6767451;2026-02-23;163.60;167.00;157.71;159.03;159.03;2143245;;215551896
INSP;6480940;2026-02-23;59.35;59.80;58.01;58.29;58.29;894088;;28589291
INST;11794968;2024-11-13;23.60;23.60;23.60;23.60;23.60;0;;147089318
INSW;1023512;2026-02-23;66.80;67.40;65.87;67.06;67.06;414452;;49394531
INT;344219;2023-06-15;23.95;24.32;23.80;24.26;24.26;365016;;62100000
INTA;11795000;2026-02-23;21.55;21.55;19.45;19.47;19.47;1689531;;80395789
INTC;85652;2026-02-23;44.09;44.55;43.18;43.63;43.63;56448865;;4995000000
INTG;13950762;2026-02-23;28.32;28.40;28.22;28.22;28.22;16841;;2148812
INTI;16363527;2026-02-23;0.08;0.08;0.08;0.08;0.08;0;;172323545
INTT;645323;2026-02-23;9.80;10.44;9.35;9.96;9.96;55824;;12483433
INTU;183557;2026-02-23;374.94;374.94;349.00;359.55;359.55;5421587;;278400000
INTV;11795328;2026-02-23;0.43;0.43;0.43;0.43;0.43;1452;;6236580
INUV;11035051;2026-02-23;1.87;1.89;1.72;1.80;1.80;76730;;14605575
INV;18728564;2026-02-23;3.40;3.45;3.26;3.30;3.30;1043061;;62471971
INVA;942592;2026-02-23;23.46;23.67;22.93;23.41;23.41;756417;;74769062
INVE;10656710;2026-02-23;3.12;3.24;3.12;3.20;3.20;15382;;23754389
INVH;949710;2026-02-23;25.33;25.75;25.27;25.66;25.66;7736247;;609386093
INVU;16682784;2026-02-23;0.03;0.03;0.03;0.03;0.03;789987;;1860981786
INVZ;18525396;2026-02-23;0.97;0.98;0.90;0.92;0.92;1907794;;169397030
INZY;11819388;2025-07-01;4.00;4.00;4.00;4.00;4.00;0;;64561824
IO;905324;2022-05-18;0.36;0.37;0.33;0.34;0.34;904581;;29617040
IOBT;1397116;2026-02-23;0.34;0.35;0.32;0.34;0.34;641267;;65880914
IONM;11036294;2026-02-23;0.00;0.00;0.00;0.00;0.00;1;;3134054
IONQ;3239342;2026-02-23;31.02;31.67;30.17;30.78;30.78;13843487;;354279591
IONR;17730319;2026-02-23;4.00;4.06;3.77;3.88;3.88;34187;;2608172516
IONS;855206;2026-02-23;82.71;84.96;82.71;84.60;84.60;1714262;;161974393
IOR;15337163;2026-02-23;18.80;18.80;18.80;18.80;18.80;283;;4066178
IOSP;6767469;2026-02-23;81.09;81.14;78.00;78.98;78.98;292398;;24777859
IOTR;19187519;2026-02-23;2.23;2.37;2.17;2.23;2.23;44489;;2400000
IOTS;884299;2020-06-29;12.54;12.54;12.54;12.54;12.54;0;;31249484
IOVA;6767615;2026-02-23;2.87;2.99;2.81;2.89;2.89;11726684;;396967970
IP;261549;2026-02-23;43.26;44.66;42.65;44.41;44.41;8255711;0.46;528038317
IPA;16232551;2025-09-03;2.00;2.24;2.00;2.07;2.07;1970343;;46154118
IPAR;853111;2026-02-23;102.84;103.03;98.94;101.70;101.70;289508;;32064728
IPAS;998421;2019-02-13;3.25;3.25;3.25;3.25;3.25;0;;7957988
IPB;12444998;2026-02-23;25.99;26.05;25.99;26.00;26.00;1603;;
IPDN;655301;2026-02-23;1.91;1.95;1.75;1.93;1.93;242621;;4881963
IPG;378168;2025-11-26;24.66;25.32;24.47;24.57;24.57;81319698;;363328974
IPGP;570971;2026-02-23;132.51;135.05;130.61;134.58;134.58;456470;;42124481
IPHA;18905018;2026-02-23;1.62;1.72;1.62;1.66;1.66;12596;;83830336
IPHI;923419;2021-04-20;173.71;175.32;171.97;172.27;172.27;5672270;;53608372
IPI;260195;2026-02-23;33.23;33.66;32.22;32.61;32.61;122401;;13426932
IPSC;12442256;2026-02-23;2.05;2.17;1.97;2.03;2.03;598623;;87307091
IPVI;11817791;2023-04-24;10.12;10.12;10.12;10.12;10.12;300;;7187500
IPW;13841967;2026-02-23;2.85;2.86;2.09;2.22;2.22;471716;;1322477
IPWR;11034458;2026-02-23;3.54;3.56;3.14;3.26;3.26;111270;;8147776
IPX;17776541;2026-02-23;41.79;43.30;41.74;43.22;43.22;129537;;319927854
IPXL;625184;2018-05-04;18.20;18.95;17.40;18.30;18.30;3041017;;73758396
IPXX;18099832;2026-02-23;16.93;18.93;16.84;18.79;18.79;14746741;;31250000
IQV;744724;2026-02-23;163.86;166.12;159.67;162.31;162.31;2619613;;169700000
IR;6475601;2026-02-23;95.36;96.20;93.75;93.94;93.94;2916335;;391617994
IRBT;675457;2026-02-23;0.47;0.47;0.47;0.47;0.47;0;;31826203
IRDM;1011100;2026-02-23;22.66;23.20;22.52;23.18;23.18;1499599;;104956759
IREN;16091231;2026-02-23;39.19;42.56;38.94;42.36;42.36;30308924;;332280383
IRG;350449;2017-03-13;0.00;0.00;0.00;0.00;0.37;0;;26246000
IRIX;1241345;2026-02-23;1.42;1.43;1.41;1.41;1.41;55788;;16636380
IRM;378171;2026-02-23;109.84;111.46;109.36;111.19;111.19;1843052;;295835206
IRMD;7962772;2026-02-23;102.87;102.87;99.97;101.03;101.03;50593;0.20;12721156
IRME;16682782;2026-02-23;0.00;0.00;0.00;0.00;0.00;0;;77238961
IRON;17643996;2026-02-23;61.98;64.16;61.55;64.00;64.00;1162804;;
IROQ;13774424;2026-02-23;27.63;27.70;27.63;27.66;27.66;5558;;3351526
IRRX;11819673;2026-01-08;15.00;15.00;15.00;15.00;15.00;0;;9607057
IRS;17733533;2026-02-23;16.26;16.26;15.50;15.66;15.66;233191;;762520793
IRT;6481064;2026-02-23;16.61;16.82;16.29;16.45;16.45;3145466;;237280268
IRTC;6481024;2026-02-23;148.13;148.18;138.03;141.22;141.22;943423;;32316760
IRWD;6767579;2026-02-23;3.93;4.04;3.69;3.75;3.75;3381574;;162678647
ISBA;12444291;2026-02-23;52.78;52.78;48.59;49.52;49.52;24191;;7335096
ISBC;641029;2022-09-16;13.87;13.87;13.87;13.87;13.87;2878;;235935642
ISDR;997171;2025-01-24;9.67;9.70;9.46;9.65;9.65;18860;;3833977
ISEE;131911;2023-07-11;39.95;39.95;39.95;39.95;39.95;0;;119687000
ISIL;355428;2017-02-27;22.49;22.49;22.49;22.49;22.49;0;;137732624
ISO;1253260;2023-03-21;0.76;0.76;0.76;0.76;0.76;0;;39318348
ISPC;15112479;2026-02-23;0.27;0.28;0.23;0.24;0.24;1183054;;9771028
ISPR;13950766;2026-02-23;2.27;2.67;2.27;2.45;2.45;103082;;57289864
ISR;998412;2023-02-17;0.37;0.39;0.36;0.38;0.38;145021;;142113000
ISRG;103498;2026-02-23;498.88;502.70;486.45;492.10;492.10;1763849;;355130237
ISRL;18073608;2026-02-23;12.40;12.40;12.40;12.40;12.40;0;;
ISSC;153113;2026-02-23;23.85;24.56;23.19;23.56;23.56;431993;;17778343
ISTR;9075990;2026-02-23;29.55;30.07;28.31;28.77;28.77;150002;;9810435
IT;447532;2026-02-23;151.77;153.27;144.29;144.97;144.97;1855919;;70450294
ITCI;825240;2025-04-02;131.87;131.87;131.87;131.87;131.87;0;;106327952
ITG;142922;2019-02-28;30.23;30.27;30.20;30.23;30.23;320535;;33947655
ITGR;101027;2026-02-23;84.84;86.37;83.97;85.76;85.76;883982;;35038426
ITHUF;14076254;2026-02-23;0.00;0.01;0.00;0.00;0.00;378443;;6817461358
ITI;59550;2024-11-01;7.19;7.19;7.19;7.19;7.19;4543;;42822824
ITIC;9075774;2026-02-23;219.30;222.99;215.53;216.45;216.45;12741;;1887574
ITOS;1338980;2025-08-29;10.15;10.15;10.15;10.15;10.15;0;;44205398
ITRI;693852;2026-02-23;96.25;99.58;93.69;95.21;95.21;2761033;;44941206
ITRN;18757097;2026-02-23;48.76;48.76;47.17;47.53;47.53;62144;;19893580
ITT;1056223;2026-02-23;205.44;207.82;200.80;204.15;204.15;444370;;86000000
ITUB;18815851;2026-02-23;9.41;9.47;9.13;9.17;9.17;26029697;;5107039070
ITW;378165;2026-02-23;295.49;298.35;292.54;293.22;293.22;1230216;;288200000
IVA;18731298;2026-02-23;6.56;6.82;6.49;6.74;6.74;465457;;95662391
IVAC;639373;2025-03-31;4.00;4.00;4.00;4.00;4.00;0;;27168081
IVCP;16222800;2026-02-23;2.69;2.90;2.69;2.78;2.78;25534;;66654281
IVDN;258246;2026-02-23;0.28;0.31;0.26;0.29;0.29;6885;;38316256
IVFH;15337165;2026-02-23;0.46;0.46;0.44;0.44;0.44;10760;;54785684
IVR;949696;2026-02-23;8.68;8.78;8.46;8.52;8.52;3634305;;70945571
IVT;11795074;2026-02-20;30.72;30.80;30.41;30.59;30.59;521015;;77699241
IVTY;103578;2018-10-23;7.39;7.39;7.39;7.39;7.39;0;;24073678
IVVD;1841507;2026-02-23;1.57;1.63;1.54;1.61;1.61;1276519;;233122834
IVZ;378170;2026-02-23;26.31;26.36;24.91;25.21;25.21;4401399;;445092900
IX;19178832;2026-02-23;35.45;35.80;35.15;35.25;35.25;627929;;1162962244
IXAQ;17429378;2025-06-13;12.10;12.10;12.10;12.10;12.10;0;;10413721
IXHL;13841937;2026-02-23;0.28;0.28;0.27;0.27;0.27;2805550;;358329368
IZEA;11035013;2026-02-23;3.35;3.42;3.32;3.33;3.33;26009;;17125752
IZM;17754842;2026-02-23;1.02;1.03;0.96;0.96;0.96;20104;;11981410
J;378172;2026-02-23;136.30;137.10;131.24;131.80;131.80;927732;;117446713
JACK;682281;2026-02-23;16.78;17.31;16.34;17.07;17.07;801132;;19036016
JAGX;1076278;2026-02-23;0.61;0.64;0.59;0.63;0.63;162128;;3735837
JAKK;908372;2026-02-23;22.47;23.18;22.05;22.52;22.52;357920;;11269529
JAMF;1794064;2026-01-30;13.05;13.05;13.05;13.05;13.05;0;;133222453
JAN;165913;2024-07-12;2.14;2.37;2.14;2.23;2.23;139540;;8976379
JANL;13511438;2026-02-23;51.73;51.73;51.73;51.73;51.73;0;;1186354
JANX;11795264;2026-02-23;13.03;13.41;12.96;13.37;13.37;1008423;;60147807
JAQC;11820429;2023-12-26;10.34;10.34;10.34;10.34;10.34;740;;20297549
JAZZ;364811;2026-02-23;169.84;174.00;169.36;173.25;173.25;1253264;;60765116
JBGS;949711;2026-02-23;15.53;15.87;15.50;15.84;15.84;484983;;75535929
JBHT;378173;2026-02-23;228.83;229.60;220.83;222.07;222.07;630698;;95218346
JBI;11795100;2026-02-23;7.19;7.19;6.89;6.91;6.91;995377;;138825392
JBL;79450;2026-02-23;267.59;270.13;259.82;261.28;261.28;1197961;;105595267
JBLU;720902;2026-02-23;5.82;6.03;5.72;5.83;5.83;12272332;;370119668
JBSS;6767671;2026-02-23;83.01;84.07;81.92;83.16;83.16;68480;;2597426
JBT;6767423;2025-01-02;128.00;129.31;124.94;125.32;125.32;574189;;31842638
JCI;360440;2026-02-23;142.83;144.54;142.10;142.83;142.83;3516038;;612004462
JCOM;625587;2021-10-07;139.20;143.09;138.55;142.84;142.84;399277;;47825827
JCP;180279;2021-02-01;0.12;0.14;0.11;0.13;0.13;1655525;;322897689
JCS;945747;2022-03-28;8.77;8.78;7.95;8.18;8.18;48445;;2365465
JCTCF;13626515;2024-10-08;4.89;4.89;4.89;4.89;4.89;646;;3504802
JD;1253405;2026-02-23;27.56;27.60;27.00;27.23;27.23;7313948;;2909925451
JEF;378180;2026-02-23;52.79;53.50;49.64;50.33;50.33;2350141;;206691275
JELD;1077371;2026-02-23;2.18;2.20;1.88;2.02;2.02;2068562;;85429710
JETMF;14864230;2026-02-23;0.55;0.56;0.55;0.56;0.56;313510;;
JEWL;13511302;2026-02-23;0.00;0.00;0.00;0.00;0.00;50;;38047648
JFIN;18825172;2026-02-23;6.65;6.65;6.24;6.40;6.40;54377;;213478184
JGPK;975415;2016-03-04;0.96;0.96;0.96;0.96;0.96;0;;18329074
JHG;1234774;2026-02-23;49.88;50.23;49.60;49.60;49.60;2056858;;154476408
JHX;19133977;2026-02-20;24.75;25.21;24.42;25.08;25.08;5928992;;429818781
JILL;680726;2026-02-23;17.28;17.28;16.61;16.83;16.83;36733;;15115353
JJSF;968241;2026-02-23;84.62;85.21;82.63;84.97;84.97;215959;;19011903
JKHY;447566;2026-02-23;158.07;159.64;154.82;155.68;155.68;1611463;;72167368
JLL;122208;2026-02-23;313.99;317.80;302.31;304.36;304.36;707799;;46851472
JMACU;12444311;2023-03-29;10.83;11.90;10.83;11.20;11.20;522;;10840025000
JMBA;365536;2018-09-13;13.01;13.01;13.01;13.01;13.01;2;;15640617
JMIA;18493383;2026-02-23;9.09;9.12;8.26;8.39;8.39;2503188;;244925650
JMKJ;13511434;2026-01-05;0.01;0.01;0.01;0.01;0.01;0;;93300
JMSB;11819680;2026-02-23;20.15;20.15;19.53;19.65;19.65;18940;;14175540
JNCE;9076026;2023-05-04;1.88;1.88;1.88;1.88;1.88;169314;;51676000
JNJ;89661;2026-02-23;243.63;246.81;242.60;245.84;245.84;9014005;;2409898936
JNPR;385619;2025-07-02;39.95;39.95;39.95;39.95;39.95;0;;334382599
JOAN;13511456;2024-04-18;0.10;0.12;0.09;0.10;0.10;720833;;41911651
JOB;1342117;2026-02-23;0.23;0.24;0.23;0.23;0.23;42230;;109870686
JOBY;1301817;2026-02-23;9.68;9.71;9.31;9.54;9.54;21482245;;911783173
JOE;546306;2026-02-23;71.21;71.31;67.94;69.33;69.33;162283;;57744530
JOUT;667535;2026-02-23;49.86;50.23;48.99;49.81;49.81;123246;;10453054
JOY;39382;2017-04-13;28.30;28.30;28.30;28.30;28.30;0;;99620355
JPM;243510;2026-02-23;308.80;311.00;295.10;297.67;297.67;12823807;;2697032375
JRSH;1348020;2026-02-23;3.31;3.33;3.23;3.26;3.26;20285;;12699940
JRVR;7962648;2026-02-23;6.85;6.92;6.66;6.66;6.66;247920;;45965839
JSDA;727078;2026-02-23;0.32;0.35;0.28;0.28;0.28;189878;;117671604
JSPR;17643998;2026-02-23;1.34;1.40;1.32;1.37;1.37;285658;;
JUPW;13511290;2026-02-23;3.78;3.85;3.58;3.71;3.71;65322;;5261722
JUSHF;16409721;2026-02-23;0.46;0.53;0.46;0.50;0.50;164498;;196643264
JUVF;141652;2026-02-23;14.19;14.19;14.19;14.19;14.19;301;;5018799
JVA;40037;2026-02-23;3.18;3.20;3.05;3.11;3.11;43395;;5708599
JW-A;195872;2022-03-31;52.96;53.48;52.55;53.03;53.03;271205;;55806000
JWN;184768;2025-05-20;24.63;24.69;24.62;24.66;24.66;50613563;;166898470
JXN;1341059;2026-02-23;116.11;117.11;108.58;109.91;109.91;953925;;67969862
JYNT;921297;2026-02-23;9.25;9.26;9.01;9.13;9.13;41786;;14866192
JZ;17598800;2026-02-23;0.91;0.93;0.83;0.92;0.92;29514;;16911000
K;97995;2025-12-11;83.44;83.44;83.44;83.44;83.44;0;;347932629
KA;15337169;2024-10-24;0.69;0.69;0.69;0.69;0.69;6790;;12261407
KAI;6767489;2026-02-23;335.56;339.31;321.73;327.52;327.52;205938;;11778135
KALA;9076115;2026-02-23;0.41;0.42;0.38;0.38;0.38;366788;;4610139
KALU;6767787;2026-02-23;125.69;126.95;117.00;125.83;125.83;415520;;16210443
KALV;10656522;2026-02-23;15.82;16.11;15.26;15.56;15.56;475705;;50546293
KAMN;7962698;2024-04-19;45.99;45.99;45.99;45.99;45.99;0;;28319136
KANP;275886;2026-02-23;27.27;27.27;27.27;27.27;27.27;10;;1792613
KAR;123411;2025-12-24;30.68;30.93;30.55;30.88;30.88;311172;;106263187
KARO;19162128;2026-02-23;45.30;46.00;44.07;45.07;45.07;30246;;30893300
KATE;441025;2017-07-12;18.49;18.49;18.49;18.49;18.49;0;;128604671
KAVL;13841939;2026-02-23;0.02;0.02;0.02;0.02;0.02;2551;;13535402
KB;18807156;2026-02-23;116.56;117.70;114.03;114.39;114.39;229646;;
KBAL;7962840;2023-06-01;12.30;12.30;12.30;12.30;12.30;0;;36404000
KBH;821503;2026-02-23;65.40;65.44;63.23;64.36;64.36;874902;;63173611
KBR;1056225;2026-02-23;42.28;42.65;40.23;40.33;40.33;855282;;126989628
KBSR;18099834;2026-02-23;0.20;0.20;0.20;0.20;0.20;0;;148516246
KC;18737378;2026-02-23;13.66;13.67;12.52;12.59;12.59;2034877;;3805284801
KD;1346698;2026-02-23;12.20;12.31;11.40;11.41;11.41;5454519;;225447192
KDMN;9076245;2021-11-09;9.50;9.50;9.50;9.50;9.50;1052;;173443975
KDNY;781554;2023-08-11;40.39;40.39;40.39;40.39;40.39;0;;67779000
KDP;378130;2026-02-23;29.54;30.08;29.41;29.77;29.77;12519869;;1358583125
KE;175788;2026-02-23;25.00;25.39;24.68;25.02;25.02;168706;;24214134
KEGX;9076189;2026-02-23;1.40;1.40;1.40;1.40;1.40;4;;13781000
KELYA;7962734;2026-02-23;9.68;9.72;9.09;9.35;9.35;617178;;34211528
KEM;641260;2025-05-29;27.58;27.58;27.58;27.58;27.58;0;;58508445
KEN;18692748;2026-02-23;82.59;84.07;82.34;83.31;83.31;14912;;52150242
KEP;1245486;2026-02-23;22.13;22.23;21.73;21.90;21.90;464100;;641964077
KEQU;13511440;2026-02-23;41.52;42.39;40.61;40.61;40.61;4661;;2866384
KEX;1067478;2026-02-23;129.82;130.75;127.91;128.46;128.46;467478;;53646000
KEY;378174;2026-02-23;22.08;22.43;20.85;21.01;21.01;25543310;;1092919589
KEYR;12444415;2026-02-23;0.34;0.34;0.34;0.34;0.34;2000;;73457857
KEYS;186556;2026-02-23;242.50;245.95;239.84;245.00;245.00;2638294;;171817127
KFFB;13841941;2026-02-23;4.82;4.90;4.82;4.82;4.82;2962;;8086715
KFRC;6767707;2026-02-23;28.51;28.51;26.23;26.30;26.30;271842;;18278000
KFS;11819936;2026-02-23;12.48;12.59;11.84;11.95;11.95;94340;;28956152
KFY;211211;2026-02-23;62.24;62.24;59.46;59.54;59.54;657608;;52194944
KGC;3308077;2026-02-23;34.15;35.55;34.07;35.53;35.53;16026384;;1229125606
KGNR;12444379;2023-06-09;2.20;2.20;2.20;2.20;2.20;0;;89623323
KGS;14864234;2026-02-23;50.62;51.62;49.29;50.28;50.28;1417680;;86683860
KHC;693432;2026-02-23;24.30;24.68;24.21;24.54;24.54;11352473;;1183744751
KIDS;6767731;2026-02-23;16.89;16.89;16.17;16.30;16.30;138225;;25077330
KIM;378175;2026-02-23;23.25;23.57;23.23;23.41;23.41;9444805;;674066654
KIN;9076239;2021-08-27;9.24;9.26;9.24;9.25;9.25;178496;;45277000
KIND;11795224;2026-02-23;1.63;1.70;1.60;1.68;1.68;3756428;;387725402
KINS;9076149;2026-02-23;15.87;16.00;15.40;15.74;15.74;194200;;14147428
KIRK;188255;2025-07-28;1.61;1.73;1.53;1.66;1.66;1072448;;22461383
KITE;73743;2017-10-19;179.79;179.79;179.79;179.79;179.79;0;;57181750
KITT;17976694;2026-02-23;0.89;0.89;0.81;0.83;0.83;1782140;;711870
KKD;47513;2016-08-04;21.00;21.00;21.00;21.00;21.00;0;;60914000
KKR;805180;2026-02-23;99.90;99.90;91.45;92.19;92.19;15262631;;890948725
KLAC;132518;2026-02-23;1489.87;1517.00;1456.00;1487.66;1487.66;843181;;131076611
KLC;18139905;2026-02-23;4.14;4.21;3.71;3.72;3.72;785125;;118318554
KLDI;16453515;2026-02-23;0.00;0.00;0.00;0.00;0.00;0;;43516392
KLEG;998410;2021-04-06;0.09;0.09;0.09;0.09;0.09;0;;50908240
KLIC;362126;2026-02-23;70.75;70.88;68.09;69.08;69.08;364262;;52326516
KLTR;10656574;2026-02-23;1.34;1.34;1.23;1.23;1.23;364964;;156334157
KLXE;10656680;2026-02-23;2.74;2.77;2.33;2.38;2.38;235328;;17838125
KLXI;98588;2018-10-09;62.99;62.99;62.99;62.99;62.99;0;;60185466
KMB;384594;2026-02-23;108.63;110.81;108.14;110.51;110.51;4920269;;331922371
KMDA;18474529;2026-02-23;8.80;8.93;8.75;8.88;8.88;44289;;57505031
KMG;51451;2018-12-14;76.14;76.14;76.14;76.14;76.14;0;;15553484
KMI;88392;2026-02-23;32.74;33.24;32.62;32.70;32.70;10038171;;2224806397
KMPR;1234775;2026-02-23;32.23;32.47;30.70;30.78;30.78;818632;;58714589
KMT;1234776;2026-02-23;39.40;39.59;38.31;39.04;39.04;1169248;;76198792
KMTS;18743381;2026-02-23;26.56;27.28;25.88;26.69;26.69;195094;;58349053
KMX;327637;2026-02-23;44.14;44.14;41.87;42.32;42.32;3747326;;141796641
KN;996259;2026-02-23;27.38;27.55;27.17;27.48;27.48;658154;;84913639
KND;510383;2018-07-02;9.00;9.00;9.00;9.00;9.00;0;9.00;91260624
KNDI;10656580;2026-02-23;1.04;1.04;1.00;1.01;1.01;108129;;87358234
KNF;9075754;2026-02-23;89.55;90.12;87.12;87.47;87.47;590447;;56664165
KNIT;13774428;2026-02-23;2.00;2.00;2.00;2.00;2.00;0;;26420200
KNOP;1249668;2026-02-23;10.38;10.49;10.22;10.30;10.30;88184;;34045081
KNSA;6767803;2026-02-23;47.78;49.12;47.27;47.39;47.39;782726;;69918287
KNSL;1022619;2026-02-23;373.00;377.65;370.53;372.70;372.70;270821;;23153066
KNTE;1841448;2024-04-03;2.65;2.65;2.65;2.65;2.65;0;;47225312
KNTK;17644000;2026-02-23;45.52;46.00;43.66;44.75;44.75;1196680;;157518898
KNWN;12444363;2026-02-23;0.43;0.44;0.39;0.43;0.43;408906;;388143679
KNX;993639;2026-02-23;61.19;61.26;58.66;59.20;59.20;2070678;;162425833
KO;82117;2026-02-23;79.52;80.84;79.50;80.56;80.56;17082289;;4300723069
KOD;10656592;2026-02-23;25.50;26.89;24.86;26.68;26.68;575578;;53048428
KODK;1023511;2026-02-23;7.58;7.72;7.50;7.53;7.53;549403;;96400000
KOF;18712197;2026-02-23;113.65;114.32;104.81;106.51;106.51;683048;;7936628152
KONAQ;884107;2021-06-23;0.08;0.08;0.08;0.08;0.08;16615;;13263825
KOP;7962690;2026-02-23;34.98;34.98;33.51;33.72;33.72;161014;;19613926
KOPN;807728;2026-02-23;2.25;2.25;2.12;2.15;2.15;1659445;;182513346
KORE;18126559;2026-02-23;5.23;5.25;5.20;5.22;5.22;19278;;17008356
KOS;998443;2026-02-23;2.12;2.16;2.02;2.06;2.06;16517685;;478326954
KOSS;13691216;2026-02-23;4.27;4.39;4.16;4.18;4.18;8079;;9466438
KPEA;13626517;2026-02-23;0.06;0.06;0.06;0.06;0.06;6112;;400000000
KPLT;1237814;2026-02-23;6.49;6.60;6.25;6.28;6.28;12679;;4643334
KPTI;786011;2026-02-23;9.61;10.38;9.45;10.03;10.03;591802;;18343968
KR;258154;2026-02-23;66.20;68.39;66.04;68.26;68.26;5230099;;632849160
KRA;985521;2022-03-18;46.49;46.49;46.49;46.49;46.49;0;;32148000
KRBP;11036169;2026-02-23;0.16;0.16;0.16;0.16;0.16;0;;1533272
KRC;117059;2026-02-23;31.93;32.02;31.06;31.22;31.22;2080672;;118503054
KREF;1345243;2026-02-23;6.71;6.84;6.67;6.69;6.69;907150;;64275643
KRFT;359197;2015-07-10;88.19;88.19;88.19;88.19;88.19;0;;591940002
KRG;949714;2026-02-23;26.06;26.25;25.81;26.24;26.24;2610327;;206792344
KRMD;12442252;2026-02-23;4.73;4.85;4.54;4.79;4.79;140448;;46322655
KRNL;15091635;2026-02-23;10.30;10.30;10.30;10.30;10.30;0;;8128091
KRNT;18662214;2026-02-20;15.43;16.32;15.43;15.60;15.60;216010;;46051461
KRNY;7962810;2026-02-23;8.16;8.30;7.74;7.83;7.83;392649;;64739151
KRO;726370;2026-02-23;6.05;6.12;5.85;5.91;5.91;330211;;115053116
KRON;15337171;2025-06-20;0.88;0.88;0.87;0.88;0.88;54089;;60969214
KROS;11795104;2026-02-23;16.03;16.10;15.32;15.71;15.71;457029;;30466069
KRP;10384253;2026-02-23;14.36;14.48;14.12;14.14;14.14;524664;;14491540
KRT;10656532;2026-02-23;25.21;25.25;24.39;24.69;24.69;40210;;20099505
KRTX;11794932;2026-02-23;329.83;329.83;329.83;329.83;329.83;0;;38147652
KRUS;11795234;2026-02-23;71.63;71.94;69.00;71.14;71.14;195428;;12111477
KRYS;1294979;2026-02-23;261.84;275.14;260.73;274.59;274.59;290661;;29232189
KSICU;11820473;2023-03-16;10.14;10.14;10.13;10.13;10.13;10903;;17500000
KSPN;197548;2024-07-29;0.00;0.00;0.00;0.00;0.00;0;;4965000
KSS;186130;2026-02-23;18.31;18.48;17.30;18.14;18.14;3217099;;112189191
KSU;99395;2021-12-13;293.89;297.00;289.03;293.59;293.59;40684807;;90980440
KT;1245425;2026-02-23;24.25;24.43;23.78;23.91;23.91;4493467;;245832946
KTB;10383942;2026-02-23;69.07;69.75;65.85;66.34;66.34;778216;;55593612
KTCC;13730836;2026-02-23;3.23;3.23;3.04;3.04;3.04;4393;;10859269
KTOS;895821;2026-02-23;93.27;95.08;91.00;94.31;94.31;3269634;;168840708
KTTA;16682802;2026-02-23;0.86;0.86;0.75;0.83;0.83;453009;;7443577
KTWO;350257;2018-11-09;27.50;27.50;27.50;27.50;27.50;0;;43737010
KULR;16633072;2026-02-23;2.90;2.90;2.72;2.77;2.77;985135;;24123702
KURA;795981;2026-02-23;8.36;8.73;8.20;8.35;8.35;1732997;;87017518
KURI;11819872;2021-10-21;9.62;9.97;9.19;9.20;9.20;147671;;12144523
KVACU;17836405;2026-02-23;11.50;11.50;11.50;11.50;11.50;0;;19366075
KVHI;9075880;2026-02-23;5.93;6.45;5.76;5.97;5.97;145247;;19573251
KVSA;11817369;2023-12-11;10.74;10.74;10.73;10.74;10.74;6313;;5990000
KVSC;11795256;2023-04-10;10.20;10.20;10.19;10.19;10.19;27190;;56330222
KVUE;9075752;2026-02-23;18.64;19.01;18.61;18.95;18.95;20869817;;1916732090
KW;949713;2026-02-23;10.90;10.94;10.88;10.92;10.92;4678141;;137904394
KWIK;16409723;2026-02-23;1.55;1.55;1.55;1.55;1.55;0;;3891218
KWR;116818;2026-02-23;172.56;173.22;166.29;169.97;169.97;217290;;17340035
KYIV;19483533;2026-02-23;11.85;11.96;11.35;11.93;11.93;1164185;;
KYMR;11795054;2026-02-23;87.16;89.49;85.69;88.43;88.43;568639;;64944136
KZR;9075900;2026-02-23;6.86;6.86;6.68;6.76;6.76;34927;;7323156
L;378182;2026-02-23;110.06;110.83;108.25;108.71;108.71;602536;;206052874
LAB;17644002;2026-02-23;1.11;1.14;1.10;1.11;1.11;1386983;;
LABL;35331;2019-07-01;50.10;50.10;49.95;50.01;50.01;1615970;;20543353
LAC;3307746;2026-02-23;4.48;4.59;4.42;4.57;4.57;7278652;;161931734
LAD;1050282;2026-02-23;296.16;297.90;282.50;284.97;284.97;396483;;24250030
LADR;998452;2026-02-23;10.50;10.56;10.35;10.36;10.36;453641;;127321390
LAKE;243284;2026-02-23;9.55;9.60;9.21;9.43;9.43;60020;;9570618
LAMR;143321;2026-02-23;132.19;133.03;129.74;132.03;132.03;675255;;100
LANC;253076;2025-06-30;171.97;173.10;171.01;172.77;172.77;172225;;27569000
LAND;1300438;2026-02-23;10.90;11.32;10.90;11.31;11.31;867528;;37266833
LANV;17622502;2026-02-23;1.58;1.69;1.54;1.62;1.62;30346;;139775804
LARK;130464;2026-02-23;26.92;26.94;26.92;26.94;26.94;3187;;6080108
LASR;7962860;2026-02-23;55.50;56.66;53.52;54.70;54.70;1089439;;50786007
LATG;13950754;2026-02-23;11.90;11.90;11.90;11.90;11.90;0;;
LAUR;6767549;2026-02-23;32.86;33.82;32.81;33.44;33.44;1172575;;142743630
LAW;17644004;2026-02-23;3.23;3.37;3.13;3.13;3.13;559503;;
LAYN;45965;2018-06-15;15.41;15.41;15.41;15.41;15.41;0;;20068036
LAZ;447656;2026-02-23;51.11;51.11;48.54;49.32;49.32;1200662;;112746606
LAZR;17644006;2026-02-23;0.19;0.19;0.19;0.19;0.19;0;;
LAZY;10656666;2024-01-16;5.53;5.74;5.27;5.34;5.34;52290;;11988899
LBAI;7962620;2024-05-15;13.45;13.52;13.09;13.43;13.43;773451;;65154526
LBC;7962858;2024-02-29;9.29;9.34;9.06;9.15;9.15;325907;;49407143
LBPH;12442240;2024-12-02;59.98;59.98;59.98;59.98;59.98;0;;39045703
LBRDA;1174185;2026-02-23;53.37;53.52;51.95;52.87;52.87;115753;;155782000
LBRT;6767529;2026-02-23;26.51;27.29;26.31;26.64;26.64;2554011;;162051526
LBRX;19666089;2026-02-23;23.63;24.25;23.46;24.01;24.01;122762;;
LBTYA;670717;2026-02-23;12.52;12.97;12.24;12.85;12.85;4768404;;1078604430
LBUY;653863;2026-02-23;0.01;0.01;0.01;0.01;0.01;1000;;100071075
LC;778892;2026-02-23;15.92;15.99;14.65;14.75;14.75;2112414;;115180598
LCAHU;11817628;2024-02-27;10.50;10.75;10.50;10.75;10.75;2000;;12500000
LCI;600871;2023-04-19;0.65;0.72;0.65;0.69;0.69;280660;;10292710
LCID;1291785;2026-02-23;9.52;9.76;9.12;9.44;9.44;7978574;;324168457
LCII;6767445;2026-02-23;148.30;148.30;141.90;141.90;141.90;453078;;24198010
LCNB;1092272;2026-02-23;17.50;17.50;16.86;17.10;17.10;35941;;14186645
LCTX;10656556;2026-02-23;1.80;1.86;1.74;1.77;1.77;995800;;230327537
LCUT;276271;2026-02-23;3.62;3.66;3.36;3.37;3.37;25969;;22655990
LCW;17429509;2026-02-23;10.87;10.87;10.87;10.87;10.87;0;;15088421
LDI;10656452;2026-02-23;2.00;2.01;1.89;1.90;1.90;2231665;;180330769
LDOS;902720;2026-02-23;172.18;174.00;170.60;172.00;172.00;1113136;;126392684
LDOS_old;625661;2026-02-23;172.18;174.00;170.60;172.00;172.00;1113136;;72800585
LDTC;18185434;2026-02-23;0.15;0.15;0.15;0.15;0.15;0;;
LE;182473;2026-02-23;18.77;19.10;16.71;17.12;17.12;324700;;30551068
LEA;610198;2026-02-23;134.76;134.76;131.03;132.86;132.86;373455;;50727454
LEAF;652547;2021-06-14;8.49;8.49;8.49;8.49;8.49;0;;36032095
LEAT;155590;2025-11-07;10.00;10.10;10.00;10.10;10.10;2382;;6199164
LECO;1056278;2026-02-23;286.75;287.50;279.30;281.17;281.17;220904;;55026176
LEDS;93692;2026-02-23;1.56;1.57;1.56;1.57;1.57;3226;;8226153
LEE;652664;2026-02-23;8.60;9.50;7.56;8.35;8.35;122116;;22239629
LEG;378178;2026-02-23;11.75;11.79;11.36;11.37;11.37;1673861;;135436282
LEGH;998533;2026-02-23;21.71;21.90;20.74;21.32;21.32;107897;;23868727
LEGN;1334960;2026-02-23;21.07;21.58;18.94;19.75;19.75;6192211;;367298315
LEGT;17718924;2026-02-23;10.95;10.95;10.90;10.93;10.93;20839;;25799375
LEN;80077;2026-02-23;116.50;116.77;113.12;116.20;116.20;2377588;;246986755
LESL;10384160;2026-02-23;1.06;1.06;0.92;0.93;0.93;153477;;9316575
LEU;3239480;2026-02-23;199.98;201.74;192.30;200.99;200.99;725693;;19664565
LEVI;705588;2026-02-23;22.70;22.83;21.54;21.76;21.76;2848988;;390467287
LEVL;9076279;2022-03-31;40.31;40.42;39.80;39.93;39.93;115657;;7565000
LFACU;11820444;2026-02-23;10.10;10.10;10.10;10.10;10.10;1298;;18997108
LFCR;17644008;2026-02-23;7.20;7.31;6.96;7.29;7.29;135905;;30898255
LFG;1293028;2022-12-28;26.00;26.00;26.00;26.00;26.00;0;;81044814
LFMD;17644010;2026-02-23;2.80;2.81;2.61;2.64;2.64;792184;;
LFMDP;11817006;2026-02-23;22.68;22.68;22.35;22.47;22.47;2016;;48135885
LFST;11794986;2026-02-23;7.15;7.23;6.92;7.09;7.09;1424544;;389000281
LFUS;132253;2026-02-23;370.01;372.99;362.18;368.38;368.38;204844;;25107673
LFVN;1241829;2026-02-23;4.80;4.81;4.49;4.59;4.59;173327;;12793359
LGCY;795422;2026-02-23;12.62;12.81;12.45;12.75;12.75;71567;;61062850
LGF-B;6767483;2025-05-06;7.56;7.79;7.33;7.69;7.69;1667286;;240480559
LGIH;530141;2026-02-23;55.47;55.47;53.00;53.19;53.19;395581;;23133086
LGIQ;11035397;2026-02-23;0.00;0.00;0.00;0.00;0.00;0;;279447540
LGL;528980;2026-02-23;7.28;7.29;7.19;7.26;7.26;6401;;5531537
LGND;898544;2026-02-23;183.23;185.18;179.46;183.65;183.65;159647;;19681720
LGVN;14101618;2026-02-23;0.58;0.58;0.55;0.57;0.57;73757;;21332881
LGYV;11819505;2026-02-23;2.50;2.50;2.50;2.50;2.50;0;;50315064
LH;378177;2026-02-23;281.04;289.37;278.97;285.30;285.30;760589;;82900000
LHAI;19439005;2026-02-23;1.35;1.40;1.22;1.26;1.26;119367;;16230000
LHCG;693030;2023-02-22;169.81;169.81;169.81;169.81;169.81;0;;30565000
LHIL;14864236;2024-03-04;3.25;3.25;3.25;3.25;3.25;0;;4825000
LHX;248838;2026-02-23;355.24;359.53;354.20;355.14;355.14;1047560;;186776263
LIAN;11819826;2026-02-23;0.09;0.09;0.09;0.09;0.09;0;;107162025
LICY;15204654;2026-02-23;0.84;0.84;0.84;0.84;0.84;0;;44541690
LIDR;15585596;2026-02-23;1.64;1.67;1.56;1.58;1.58;445572;;39943121
LIFE;10656726;2026-02-23;11.47;11.95;10.60;11.00;11.00;650788;;97986634
LIFX;14159417;2026-02-23;22.91;22.91;22.91;22.91;22.91;0;;78400518
LII;98304;2026-02-20;552.47;572.66;549.12;561.01;561.01;366228;;34802911
LILA;6767553;2026-02-23;8.04;8.19;7.92;8.01;8.01;324378;;232609928
LILAK;17644012;2026-02-23;8.10;8.29;8.05;8.12;8.12;1128340;;
LIN;1117109;2026-02-23;493.55;500.57;492.77;498.19;498.19;2151503;;466948930
LINC;10656648;2026-02-23;31.00;33.23;29.86;33.04;33.04;1052335;;31623795
LIND;7962728;2026-02-23;20.84;20.97;19.60;20.02;20.02;646266;;54318812
LINE;640898;2024-11-27;28.00;28.21;26.88;26.88;26.88;2531;;154333746
LINK;15464873;2026-02-23;3.14;3.58;3.07;3.44;3.44;71186;;14796321
LION;692284;2026-02-23;8.45;8.53;8.27;8.41;8.41;1891655;;27657411
LIPO;14101614;2026-02-23;0.17;0.17;0.17;0.17;0.17;375;;4620837
LIQT;15394198;2026-02-23;1.53;1.53;1.50;1.50;1.50;1194;;9449401
LITB;18683995;2026-02-23;2.68;2.70;2.51;2.60;2.60;5463;;220668763
LITE;183087;2026-02-23;664.05;688.07;652.21;674.73;674.73;4477156;;71400000
LITM;17797195;2026-02-23;3.05;3.06;2.93;2.98;2.98;102844;;
LITT;11817098;2023-06-15;10.24;10.24;10.24;10.24;10.24;1700;;42612014
LIVE;655099;2026-02-23;17.74;18.11;16.65;16.65;16.65;6389;;3071656
LIVN;678892;2026-02-23;67.96;68.38;66.43;68.35;68.35;850997;;54605527
LIVX;9075786;2026-02-23;4.83;5.25;4.80;5.14;5.14;133852;;11645397
LIXT;11035962;2026-02-23;2.98;3.05;2.82;2.90;2.90;33138;;5704200
LKCRU;12444427;2026-02-23;6.10;6.10;6.10;6.10;6.10;0;;29620000
LKFN;6767701;2026-02-23;60.35;60.60;57.86;58.66;58.66;265760;;25528732
LKQ;124743;2026-02-23;33.76;34.29;32.82;33.29;33.29;2061315;;255132267
LKSD;941948;2021-03-10;0.02;0.03;0.02;0.02;0.02;269509;;33586062
LL;517434;2024-08-12;0.84;0.84;0.84;0.84;0.84;0;;30657355
LLAP;11819547;2024-10-30;0.25;0.25;0.25;0.25;0.25;0;;204355515
LLL;378176;2019-06-28;247.31;248.75;244.00;245.17;245.17;3744933;;77308876
LLNW;1014805;2022-06-15;2.42;2.51;2.38;2.46;2.46;1754132;;134023000
LLPP;1077531;2026-02-23;1.30;1.31;1.25;1.30;1.30;21747;;48337555
LLTC;178219;2017-03-20;65.00;65.00;65.00;65.00;65.00;0;;240775705
LLY;378181;2026-02-23;1047.02;1064.45;1034.00;1058.56;1058.56;4756853;;943357420
LMAO;12444285;2022-10-28;10.50;22.00;9.80;12.35;12.35;560236;;13041000
LMAT;6767627;2026-02-23;92.94;93.00;90.86;91.38;91.38;207175;;22685994
LMB;733746;2026-02-23;97.23;100.70;91.43;92.57;92.57;98498;;11626814
LMFA;11035939;2026-02-23;0.34;0.34;0.31;0.32;0.32;113572;;3397042
LMND;1070336;2026-02-23;57.20;57.20;50.43;50.51;50.51;6231556;;74731027
LMNR;1077535;2026-02-23;14.01;14.09;13.80;13.96;13.96;48098;;18119117
LMNX;9076249;2026-02-23;16.45;16.45;12.72;12.80;12.80;230657;;45889000
LMST;12442278;2023-05-01;23.42;23.42;23.42;23.42;23.42;0;;7638855
LMT;103644;2026-02-23;655.62;663.27;653.69;660.62;660.62;1186799;;230080240
LNC;243942;2026-02-23;39.57;39.75;35.57;35.69;35.69;5261599;;190090406
LND;17797923;2026-02-23;3.97;4.04;3.95;4.02;4.02;79138;;102683444
LNG;260533;2026-02-23;226.75;229.51;223.05;223.35;223.35;1867186;;215234776
LNKB;16633074;2026-02-23;9.22;9.29;8.78;8.81;8.81;185687;;37455648
LNN;80469;2026-02-23;136.85;137.22;134.89;135.75;135.75;81213;;10454669
LNSR;14814693;2026-02-23;11.73;11.83;11.53;11.69;11.69;23847;;11944546
LNT;119577;2026-02-23;71.38;72.20;71.22;71.91;71.91;3943175;;257140829
LNTH;179201;2026-02-23;73.03;73.73;72.29;73.42;73.42;650065;;66311779
LNZA;17644014;2026-02-23;9.73;9.73;7.88;7.98;7.98;12175;;
LOAN;15071404;2026-02-23;4.45;4.48;4.40;4.42;4.42;19188;;11438651
LOB;6767799;2026-02-23;40.20;41.01;37.28;38.30;38.30;528675;;45857617
LOCC;1371314;2023-11-29;10.43;10.43;10.43;10.43;10.43;100000;;20000000
LOCL;16682788;2026-02-23;1.75;1.75;1.51;1.55;1.55;21501;;8643831
LOCMQ;666129;2026-02-23;0.00;0.00;0.00;0.00;0.00;0;;23306184
LOCO;7962906;2026-02-23;10.77;10.80;10.56;10.58;10.58;172464;;29954935
LODE;11034293;2026-02-23;3.07;3.20;2.99;3.05;3.05;2172330;;51264247
LOGI;353811;2026-02-23;90.02;90.27;88.84;89.38;89.38;743822;;146588946
LOGM;641732;2020-08-31;86.04;86.04;86.04;86.04;86.04;0;;49028170
LOPE;760533;2026-02-23;156.11;156.11;151.17;153.90;153.90;414997;;27143454
LORL;9076305;2022-02-28;41.52;41.52;41.52;41.52;41.52;21;;30933000
LOV;147014;2023-09-07;0.24;0.27;0.21;0.21;0.21;188492;;32176023
LOVE;1207326;2026-02-23;13.21;13.21;12.59;12.61;12.61;362516;;14617106
LOW;186050;2026-02-23;280.76;281.98;272.34;274.36;274.36;3057177;;560951457
LPCN;11035361;2026-02-23;9.71;10.31;9.12;9.50;9.50;222055;;5551931
LPG;976577;2026-02-23;35.39;35.40;34.30;34.65;34.65;395520;;42744103
LPL;18825174;2026-02-23;4.88;4.96;4.84;4.87;4.87;780647;;500000000
LPLA;639823;2026-02-23;314.98;319.32;303.74;303.88;303.88;1110245;;80037622
LPRO;1338985;2026-02-23;1.47;1.50;1.40;1.40;1.40;539705;;118189443
LPSN;975527;2026-02-23;2.80;2.80;2.63;2.68;2.68;128669;;11857018
LPTH;246855;2026-02-23;11.90;12.10;10.71;11.20;11.20;2596893;;57708603
LPTV;11819193;2026-02-23;0.00;0.00;0.00;0.00;0.00;7;;147691416
LPTX;11034699;2025-11-12;0.60;2.54;0.58;2.05;2.05;760562526;;56651840
LPX;849042;2026-02-23;80.49;81.46;78.53;81.40;81.40;1214445;;69830343
LQDA;7962832;2026-02-23;33.52;34.13;31.64;32.74;32.74;1956168;;86995483
LQDT;533622;2026-02-23;31.45;31.55;30.59;30.73;30.73;170211;;31013881
LQMT;15091637;2026-02-23;0.12;0.13;0.11;0.12;0.12;428373;;917285149
LRCX;101897;2026-02-23;245.35;249.40;237.37;242.27;242.27;9401064;;1248771000
LRDC;176863;2026-02-23;0.70;0.73;0.70;0.73;0.73;39111;;77643102
LRFC;15539335;2025-07-15;19.08;19.08;19.08;19.08;19.08;0;;2655973
LRMR;10656622;2026-02-23;2.96;3.00;2.71;2.81;2.81;907260;;85590392
LRN;10384209;2026-02-23;81.86;82.52;79.83;80.89;80.89;693454;;42580290
LSBK;15394196;2026-02-23;15.55;15.60;15.55;15.59;15.59;12697;;7797919
LSCC;1234777;2026-02-23;97.31;98.98;96.32;97.66;97.66;1549178;;136786203
LSDI;13810648;2024-09-13;0.01;0.01;0.00;0.00;0.00;441;;1764630
LSE;18266284;2026-02-23;4.32;4.71;4.32;4.67;4.67;1344;;17025000
LSEA;10656570;2025-06-25;11.31;11.31;11.31;11.31;11.31;0;;36409560
LSI;901127;2023-07-19;135.00;139.20;132.94;133.10;133.10;7205202;;84322000
LSI_old;447735;2023-07-19;135.00;139.20;132.94;133.10;133.10;7205202;;848056367
LSTR;770173;2026-02-23;153.22;153.94;145.25;146.01;146.01;644940;;34344702
LSXMA;629561;2026-02-23;22.29;22.29;22.29;22.29;22.29;0;;331113697
LSYN;954544;2022-05-13;3.75;3.75;3.75;3.75;3.75;0;;26588220
LTBR;11034815;2026-02-23;12.61;13.00;12.24;12.48;12.48;769215;;32371338
LTC;949721;2026-02-23;38.98;39.66;38.98;39.19;39.19;301185;;47614192
LTCH;1297055;2026-02-23;0.20;0.21;0.19;0.19;0.19;7527;;164257801
LTH;11794964;2026-02-23;28.72;29.10;27.48;28.41;28.41;2707046;;220512238
LTHM;920443;2024-01-04;16.51;16.51;16.51;16.51;16.51;0;;179700000
LTMAY;18526127;2024-07-24;97.00;97.00;97.00;97.00;97.00;0;;302218939
LTRN;15271646;2026-02-23;2.55;2.73;2.45;2.56;2.56;69433;;11184423
LTRPA;651624;2026-02-23;0.26;0.26;0.26;0.26;0.26;0;;77899922
LTRX;172507;2026-02-23;5.86;6.08;5.76;5.87;5.87;456769;;39692026
LTUM;11035709;2026-02-23;0.10;0.10;0.10;0.10;0.10;76707;;117892441
LU;19937593;2026-02-20;2.94;2.94;2.81;2.82;2.82;986317;;1733376334
LUCD;15464881;2026-02-23;1.34;1.45;1.32;1.43;1.43;738311;;137683002
LUCY;15464877;2026-02-23;1.12;1.12;1.04;1.04;1.04;78858;;5350183
LULU;90670;2026-02-23;184.84;185.00;176.68;178.11;178.11;2318985;;112190041
LUMN;373834;2026-02-23;7.71;7.71;7.27;7.45;7.45;10017271;;1024369609
LUMO;809595;2024-12-12;4.34;4.34;4.34;4.34;4.34;0;;8648618
LUNA;816577;2026-02-23;1.11;1.50;1.11;1.50;1.50;11591;;32800690
LUNG;1253400;2026-02-23;1.50;1.55;1.45;1.48;1.48;407818;;41247034
LUNR;15464879;2026-02-23;16.83;18.48;16.68;18.14;18.14;8062845;;84172557
LUV;205563;2026-02-23;51.87;52.37;50.25;50.90;50.90;8813357;;491317990
LUXH;17429447;2026-02-23;0.00;0.00;0.00;0.00;0.00;0;;2262317
LVGO;936620;2020-10-30;139.77;139.77;139.77;139.77;139.77;0;;100308000
LVLT;378179;2017-11-01;53.63;53.63;53.63;53.63;53.63;0;;362799950
LVLU;12444755;2026-02-23;15.24;16.24;14.24;14.96;14.96;10649;;2803464
LVO;17644016;2026-02-23;4.83;5.25;4.80;5.14;5.14;133852;;
LVOX;10656552;2023-12-22;3.73;3.75;3.73;3.73;3.73;318302;;92842000
LVRO;17797927;2026-02-23;0.35;0.39;0.30;0.30;0.30;105715;;114585757
LVS;1076498;2026-02-23;57.73;58.00;55.04;55.72;55.72;5576588;;671910723
LVVR;15585634;2026-02-23;2.65;2.65;2.65;2.65;2.65;0;;12700000
LVWR;14076246;2026-02-23;2.15;2.18;1.76;1.76;1.76;117544;;204341376
LW;1077538;2026-02-23;47.66;48.07;46.97;47.22;47.22;1477646;;138879884
LWAY;11033900;2026-02-23;21.90;22.23;21.61;21.70;21.70;45962;;15228763
LWLG;11795340;2026-02-23;3.40;3.54;3.37;3.53;3.53;628906;;114410947
LWLW;16633076;2025-01-17;0.10;0.10;0.10;0.10;0.10;0;;80393905
LX;18752877;2026-02-23;3.00;3.01;2.91;2.93;2.93;740196;;
LXFR;14101616;2026-02-23;15.65;15.65;15.07;15.17;15.17;96916;;26721510
LXP;949715;2026-02-23;47.77;48.65;47.32;48.50;48.50;744751;;59077036
LXRP;748226;2021-01-11;0.23;0.25;0.21;0.22;0.22;2151506;;80720879
LXRX;56235;2026-02-23;1.52;1.56;1.47;1.51;1.51;2399690;;363398680
LXU;926950;2026-02-23;10.04;10.26;9.83;10.07;10.07;494114;;71944499
LYB;378183;2026-02-23;55.45;57.70;55.37;56.66;56.66;7708330;;322169978
LYEL;11795284;2026-02-23;21.25;23.50;21.25;22.71;22.71;247611;;21218217
LYFT;939173;2026-02-23;13.70;13.75;13.16;13.29;13.29;16473755;;398107601
LYG;18300843;2026-02-23;5.80;5.82;5.63;5.70;5.70;21217985;;63569225662
LYRA;15394200;2026-02-23;1.46;1.46;1.43;1.45;1.45;5255;;1774882
LYTS;10656500;2026-02-23;21.97;22.00;21.08;21.37;21.37;139481;;31133195
LYV;682157;2026-02-23;162.88;165.35;157.75;158.28;158.28;3508175;;234801922
LZ;1271647;2026-02-23;6.55;6.55;6.14;6.23;6.23;4017586;;177270258
LZB;63005;2026-02-23;36.19;36.91;35.19;35.27;35.27;447946;;40923710
LZM;17644018;2026-02-23;4.18;4.33;4.12;4.19;4.19;216618;;
M;185124;2026-02-23;22.15;22.15;20.36;21.27;21.27;8069223;;265883109
MA;331628;2026-02-23;520.47;522.72;490.00;496.03;496.03;6272259;;891812311
MAA;744578;2026-02-23;133.94;136.01;132.91;133.33;133.33;1161627;;116901020
MAC;378184;2026-02-23;20.70;20.84;20.15;20.22;20.22;2265067;;256670747
MACK;819013;2024-05-28;15.13;15.13;15.13;15.13;15.13;0;;14788369
MACQ;11795232;2021-12-22;9.98;9.98;9.50;9.66;9.66;72559;;39531200
MAG;18602771;2025-09-03;24.96;25.09;24.35;24.47;24.47;1930110;;
MAIA;15337173;2026-02-23;2.03;2.25;1.97;2.16;2.16;366890;;37032307
MAIN;10383653;2026-02-23;57.68;58.43;56.57;56.78;56.78;712853;;89587543
MAMA;17644020;2026-02-23;15.75;16.36;15.59;16.05;16.05;741720;;
MAMS;265007;2019-10-21;12.12;12.12;12.12;12.12;12.12;0;;12624973
MAN;348449;2026-02-23;28.26;28.37;26.13;26.13;26.13;1864984;;46297180
MANH;105128;2026-02-23;141.56;142.33;129.65;130.10;130.10;1015840;;59847548
MANT;9076252;2022-09-16;95.98;95.98;95.98;95.98;95.98;98;;40937000
MANU;17685544;2026-02-23;17.42;17.47;17.13;17.40;17.40;201149;;56080686
MAPS;10656716;2026-02-23;0.68;0.68;0.63;0.64;0.64;1217645;;152434611
MAQC;17598802;2026-02-23;2.14;2.14;2.14;2.14;2.14;0;;5219914
MAR;98192;2026-02-23;348.46;348.65;337.77;342.62;342.62;1729822;;264984554
MARA;914944;2026-02-23;7.75;8.13;7.58;7.88;7.88;32723530;;272956165
MARK;652365;2026-02-23;0.00;0.00;0.00;0.00;0.00;3859;;61902455
MARX;13511318;2025-01-02;7.26;9.07;2.19;2.48;2.48;802814;;9292000
MAS;255010;2026-02-23;75.15;75.44;73.43;73.82;73.82;2109795;;203607085
MASI;350340;2026-02-23;175.20;175.69;175.20;175.25;175.25;2267991;;53713949
MASS;1250892;2026-02-23;6.70;6.75;6.36;6.49;6.49;371901;;36192978
MAT;378187;2026-02-23;17.26;17.54;17.00;17.23;17.23;7467624;;310800000
MATR;1072403;2018-08-20;2.68;2.68;2.68;2.68;2.68;0;;33208305
MATV;17644022;2026-02-23;11.24;11.50;10.73;10.98;10.98;659120;;
MATW;6767717;2026-02-23;26.25;26.48;25.69;26.10;26.10;174796;;31126081
MATX;885542;2026-02-23;167.00;167.00;161.31;164.38;164.38;263797;;31180035
MAX;11817759;2026-02-23;7.79;8.00;7.58;7.77;7.77;1687511;;67469675
MAXR;1145425;2023-05-08;52.99;52.99;52.99;52.99;52.99;0;;74300000
MAYS;13511448;2026-02-23;60.00;61.99;42.13;50.00;50.00;15489;;2015780
MAZE;19093842;2026-02-23;44.83;46.85;44.20;45.54;45.54;378331;;48119444
MB;698225;2026-02-23;4.92;5.93;4.92;5.70;5.70;156068;;47919126
MBBC;13841945;2026-02-23;13.25;13.25;13.25;13.25;13.25;191;;2135761
MBC;14101620;2026-02-23;11.51;11.51;10.75;10.97;10.97;2402389;;127537368
MBCN;9075874;2026-02-23;35.05;35.24;33.84;33.94;33.94;42319;;8086886
MBFI;447767;2019-03-21;43.60;43.71;42.16;42.38;42.38;35365244;;84479464
MBI;7962796;2026-02-23;6.26;6.28;6.00;6.01;6.01;316006;;50493626
MBII;9076349;2022-09-07;0.80;0.80;0.80;0.80;0.80;38;;182261000
MBIN;6767775;2026-02-23;45.18;45.29;42.68;43.23;43.23;260713;;45889238
MBIO;809799;2026-02-23;0.97;1.04;0.94;0.99;0.99;53456;;6453701
MBLY;14076248;2026-02-23;8.96;8.98;8.57;8.70;8.70;5451773;;841381514
MBOT;705845;2026-02-23;2.03;2.06;1.99;2.05;2.05;936127;;67158044
MBRX;11035340;2026-02-23;2.47;2.49;2.28;2.33;2.33;233891;;2036419
MBUU;1338977;2026-02-23;31.37;31.74;29.98;30.55;30.55;225507;;18602535
MBWM;815912;2026-02-23;54.72;54.72;51.83;52.32;52.32;108769;;16253600
MC;878834;2026-02-23;62.03;62.23;60.10;60.76;60.76;1465360;;78320757
MCAA;17711158;2026-02-23;11.39;11.39;11.39;11.39;11.39;0;;28750000
MCAC;15112473;2026-02-23;2.08;2.08;1.96;2.05;2.05;553334;;99973782
MCAD;11819618;2024-05-24;0.01;0.01;0.01;0.01;0.01;190448;;2463428
MCB;9075824;2026-02-23;93.13;94.85;88.79;89.70;89.70;94574;;10116117
MCBC;745864;2024-08-01;14.82;14.82;14.82;14.82;14.82;0;;34361562
MCBS;10656490;2026-02-23;29.09;29.09;28.03;28.32;28.32;135719;;25480661
MCD;243628;2026-02-23;330.43;335.58;330.25;334.56;334.56;3803377;;712154350
MCF;684099;2021-12-07;3.36;3.37;3.15;3.22;3.22;3621013;;200686671
MCFT;208137;2026-02-23;23.29;23.29;22.20;22.54;22.54;136233;;16284904
MCGAU;19807715;2026-02-23;10.26;10.26;10.26;10.26;10.26;212;;23581250
MCHP;333440;2026-02-23;77.14;77.75;74.60;76.60;76.60;4992015;0.46;541135458
MCHX;11033911;2026-02-23;1.50;1.51;1.46;1.51;1.51;19641;;43906261
MCK;380928;2026-02-23;945.00;963.00;943.68;949.25;949.25;545113;;122487456
MCLE;13511296;2026-02-23;0.03;0.03;0.03;0.03;0.03;7;;5920000
MCMJ;11819265;2025-12-12;37.00;37.00;37.00;37.00;37.00;1;;6275
MCO;88874;2026-02-23;445.08;451.11;436.29;437.11;437.11;1399106;;177300000
MCRB;7962688;2026-02-23;8.65;8.82;8.05;8.16;8.16;66777;;9046519
MCRI;6767653;2026-02-23;95.60;95.90;92.05;94.43;94.43;120231;;18250291
MCRP;18988624;2026-02-23;3.69;4.19;3.42;3.91;3.91;533020;;30000000
MCS;7962758;2026-02-23;16.34;16.34;15.72;15.81;15.81;90377;;6984584
MCW;1248289;2026-02-23;7.00;7.03;6.99;6.99;6.99;2904759;;327568371
MCY;1234778;2026-02-23;86.62;86.62;83.50;83.81;83.81;456703;;55388627
MD;905672;2026-02-23;18.64;19.93;18.56;19.74;19.74;1752807;;83001072
MDB;720635;2026-02-23;337.65;337.95;298.00;305.37;305.37;3004150;;81391760
MDC;6767435;2024-04-19;62.98;62.98;62.98;62.98;62.98;0;;75047701
MDGL;3307750;2026-02-23;424.20;440.99;424.20;437.79;437.79;535337;;22939969
MDH;11817660;2022-12-29;9.70;10.51;9.70;10.04;10.04;143952;;27600000
MDIA;11035196;2026-02-23;0.60;0.60;0.58;0.60;0.60;1601;;24947000
MDLZ;378190;2026-02-23;58.60;60.70;58.50;60.38;60.38;9391638;;1281845669
MDP;253689;2021-12-01;59.10;59.16;59.02;59.07;59.07;3338071;;40719945
MDR;638112;2020-01-22;0.70;0.70;0.70;0.70;0.70;0;;193000000
MDRRP;11817964;2026-02-23;25.11;25.11;25.11;25.11;25.11;0;;1112405
MDRX;495816;2026-02-23;4.30;4.40;4.30;4.30;4.30;1044;;108264904
MDSO;497390;2019-10-28;92.24;92.26;92.21;92.22;92.22;7301589;;62456410
MDT;73420;2026-02-23;96.65;98.98;96.54;98.61;98.61;5932900;;1282014208
MDU;1063682;2026-02-23;20.23;20.56;19.93;20.08;20.08;1643582;;204382821
MDV;14864240;2026-02-23;15.34;15.60;15.21;15.48;15.48;58381;;
MDVL;11035699;2024-02-12;2.51;2.54;1.74;1.80;1.80;241056;;35964900
MDWD;17644024;2026-02-20;17.30;17.87;17.16;17.87;17.87;81778;;10793057
MDXG;693702;2026-02-23;5.26;5.34;5.13;5.33;5.33;943262;;148102159
ME;11795194;2026-02-23;0.61;0.61;0.61;0.61;0.61;0;;27541494
MEC;11819932;2026-02-23;22.00;22.00;21.34;21.82;21.82;120508;;20318370
MECK;666666;2018-04-10;0.00;0.00;0.00;0.00;0.00;0;;6057662
MED;951290;2026-02-23;10.61;10.74;10.35;10.60;10.60;260544;;10991273
MEDF;662704;2022-04-29;0.00;0.00;0.00;0.00;0.00;0;;105109341
MEDP;989058;2026-02-23;450.46;456.79;434.92;444.96;444.96;405081;;28381283
MEDS;11036223;2026-02-23;0.40;0.41;0.37;0.37;0.37;263180;;40630815
MEEC;16633078;2026-02-23;2.80;2.98;2.75;2.76;2.76;71089;;19230631
MEET;652598;2020-09-04;6.29;6.29;6.29;6.29;6.29;0;;72854749
MEG;10384287;2026-02-23;22.70;22.99;22.02;22.28;22.28;391984;;35337667
MEI;64377;2026-02-23;8.75;8.76;8.43;8.63;8.63;284377;;35408249
MEIP;187582;2025-09-10;2.89;3.25;2.85;3.07;3.07;3973624;;6662857
MELI;884834;2026-02-23;1995.35;2008.19;1848.91;1864.46;1864.46;754059;;50697182
MENI;663942;2026-02-23;0.00;0.00;0.00;0.00;0.00;0;;91827466
MENT;181078;2017-03-31;37.25;37.25;37.25;37.25;37.25;0;;110383000
MEPW;11818626;2026-02-23;1.30;1.30;1.30;1.30;1.30;0;;7375000
MERC;10656414;2026-02-23;2.04;2.04;1.91;1.97;1.97;450063;;66982506
MESA;9076054;2026-02-23;21.00;21.00;1.40;1.40;1.40;0;;41886643
MESO;17612554;2026-02-23;16.59;16.74;16.38;16.68;16.68;146537;;1279967187
MET;380562;2026-02-23;78.79;79.30;74.13;75.24;75.24;5240538;;658891656
META;121021;2026-02-23;652.54;657.70;636.00;637.25;637.25;8547010;;2529555464
METC;7962936;2026-02-23;16.00;17.33;16.00;17.20;17.20;1652313;;66002566
METCB;17644026;2026-02-20;12.93;13.37;12.50;13.08;13.08;22718;;
MFA;761717;2026-02-23;10.05;10.13;9.89;9.90;9.90;1195450;;102093862
MFAC;1351641;2025-01-31;5.00;5.16;4.99;5.00;5.00;128427;;12099490
MFG;19181141;2026-02-23;9.40;9.45;9.18;9.19;9.19;4194094;;2513757794
MFIN;10656678;2026-02-23;10.41;10.42;9.85;9.87;9.87;106753;;23279435
MFON;714287;2026-02-23;0.09;0.09;0.09;0.09;0.09;0;;73976596
MFRM;54697;2016-09-19;64.02;64.02;64.02;64.02;64.02;0;;37228002
MG;9075806;2026-02-23;14.82;14.83;14.58;14.73;14.73;157229;;31548153
MGCD;55248;2018-01-08;11.03;11.03;11.03;11.03;11.03;0;;4409088
MGEE;703431;2026-02-23;80.87;82.00;80.75;81.50;81.50;141583;;36541849
MGI;6767807;2023-06-01;10.99;10.99;10.99;10.99;10.99;0;;97200000
MGIC;19124776;2026-02-23;17.96;18.29;17.25;17.38;17.38;137076;;49099305
MGLD;13841947;2026-02-23;1.08;1.14;1.03;1.14;1.14;9132;;42811212
MGLN;945856;2022-01-04;94.99;94.99;94.99;94.99;94.99;0;;26126570
MGM;139431;2026-02-23;36.46;36.55;33.80;34.25;34.25;6098643;;255828519
MGNI;683438;2026-02-23;12.01;12.23;11.25;11.32;11.32;2607445;;143647869
MGNX;790123;2026-02-23;1.70;1.77;1.70;1.75;1.75;287405;;63258532
MGP;949731;2022-05-19;41.64;41.64;41.64;41.64;41.64;0;;156818000
MGPI;968242;2026-02-23;25.82;26.25;24.90;25.34;25.34;322976;;21294315
MGRC;6767509;2026-02-23;113.00;113.77;108.23;113.07;113.07;222611;;24611657
MGRM;15204656;2025-10-07;6.00;6.00;6.00;6.00;6.00;0;;40632367
MGTA;9076108;2023-09-11;0.71;0.76;0.68;0.70;0.70;376060;;60650473
MGTX;9075762;2026-02-23;7.45;7.70;7.45;7.54;7.54;293587;;80490889
MGY;11794952;2026-02-23;27.11;27.42;26.86;27.30;27.30;2440744;;186405905
MGYR;13511382;2026-02-23;18.45;18.45;18.45;18.45;18.45;162;;6477991
MHH;160053;2026-02-23;6.61;6.64;6.27;6.51;6.51;23870;;11697331
MHK;333439;2026-02-23;127.41;127.41;123.28;124.15;124.15;629136;;61821362
MHLD;9075860;2025-05-27;1.02;1.29;1.02;1.15;1.15;493715;;99039253
MHO;1251881;2026-02-23;143.18;143.41;138.74;141.04;141.04;190072;;25767709
MHUA;18807158;2026-02-23;7.61;7.61;7.61;7.61;7.61;0;;319045
MIC;345220;2022-07-21;4.09;4.09;4.09;4.09;4.09;0;;87593632
MICR;706150;2026-02-23;0.00;0.00;0.00;0.00;0.00;0;;2906608709
MICT;706645;2023-02-24;0.90;0.94;0.88;0.93;0.93;186033;;129566207
MIDD;993573;2026-02-23;160.77;162.11;156.25;158.15;158.15;679261;;50371250
MIK;50465;2021-04-15;21.97;21.97;21.97;21.97;21.97;0;;141610518
MIND;198210;2026-02-23;7.86;8.09;7.73;7.75;7.75;130805;;9038082
MIR;10384183;2026-02-23;21.06;21.26;20.33;20.50;20.50;4282394;;250532347
MIRA;16682792;2026-02-23;1.17;1.23;1.16;1.23;1.23;82567;;14780885
MIRM;10384273;2026-02-23;104.80;106.84;104.15;105.89;105.89;427446;;51393574
MIST;998596;2026-02-23;1.68;1.71;1.64;1.69;1.69;1081141;;85169344
MIT;11795258;2023-02-02;10.13;10.14;10.13;10.14;10.14;1653260;;50000000
MITA;18045540;2025-06-26;11.51;11.51;11.51;11.51;11.51;0;;18750000
MITK;369106;2026-02-23;12.91;12.92;12.23;12.39;12.39;541125;;45316289
MITQ;13841943;2026-02-23;0.61;0.62;0.57;0.62;0.62;38661;;9945115
MITT;10656728;2026-02-23;8.17;8.27;7.91;7.95;7.95;301562;;31744449
MIXT;10656640;2026-02-23;14.55;14.55;14.55;14.55;14.55;0;;554020612
MIXX;103135;2026-02-23;0.00;0.00;0.00;0.00;0.00;0;;15001907
MJCO;110826;2020-09-21;15.97;16.06;15.97;16.00;16.00;903458;;43372515
MJID;19862349;2026-02-23;0.17;0.17;0.16;0.17;0.17;148332;;20500000
MJN;378188;2017-07-14;89.98;89.98;89.98;89.98;89.98;0;;183640008
MJTK;659836;2021-04-14;0.00;0.00;0.00;0.00;0.00;4589999;;2538251030
MKC;251282;2026-02-23;67.91;69.91;67.53;69.53;69.53;2965823;;14851729
MKDW;16872322;2026-02-23;2.23;2.39;2.22;2.35;2.35;46408;;
MKFG;1380978;2025-04-25;4.74;4.74;4.74;4.74;4.74;900;;20746967
MKL;205470;2026-02-23;2076.52;2096.33;2060.04;2066.61;2066.61;35618;;12610250
MKSI;447843;2026-02-23;258.98;260.68;248.62;253.71;253.71;893185;0.25;67169474
MKTW;14864238;2026-02-23;14.43;14.43;13.79;13.80;13.80;9878;;16029281
MKTX;118024;2026-02-23;181.23;182.76;179.44;181.65;181.65;358996;;37171508
ML;11817091;2025-04-17;85.90;85.90;85.90;85.90;85.90;0;;11320094
MLAB;43619;2026-02-23;93.36;96.97;92.11;93.83;93.83;100023;;5524813
MLCO;18591362;2026-02-23;6.00;6.03;5.69;5.83;5.83;1819816;;1276540382
MLCT;16453523;2026-02-23;0.14;0.16;0.14;0.16;0.16;19143;;101023485
MLEC;17776543;2026-02-23;15.05;17.52;14.75;16.01;16.01;144208;;726480
MLGO;18825176;2026-02-23;3.61;3.68;3.47;3.48;3.48;130150;;85925
MLI;1338979;2026-02-23;119.13;120.25;117.28;118.25;118.25;413124;;111013631
MLKN;1063680;2026-02-23;22.30;22.30;21.41;21.70;21.70;492588;;68249980
MLM;378186;2026-02-23;682.51;688.96;677.70;683.60;683.60;473188;;60312046
MLNK;11795130;2025-10-23;20.00;20.04;20.00;20.01;20.01;8567537;;74094297
MLP;9075820;2026-02-23;17.15;17.21;16.49;16.55;16.55;88729;;19741709
MLR;7962882;2026-02-23;41.60;43.46;41.29;41.97;41.97;47963;;11431416
MLSS;18113584;2026-02-23;0.26;0.26;0.25;0.26;0.26;110791;;77892083
MLTX;14159419;2026-02-23;18.77;19.49;17.78;18.68;18.68;3129276;;64230722
MLVF;1249732;2023-07-17;16.97;16.97;16.97;16.97;16.97;0;;7578873
MLYS;15337177;2026-02-23;27.83;29.53;27.83;28.93;28.93;1005314;;79139956
MMAC;11794918;2021-09-15;27.77;27.77;27.77;27.77;27.77;56;;5824000
MMC;85544;2026-01-13;185.21;185.24;181.83;182.70;182.70;2032898;;489909683
MMEG;659865;2019-09-05;0.01;0.01;0.01;0.01;0.01;1883;;10967374360
MMI;134979;2026-02-23;25.87;26.04;25.09;25.62;25.62;294411;;38922604
MMLP;13992943;2026-02-23;2.87;3.02;2.85;2.98;2.98;16084;;39055086
MMM;22219;2026-02-23;166.70;167.44;164.31;166.34;166.34;2921204;;526700000
MMMB;233893;2023-08-01;3.85;3.85;3.65;3.75;3.75;190337;;36394033
MMP;918211;2023-09-25;69.00;69.00;69.00;69.00;69.00;0;;211600000
MMS;447855;2026-02-23;73.37;73.78;72.14;72.38;72.38;444924;;54548576
MMSI;1173714;2026-02-23;81.67;82.30;80.69;81.61;81.61;659941;;58834568
MMTIF;18445946;2026-02-23;0.03;0.03;0.03;0.03;0.03;6070;;616090414
MMTXU;19807836;2026-02-23;10.32;10.32;10.32;10.32;10.32;0;;8828100
MMYT;19168843;2026-02-23;55.09;55.63;54.00;55.29;55.29;1698528;;71594512
MN;826501;2022-10-28;12.85;12.85;12.85;12.85;12.85;0;;18523055
MNDT;276492;2022-09-16;22.98;22.98;22.98;22.98;22.98;3762;;233218000
MNDY;1242006;2026-02-23;71.81;72.34;68.93;70.12;70.12;4554597;;50773337
MNI;653890;2020-02-13;0.75;0.75;0.75;0.75;0.75;0;;7930626
MNK;365935;2022-07-18;0.02;0.02;0.02;0.02;0.02;0;;13200000
MNKD;486138;2026-02-23;5.55;5.70;5.54;5.57;5.57;1832298;;307070281
MNMD;14122313;2022-07-08;0.72;0.72;0.68;0.69;0.69;1873938;;422444539
MNOV;9076014;2026-02-23;1.47;1.54;1.47;1.49;1.49;31487;;49046246
MNPR;11035764;2026-02-23;55.47;58.89;55.28;55.80;55.80;165847;;6682584
MNR;949732;2026-02-23;13.76;13.83;13.32;13.50;13.50;358538;;98388000
MNRL;998444;2022-12-28;33.50;33.50;32.00;32.50;32.50;3018992;;53943000
MNRO;989056;2026-02-23;22.88;22.99;22.00;22.68;22.68;692279;;30019660
MNSB;10656674;2026-02-23;22.90;22.91;22.03;22.16;22.16;33918;;7705571
MNSO;18773577;2026-02-23;19.73;19.78;19.47;19.48;19.48;271005;;1249871833
MNST;333441;2026-02-23;83.31;84.88;83.31;84.69;84.69;6207551;;977021216
MNTK;11795188;2026-02-23;1.66;1.66;1.53;1.54;1.54;294735;;142256617
MNTN;13511354;2026-02-23;9.92;9.93;9.45;9.47;9.47;909048;;21562500
MNTV;997480;2023-05-31;9.45;9.46;9.45;9.45;9.45;7548533;;148476000
MNTX;9076002;2025-01-02;5.80;5.80;5.80;5.80;5.80;0;;
MO;133574;2026-02-23;67.75;69.10;67.75;68.98;68.98;7105985;;1717626424
MOBL;118286;2020-12-01;7.04;7.04;7.04;7.04;7.04;0;;118584315
MOD;6767737;2026-02-23;225.00;228.88;218.85;222.50;222.50;950858;;52731197
MODD;13810650;2026-02-23;0.52;0.52;0.48;0.49;0.49;141941;;77703547
MODG;434282;2026-01-15;14.75;15.02;14.45;14.68;14.68;3927873;;183883637
MODN;1251887;2024-06-27;30.00;30.00;30.00;30.00;30.00;0;;39422997
MODV;492538;2026-02-23;0.43;0.43;0.43;0.43;0.43;0;;14401602
MOFG;7962982;2026-02-23;49.31;49.31;49.31;49.31;49.31;0;;20632760
MOG-A;6767441;2026-02-23;342.41;347.33;341.58;344.75;344.75;269803;;31725560
MOGO;1241346;2026-02-23;1.08;1.11;1.05;1.05;1.05;37666;;24472377
MOGU;16198959;2026-02-23;2.41;2.41;2.41;2.41;2.41;1431;;2452092304
MOH;1178120;2026-02-23;150.90;156.90;150.40;156.21;156.21;1778477;;51500000
MOLN;18482568;2026-02-23;5.00;5.00;5.00;5.00;5.00;2039;;40363095
MOMO;18815849;2026-02-23;6.80;6.80;6.63;6.67;6.67;635235;;328185708
MOND;17644030;2026-02-23;0.00;0.00;0.00;0.00;0.00;0;;87416133
MON_delisted;79638;2018-03-23;118.05;118.05;117.69;117.71;117.71;143;;441200613
MORF;10384111;2024-08-16;56.99;56.99;56.99;56.99;56.99;200;;50224699
MORN;979788;2026-02-23;158.01;160.62;153.79;156.90;156.90;665486;;39583760
MOS;94993;2026-02-23;29.06;29.24;28.09;28.73;28.73;6841680;;316939231
MOV;250875;2026-02-23;25.42;25.50;24.56;25.05;25.05;156895;;22137954
MP;11794974;2026-02-23;54.19;55.98;53.89;55.70;55.70;3819414;;177230483
MPAA;9076052;2026-02-23;10.46;10.70;10.36;10.58;10.58;256115;;19210954
MPAD;13714913;2026-02-23;19.97;19.97;19.97;19.97;19.97;0;;2578315
MPB;7962964;2026-02-23;33.73;34.12;32.42;32.61;32.61;127486;;23048496
MPC;353184;2026-02-23;196.33;199.75;190.44;192.82;192.82;2177741;;300602479
MPLN;1291787;2026-02-23;23.00;23.91;22.52;23.23;23.23;115895;;16525644
MPLX;11794908;2026-02-23;58.18;59.25;58.08;58.80;58.80;1939920;;1017065152
MPTI;15464883;2026-02-23;65.71;68.03;65.33;65.91;65.91;25961;;2929798
MPW;949729;2026-01-30;5.00;5.08;4.95;5.02;5.02;8021116;;601500000
MPWR;118204;2026-02-23;1204.44;1220.00;1171.42;1190.06;1190.06;461633;;47907000
MPX;953278;2026-02-23;7.86;7.89;7.73;7.79;7.79;88650;;34999034
MQ;11795010;2026-02-23;4.21;4.26;4.04;4.09;4.09;5602200;;440099247
MRAI;15539339;2026-02-23;0.47;0.59;0.47;0.53;0.53;130849;;23530611
MRAM;906016;2026-02-23;10.82;11.00;10.54;10.75;10.75;317460;;22856514
MRBK;15204658;2026-02-23;20.01;20.43;19.39;19.69;19.69;95756;;11517456
MRC;558197;2025-11-05;12.46;14.69;12.03;13.78;13.78;1991966;;84992662
MRCC;10656672;2026-02-23;6.14;6.16;5.85;5.91;5.91;94864;;21666340
MRCY;166196;2026-02-23;87.00;88.35;85.36;85.90;85.90;349582;;60014632
MRDB;13511306;2024-09-04;0.55;0.55;0.55;0.55;0.55;0;;69067030
MREO;15585638;2026-02-23;0.41;0.42;0.39;0.40;0.40;2221643;;795658504
MRIN;11035742;2026-02-23;0.90;0.90;0.90;0.90;0.90;0;;3143449
MRK;262201;2026-02-23;122.31;124.19;121.50;123.82;123.82;9550383;;2482022536
MRKR;15539337;2026-02-23;1.45;1.50;1.41;1.47;1.47;86368;;16673127
MRLN;9076309;2022-01-20;23.49;23.49;23.49;23.49;23.49;0;;11876147
MRMD;12444369;2026-02-23;0.08;0.08;0.08;0.08;0.08;187664;;395073625
MRNA;917766;2026-02-23;48.70;54.02;48.68;50.29;50.29;11135663;;394939424
MRNS;10656458;2025-02-11;0.55;0.55;0.55;0.55;0.55;260;;55185622
MRO;378185;2024-11-22;28.55;28.55;28.55;28.55;28.55;0;;564035502
MRSN;808876;2026-01-06;29.08;29.08;29.08;29.08;29.08;0;;4998750
MRTN;6767569;2026-02-23;13.86;13.90;13.10;13.18;13.18;632775;;81520424
MRTX;782022;2026-02-23;58.70;58.70;58.70;58.70;58.70;0;;56219416
MRUS;14122311;2025-12-30;90.00;90.00;90.00;90.00;90.00;0;;69090469
MRVI;10383612;2026-02-23;3.06;3.12;3.02;3.06;3.06;967880;;255706831
MRVL;198029;2026-02-23;78.39;79.11;76.07;77.79;77.79;11592732;;865600000
MS;86439;2026-02-23;173.96;175.62;166.61;166.80;166.80;7781745;;1587860206
MSA;898420;2026-02-23;197.11;198.34;193.58;194.80;194.80;217656;;38774722
MSB;1171698;2026-02-23;32.24;32.56;30.25;31.47;31.47;63275;;13120010
MSBI;7962854;2026-02-23;23.49;23.59;22.36;22.48;22.48;165500;;21551721
MSC;18599358;2026-02-23;2.92;2.92;2.92;2.92;2.92;82;;842864460
MSCC;361632;2018-05-29;68.74;68.74;68.74;68.74;68.74;170931;;117959591
MSCI;549638;2026-02-23;544.45;548.80;537.14;538.39;538.39;533637;;73474042
MSEX;6767685;2026-02-23;54.46;55.26;53.85;54.80;54.80;109322;;18521933
MSFT;59265;2026-02-23;395.00;395.36;383.10;384.47;384.47;42963263;;7425629076
MSGE;1033569;2026-02-23;63.46;63.46;58.15;61.70;61.70;333739;;35502120
MSGM;16532288;2026-02-23;3.35;3.81;3.35;3.51;3.51;172921;;5778450
MSGN;9076255;2021-07-09;14.17;14.17;14.17;14.17;14.17;0;;57062000
MSGS;6480994;2026-02-23;316.51;321.62;313.18;314.09;314.09;234053;;24069333
MSGY;19228809;2026-02-23;0.67;0.67;0.60;0.60;0.60;53097;;12500000
MSI;333970;2026-02-23;460.10;467.31;458.18;465.03;465.03;1297522;;165658912
MSM;87559;2026-02-23;93.36;94.07;91.08;91.83;91.83;350536;;55803307
MSN;13950758;2026-02-23;0.39;0.41;0.39;0.39;0.39;20830;;21042652
MSTR;3307753;2026-02-23;127.89;130.38;122.83;123.71;123.71;18753758;;16968125
MSW;19481616;2026-02-23;1.20;1.22;0.91;1.11;1.11;89385;;12975000
MT;18500276;2026-02-23;66.43;66.97;65.91;66.83;66.83;1695028;;768546622
MTAC;18113586;2023-08-10;9.35;12.83;8.96;11.34;11.34;183276;;7394794
MTAL;17644032;2026-02-23;12.21;12.21;12.21;12.21;12.21;0;;33143475
MTB;335339;2026-02-23;232.04;233.52;221.50;222.12;222.12;1827857;;153690781
MTBC;497698;2023-01-09;2.83;3.21;2.81;3.13;3.13;66971;;15148721
MTC;18708321;2026-02-23;4.55;4.61;4.29;4.41;4.41;18195;;25186864
MTCH;647179;2026-02-23;31.68;31.81;30.74;30.88;30.88;3038870;;236070189
MTD;334921;2026-02-23;1367.06;1397.37;1366.95;1393.24;1393.24;98709;;20325250
MTDR;1333935;2026-02-23;52.44;52.64;50.77;51.16;51.16;1537166;;124270672
MTEM;778777;2025-05-30;0.00;0.00;0.00;0.00;0.00;0;;6583880
MTEX;16682790;2026-02-23;7.01;7.01;6.97;7.00;7.00;2792;;1884814
MTG;1067477;2026-02-23;26.22;26.42;25.75;25.79;25.79;1866684;;223740981
MTH;6481004;2026-02-23;77.77;79.00;75.39;76.80;76.80;820650;;66800664
MTLS;18760743;2026-02-23;5.60;5.61;5.22;5.27;5.27;202625;;59067186
MTMT;696963;2023-02-03;1.76;1.76;1.66;1.70;1.70;38403;;110420275
MTN;264322;2026-02-23;140.63;142.00;135.46;140.48;140.48;764035;;35775575
MTNB;10656700;2026-02-23;0.65;0.65;0.61;0.61;0.61;13238;;6406191
MTOR;772948;2022-08-03;36.50;36.50;36.50;36.50;36.50;0;;70700000
MTRN;739542;2026-02-23;148.96;148.96;143.28;146.19;146.19;177619;;20736213
MTRX;182638;2026-02-23;11.03;11.03;10.69;10.76;10.76;213394;;28128405
MTSI;358330;2026-02-23;244.07;245.79;238.82;245.53;245.53;719674;;75011970
MTSR;18630298;2025-11-13;70.74;70.78;70.13;70.50;70.50;27884019;;105376189
MTTR;1291791;2025-02-28;5.38;5.38;5.38;5.38;5.38;0;;327624104
MTW;7962730;2026-02-23;14.42;14.45;13.94;14.35;14.35;285158;;35473418
MTX;1234779;2026-02-23;71.45;72.26;69.08;70.05;70.05;182325;;31048585
MTZ;447935;2026-02-23;281.38;284.43;272.71;278.49;278.49;705650;;78900930
MU;60906;2026-02-23;422.31;431.69;415.30;420.97;420.97;25234180;;1125509261
MUDS;11795022;2022-09-15;10.16;10.16;10.16;10.16;10.16;2000;;7906250
MUFG;16239121;2026-02-23;19.34;19.52;18.98;19.04;19.04;4075089;;12067710920
MUGH;13511380;2026-02-23;0.53;0.53;0.53;0.53;0.53;0;;59434838
MULG;13714915;2025-12-26;2.55;2.55;2.55;2.55;2.55;0;;19251657
MULN;10656564;2026-02-23;0.08;0.09;0.07;0.07;0.07;67466;;18420
MUR;333627;2026-02-23;33.75;34.32;32.73;32.98;32.98;1405636;;142738809
MURA;13511400;2026-02-23;2.04;2.04;2.04;2.04;2.04;0;;17344486
MURF;16633050;2023-09-22;16.00;18.30;11.04;16.85;16.85;233510;;6247978
MUSA;1057793;2026-02-23;384.93;392.31;382.89;391.53;391.53;261704;0.63;18535347
MUX;809890;2026-02-23;26.40;27.11;26.12;26.29;26.29;681559;;54480457
MVBF;9075866;2026-02-23;28.48;28.48;27.27;27.27;27.27;47325;;12584334
MVIS;815811;2026-02-23;0.84;0.85;0.78;0.80;0.80;3945638;;305397269
MVST;1334958;2026-02-23;2.19;2.21;2.06;2.11;2.11;4183617;;328182834
MVXM;11818278;2023-07-13;2.50;2.50;2.50;2.50;2.50;96;;87230654
MWA;6767515;2026-02-23;29.94;30.05;29.32;29.59;29.59;512698;;156385318
MWW;507294;2016-11-09;3.41;3.41;3.41;3.41;3.41;0;;89258147
MX;10656486;2026-02-23;2.66;2.66;2.41;2.42;2.42;680103;;35981823
MXC;11035331;2026-02-23;10.65;11.02;10.50;10.70;10.70;7594;;2046000
MXCT;1253397;2026-02-23;0.74;0.78;0.71;0.75;0.75;987097;;106674011
MXIM;153611;2021-09-01;103.14;103.14;103.14;103.14;103.14;44;;268363654
MXL;6767545;2026-02-23;18.06;18.28;17.45;17.94;17.94;968411;;86451150
MXPT;146869;2017-10-19;13.85;13.85;13.85;13.85;13.85;0;;6764021
MXWL;755086;2019-05-16;4.48;4.48;4.48;4.48;4.48;180840;;46580808
MYCC;97729;2017-09-25;17.10;17.10;17.10;17.10;17.10;0;;65754547
MYE;7962680;2026-02-23;22.48;22.60;21.62;22.22;22.22;295195;;37407915
MYFW;10656682;2026-02-23;24.95;25.11;24.52;25.00;25.00;25456;;9621310
MYGN;748224;2026-02-23;4.27;4.40;4.10;4.38;4.38;2209879;;93213722
MYL;333504;2020-11-19;15.86;15.86;15.86;15.86;15.86;4016;;541545862
MYL_old;378191;2020-11-19;15.86;15.86;15.86;15.86;15.86;4016;;374273573
MYMD;592461;2026-02-23;3.45;3.57;3.38;3.50;3.50;301690;;23704
MYO;1200988;2026-02-23;0.74;0.74;0.69;0.69;0.69;473384;;38435524
MYPS;10656430;2026-02-23;0.46;0.48;0.45;0.47;0.47;562763;;126103966
MYRG;6767499;2026-02-23;276.92;280.99;268.44;274.47;274.47;233900;;15522834
MYTE;17683307;2026-02-23;9.56;9.66;9.26;9.50;9.50;334555;;137261608
NA;18728220;2026-02-23;3.15;3.20;3.03;3.03;3.03;16081;;15674052
NAAS;19190902;2026-02-23;2.14;2.19;2.10;2.11;2.11;7942;;332502656
NABL;11795006;2026-02-23;4.67;4.70;4.31;4.47;4.47;2655092;;186329603
NAHD;13511310;2026-02-23;0.00;0.00;0.00;0.00;0.00;0;;265083509
NAII;257524;2026-02-23;2.69;2.75;2.66;2.70;2.70;21031;;6176778
NAK;18657360;2026-02-23;1.27;1.39;1.26;1.38;1.38;15625142;;537791881
NAMS;14122317;2026-02-23;34.89;36.26;34.57;36.17;36.17;788057;;114975422
NANO;721571;2026-02-23;211.07;213.97;204.07;213.24;213.24;909299;;49011162
NANX;16532290;2025-04-07;1.52;1.73;1.34;1.73;1.73;85351;;70103279
NAPA;10384217;2024-12-24;11.09;11.09;11.09;11.09;11.09;0;;147200572
NARI;1253259;2025-02-19;79.97;79.97;79.97;79.97;79.97;0;;58544158
NAT;7962676;2026-02-23;4.89;4.93;4.81;4.92;4.92;3034076;;211750663
NATH;7962968;2026-02-23;100.96;100.96;100.50;100.58;100.58;26699;;4094405
NATI;56422;2023-10-11;59.98;59.98;59.98;59.98;59.98;0;;132369000
NATL;138792;2026-02-23;41.97;41.97;39.66;40.00;40.00;399159;;19927191
NATR;687929;2026-02-23;26.77;27.26;26.66;27.11;27.11;102002;;17495563
NAUT;11818954;2026-02-23;2.81;2.89;2.62;2.70;2.70;159600;;126305122
NAV;203261;2021-06-30;44.48;44.51;44.48;44.50;44.50;1011024;;99715656
NAVI;551008;2026-02-23;9.36;9.38;8.96;8.99;8.99;1069833;;97506705
NBHC;6767721;2026-02-23;41.95;42.27;39.57;40.16;40.16;796641;;37819914
NBIX;447972;2026-02-23;128.02;128.79;126.59;128.38;128.38;1025322;;100363463
NBL;249388;2020-10-06;8.46;8.46;8.46;8.46;8.46;0;;479768764
NBN;10656544;2026-02-23;116.36;117.20;110.78;112.81;112.81;121120;;9044230
NBP;19836013;2026-02-23;3.30;3.38;3.20;3.21;3.21;441358;;248644065
NBR;1249671;2026-02-23;77.84;80.32;77.20;77.58;77.58;364272;;15834469
NBSE;11036149;2024-09-20;0.38;0.38;0.38;0.38;0.38;0;;1692567
NBST;12442290;2026-02-23;14.99;14.99;14.99;14.99;14.99;233;;4948937
NBTB;6767681;2026-02-23;45.37;45.92;43.40;43.66;43.66;284747;;52315193
NBTX;18692752;2026-02-23;24.69;25.56;24.49;24.90;24.90;16841;;47426851
NBY;910154;2026-02-23;2.80;2.80;1.95;2.10;2.10;875226;;25202150
NC;528497;2026-02-20;55.64;56.08;55.64;55.77;55.77;7386;;7459955
NCBS;6767733;2022-05-23;76.49;78.20;74.89;78.01;78.01;70513;;13648745
NCDL;16409725;2026-02-23;13.76;13.96;13.42;13.49;13.49;676928;;54821734
NCLH;744483;2026-02-23;24.35;24.85;23.09;23.49;23.49;16142875;;455257489
NCMI;716509;2026-02-23;3.38;3.38;3.26;3.29;3.29;1001162;;93831167
NCNC;18185436;2026-02-23;0.10;0.10;0.10;0.10;0.10;0;;170453431
NCNO;10383892;2026-02-23;15.53;15.95;13.80;14.64;14.64;4788514;;114684968
NCR;854994;2023-10-16;26.55;27.25;26.51;27.08;27.08;1772985;;137500000
NCSM;15042567;2026-02-23;40.08;40.08;38.30;39.18;39.18;10974;;2540920
NCT;19566040;2026-02-23;0.20;0.21;0.18;0.18;0.18;299658;;
NDAQ;378192;2026-02-23;81.63;81.81;79.69;79.92;79.92;4470716;;568443856
NDLS;759987;2026-02-23;5.19;5.64;5.02;5.17;5.17;119928;;5846838
NDSN;188156;2026-02-23;291.15;295.00;287.56;288.82;288.82;500724;;55783598
NE;134105;2026-02-23;45.42;47.44;44.75;45.26;45.26;2595435;;66635000
NECB;10656626;2026-02-23;23.76;23.79;22.99;23.45;23.45;81961;;14027240
NEE;188922;2026-02-23;92.94;94.19;92.59;94.06;94.06;8249477;;2083521964
NEM;103736;2026-02-23;123.36;126.23;122.00;124.25;124.25;9299474;;1087874212
NEN;11819429;2026-02-23;65.00;65.00;65.00;65.00;65.00;1191;;115261
NEO;778404;2026-02-23;9.78;10.03;9.68;9.97;9.97;1485150;;129812211
NEOG;965693;2026-02-23;11.22;11.34;11.04;11.09;11.09;4156090;;217525981
NEON;14122315;2026-02-23;1.73;1.78;1.67;1.69;1.69;109463;;16782922
NEOS;160118;2021-03-19;1.16;1.18;1.06;1.15;1.15;15005940;;49756656
NEOV;13756722;2026-02-23;3.75;3.95;3.51;3.54;3.54;565272;;42577923
NEP;704398;2025-01-31;10.40;10.87;10.11;10.54;10.54;4898735;;93534176
NEPH;138152;2026-02-23;4.09;4.12;3.76;3.77;3.77;37581;;10626683
NERV;254280;2026-02-23;6.21;6.65;5.87;6.32;6.32;156293;;6993406
NES;9076271;2022-02-23;1.93;2.23;1.93;2.15;2.15;249207;;16069000
NESR;13511308;2026-02-23;24.59;26.07;24.59;26.05;26.05;1775289;;94996397
NET;961018;2026-02-23;174.84;176.74;158.83;160.19;160.19;8499181;;350281165
NETDU;19093844;2026-02-23;11.49;11.49;11.49;11.49;11.49;0;;
NEU;1067475;2026-02-23;607.30;609.73;594.95;602.31;602.31;149992;;9397364
NEWR;908918;2023-11-07;86.98;87.01;86.97;86.99;86.99;4222853;;68791000
NEWT;10656534;2026-02-23;12.86;12.95;12.28;12.34;12.34;144778;;28887295
NEX;10384219;2023-08-31;10.62;10.78;10.38;10.61;10.61;16855043;;229033000
NEXI;11035985;2026-02-23;0.00;0.00;0.00;0.00;0.00;7;;1394671
NEXT;7962606;2026-02-23;5.51;5.60;5.36;5.42;5.42;1834228;;264801408
NFBK;7962834;2026-02-23;13.53;13.60;13.23;13.33;13.33;372620;;41801495
NFE;11794946;2026-02-23;1.23;1.24;1.19;1.21;1.21;3035139;;284552811
NFG;448011;2026-02-23;89.45;90.20;87.47;87.59;87.59;701332;;95026423
NFGC;18591366;2026-02-23;2.68;2.78;2.66;2.76;2.76;2281271;;
NFLX;83548;2026-02-23;77.79;77.83;75.01;76.02;76.02;37944721;;4222162150
NFTG;15585622;2026-02-23;1.25;1.26;1.18;1.26;1.26;827319;;7123453
NFX;123505;2019-02-14;17.07;17.07;17.07;17.07;17.07;0;;200339967
NG;13653038;2026-02-23;10.90;11.24;10.82;11.00;11.00;2502191;;406994531
NGD;3307947;2026-02-23;12.34;12.44;12.06;12.12;12.12;14277473;;790930474
NGG;19146263;2026-02-20;91.06;91.14;89.87;90.28;90.28;1225503;;5132617708
NGHC;921769;2021-01-04;34.18;34.18;34.18;34.18;34.18;0;;113585043
NGL;36205;2026-02-23;12.00;12.25;11.94;12.01;12.01;188188;;123814289
NGLD;15071406;2026-02-23;0.60;0.67;0.60;0.66;0.66;11595;;28315549
NGM;10656484;2024-04-05;1.54;1.54;1.54;1.54;1.54;0;;83462408
NGS;9075978;2026-02-23;37.56;38.26;37.14;37.80;37.80;85344;;12568917
NGVC;941589;2026-02-23;25.00;26.05;24.61;25.70;25.70;138682;;23033093
NGVT;979804;2026-02-23;71.00;71.54;69.61;70.72;70.72;283841;;35964032
NHC;728722;2026-02-23;157.88;159.50;155.02;157.13;157.13;84719;;15515253
NHHS;148446;2026-02-23;1.85;1.85;1.85;1.85;1.85;0;;185712103
NHI;949733;2026-02-23;89.21;90.94;88.73;90.03;90.03;289877;;47638502
NHIC;11819592;2026-02-23;10.43;10.43;10.43;10.43;10.43;5217;;19490000
NHIQ;1252840;2026-02-23;0.01;0.01;0.01;0.01;0.01;0;;7707201
NHTC;511953;2026-02-23;3.32;3.38;3.21;3.24;3.24;17542;;8577848
NI;119873;2026-02-23;46.58;46.94;46.05;46.20;46.20;2793314;;478533171
NIC;17644034;2026-02-23;161.26;162.77;154.61;156.07;156.07;328196;;
NICE;18572449;2026-02-23;118.00;120.12;113.75;114.36;114.36;1071811;;63249843
NICK;141389;2024-09-27;6.06;6.20;6.06;6.19;6.19;4554;;12700000
NINE;1249670;2026-02-23;0.59;0.59;0.59;0.59;0.59;0;;43361339
NIO;3239067;2026-02-23;5.20;5.40;5.19;5.29;5.29;52304770;;2101674559
NIOBF;13810654;2026-02-23;5.32;5.70;5.20;5.55;5.55;4579786;;125321172
NIQ;19483439;2026-02-23;11.38;11.38;10.93;11.07;11.07;951916;;295000000
NIU;18752879;2026-02-23;3.47;3.61;3.45;3.53;3.53;464185;;155845386
NJR;511242;2026-02-23;53.04;53.95;52.55;53.38;53.38;445027;;100845185
NKE;101814;2026-02-23;64.60;64.97;62.05;63.09;63.09;17677096;;1480383402
NKLA;996264;2026-02-23;0.18;0.18;0.18;0.18;0.18;0;;119434873
NKSH;129536;2026-02-23;38.52;38.68;37.13;37.56;37.56;14255;;6366001
NKTR;526216;2026-02-23;73.50;75.67;70.66;73.62;73.62;973638;;20341589
NKTX;1873397;2026-02-23;2.33;2.42;2.29;2.31;2.31;591802;;71029512
NL;7962974;2026-02-23;6.19;6.42;5.86;5.86;5.86;52704;;48862734
NLCP;11819011;2026-02-23;15.08;15.55;14.85;15.03;15.03;141643;;20552632
NLIT;11818516;2026-02-23;0.97;1.03;0.93;0.98;0.98;116382;;3081076
NLN;652800;2016-09-28;0.84;0.85;0.84;0.85;0.85;5200;;282572254
NLS;958643;2023-10-31;0.75;0.86;0.75;0.82;0.82;269688;;31176246
NLSN;333689;2022-10-11;27.98;28.00;27.97;27.98;27.98;22299341;;359776182
NLST;164920;2026-02-23;1.15;1.20;1.08;1.11;1.11;878103;;307249351
NLTX;15271648;2026-02-20;18.38;18.80;17.32;17.64;17.64;177701;;15489800
NLY;1145420;2026-02-23;23.02;23.27;22.54;22.82;22.82;6560089;;718386976
NMAX;19129547;2026-02-23;5.53;5.66;5.48;5.56;5.56;717008;;129129119
NMBL;50051;2026-02-23;20.31;20.31;20.28;20.29;20.29;1264;;91900000
NMEX;13511424;2026-02-23;0.14;0.14;0.14;0.14;0.14;0;;111238932
NMFC;10384263;2026-02-23;8.09;8.17;8.02;8.09;8.09;896770;;103155812
NMIH;1243192;2026-02-23;39.04;39.42;38.46;38.76;38.76;374003;;76032627
NMM;18657364;2026-02-23;68.26;68.92;67.69;68.28;68.28;127524;;29694433
NMR;19175635;2026-02-23;9.15;9.29;8.98;9.06;9.06;2216455;;2956210965
NMRD;11035298;2026-02-23;0.00;0.00;0.00;0.00;0.00;0;;28899402
NMRK;6767625;2026-02-23;14.90;15.01;14.31;14.45;14.45;1024006;;180412407
NMTC;13511384;2026-02-23;0.67;0.70;0.67;0.68;0.68;119461;;50525995
NN;10656610;2026-02-23;16.80;17.15;16.28;16.50;16.50;898919;;134829088
NNBR;9076104;2026-02-23;1.60;1.61;1.50;1.53;1.53;237009;;50195810
NNDM;1240368;2026-02-23;1.98;2.02;1.94;2.00;2.00;2989907;;215776705
NNI;6767409;2026-02-23;131.20;131.90;127.45;128.14;128.14;137542;;35933123
NNN;448043;2026-02-23;44.49;44.82;44.48;44.56;44.56;1096689;;189939441
NNOX;17644036;2026-02-23;2.40;2.48;2.33;2.37;2.37;830525;;63762001
NNUP;15464885;2026-02-23;1.51;1.51;1.51;1.51;1.51;16;;10814843
NNVC;11035654;2026-02-23;1.00;1.03;0.98;1.01;1.01;166927;;21595000
NOA;18589406;2026-02-23;16.34;16.55;16.00;16.26;16.26;91663;;27704450
NOAH;18786331;2026-02-23;12.06;12.17;11.80;11.88;11.88;241616;;335153359
NOBH;17696490;2026-02-23;28.50;28.50;28.50;28.50;28.50;250;;3153665
NOC;333824;2026-02-23;721.26;731.45;719.42;725.39;725.39;565163;2.31;141921621
NODK;9075768;2026-02-23;13.36;13.67;13.36;13.45;13.45;39570;;20605747
NOG;1374138;2026-02-23;28.08;28.33;27.07;27.30;27.30;1455150;;97602978
NOK;1205830;2026-02-23;7.60;7.71;7.54;7.57;7.57;31789807;;5605850345
NOMD;18452186;2026-02-23;12.93;13.03;12.84;12.92;12.92;767653;;156090858
NOTE;15204642;2026-02-23;1.21;1.23;1.05;1.06;1.06;636153;;15709895
NOTR;16239123;2026-02-23;16.00;16.00;16.00;16.00;16.00;0;;42096221
NOTV;12444319;2026-02-23;0.28;0.28;0.27;0.28;0.28;703202;;34394971
NOV;378193;2026-02-23;20.12;20.60;19.73;20.28;20.28;4515958;;360404544
NOVA;10384195;2026-02-20;0.22;0.22;0.22;0.22;0.22;0;;125081959
NOVNQ;11035157;2024-05-01;0.00;0.00;0.00;0.00;0.00;0;;26115986
NOVT;728364;2026-02-23;144.53;148.00;141.66;142.38;142.38;624455;;35775123
NOW;617429;2026-02-23;101.94;101.94;99.18;100.80;100.80;23355320;;1046000000
NP;743399;2026-02-23;20.88;21.56;20.49;20.59;20.59;505645;;16785000
NPAB;18155169;2026-02-23;10.90;10.90;10.90;10.90;10.90;0;;11517875
NPB;18657362;2026-02-23;18.03;18.05;17.35;17.46;17.46;171928;;34364659
NPCE;12444391;2026-02-23;14.19;14.63;14.19;14.56;14.56;138618;;33307734
NPK;7962820;2026-02-23;126.56;130.52;125.33;127.36;127.36;70409;;7151940
NPO;6767525;2026-02-23;273.50;278.02;271.72;275.37;275.37;162748;;21248001
NPTN;364355;2022-08-03;16.01;16.01;16.01;16.01;16.01;0;;53488000
NPWR;17644038;2026-02-23;1.91;1.92;1.69;1.85;1.85;1906171;;222142079
NR;7962920;2024-12-18;7.65;7.80;7.25;7.25;7.25;1028171;;86497298
NRAC;16203841;2024-02-21;11.01;11.01;11.01;11.01;11.01;0;;8517971
NRC;6767769;2026-02-23;13.51;14.05;12.49;12.50;12.50;98707;;22657421
NRDS;10384307;2026-02-23;10.14;10.14;9.45;9.46;9.46;1144053;;72713230
NRDY;11818709;2026-02-23;0.95;0.96;0.91;0.92;0.92;669928;;187334048
NREF;11818028;2026-02-23;14.78;14.86;14.40;14.44;14.44;55860;;17721828
NRG;378196;2026-02-23;177.54;182.04;175.11;176.52;176.52;2190213;;206379832
NRGV;17644040;2026-02-23;3.01;3.02;2.85;2.98;2.98;2723752;;
NRIM;9075878;2026-02-23;25.54;25.74;24.17;24.27;24.27;169143;;22090668
NRIX;11817061;2026-02-23;15.77;16.49;15.29;15.38;15.38;805925;;102843012
NRP;11795270;2026-02-23;123.21;126.86;122.94;124.91;124.91;100356;;13138097
NRTHF;243188;2023-03-10;0.00;0.00;0.00;0.00;0.00;0;;23853884
NS;998422;2024-05-03;21.96;21.96;21.96;21.96;21.96;0;;126535349
NSA;949734;2026-02-23;35.92;36.19;34.62;34.98;34.98;1671171;;76960767
NSC;378195;2026-02-23;317.74;317.74;311.70;315.03;315.03;1469647;;224572025
NSH_delisted;998423;2018-07-23;24.95;24.95;24.95;24.95;24.95;0;;23581269
NSIT;6481018;2026-02-23;85.50;87.59;82.67;82.97;82.97;526786;;30996502
NSP;994624;2026-02-23;23.06;23.20;20.98;20.99;20.99;1289474;;37728423
NSPR;143799;2026-02-23;1.80;1.86;1.75;1.82;1.82;20447;;42370995
NSSC;198892;2026-02-23;45.55;45.92;44.48;45.87;45.87;439522;;35664324
NSTB;12444413;2026-02-23;0.01;0.01;0.01;0.01;0.01;0;;12073717
NSTC;11795334;2025-01-13;0.00;0.00;0.00;0.00;0.00;0;;38800047
NSTD;12444341;2026-02-23;0.00;0.00;0.00;0.00;0.00;0;;38866239
NSTG;1252928;2024-02-13;0.13;0.14;0.10;0.11;0.11;22017582;;47365000
NSTS;16532292;2026-02-23;12.26;12.45;12.26;12.32;12.32;1069;;5285773
NSYS;15296777;2026-02-23;9.30;9.42;8.63;8.75;8.75;12772;;2786134
NTAP;183964;2026-02-23;100.99;102.25;99.34;100.53;100.53;2527632;;198060348
NTB;6767697;2026-02-23;53.37;53.56;51.07;51.18;51.18;164787;0.50;39948264
NTCL;19865475;2026-02-23;0.32;0.50;0.22;0.25;0.25;5054466;;20487030
NTCT;1234780;2026-02-23;29.37;29.54;28.10;28.29;28.29;658623;;72220350
NTES;1242010;2026-02-23;116.66;117.39;116.16;116.33;116.33;496777;;644000000
NTGR;591520;2026-02-23;20.68;20.75;19.91;20.15;20.15;323604;;28113151
NTIC;12444573;2026-02-23;9.06;9.10;9.05;9.05;9.05;1688;;9492001
NTIP;515715;2026-02-23;1.46;1.47;1.42;1.46;1.46;32807;;22819661
NTLA;1253298;2026-02-23;12.51;13.19;12.40;13.16;13.16;2322005;;115829926
NTNX;544815;2026-02-23;38.93;39.30;37.30;37.38;37.38;3500866;;268077453
NTPIF;19857617;2026-02-20;5.25;5.30;5.20;5.30;5.30;18313;;60203214
NTRA;149288;2026-02-20;216.36;218.25;208.57;212.12;212.12;1176478;;
NTRI;346874;2019-03-08;42.89;42.89;42.89;42.89;42.89;0;;29496499
NTRS;407194;2026-02-23;144.36;145.11;138.22;140.38;140.38;1003870;;189117369
NTSK;19832350;2026-02-23;10.38;10.39;9.12;9.26;9.26;4818341;;
NTST;10384267;2026-02-23;20.45;20.68;20.18;20.33;20.33;2216843;;97073872
NTUS;497305;2022-09-08;32.96;32.96;32.96;32.96;32.96;1514;;33799000
NTWK;13810652;2026-02-23;3.44;3.44;3.17;3.24;3.24;36011;;11816519
NU;18739937;2026-02-23;17.25;17.41;16.08;16.19;16.19;64885959;;3768057942
NUAN;448077;2022-03-04;55.99;55.99;55.99;55.99;55.99;0;;294388000
NUBI;16682820;2024-02-02;5.30;6.20;4.25;4.53;4.53;78275;;15636000
NUE;334772;2026-02-23;179.71;181.26;176.70;178.85;178.85;2123800;;228858659
NURO;922227;2026-02-23;4.58;4.58;4.58;4.58;4.58;0;;2042689
NUS;1234781;2026-02-23;8.71;8.84;8.50;8.56;8.56;477933;;48126825
NUTR;357986;2026-02-23;9.00;9.00;9.00;9.00;9.00;0;;9246999
NUTX;11818049;2026-02-23;102.00;104.57;100.18;101.75;101.75;98535;;7071916
NUV;11795040;2026-02-23;9.22;9.23;9.18;9.21;9.21;469524;;
NUVB;11818013;2026-02-23;5.40;5.62;5.32;5.46;5.46;3277794;;342833433
NUVL;11795020;2026-02-23;100.56;103.50;100.00;103.00;103.00;697256;;72706715
NUVR;15204660;2026-02-23;13.76;13.76;13.76;13.76;13.76;0;;5215348
NUZE;1154275;2026-02-23;0.58;0.62;0.49;0.52;0.52;543233;;15483547
NVAX;826389;2026-02-23;9.14;9.60;9.10;9.36;9.36;2953330;;162498995
NVCR;440850;2026-02-23;11.28;11.38;10.80;10.98;10.98;1439447;;111981981
NVCT;1342110;2026-02-23;8.38;8.57;8.28;8.51;8.51;27570;;26491702
NVDA;172199;2026-02-23;191.40;193.95;189.57;191.55;191.55;169954121;;24300000000
NVEC;102816;2026-02-23;65.80;67.17;65.22;66.85;66.85;29348;;4837166
NVEE;6767621;2025-08-04;22.56;22.56;22.56;22.56;22.56;0;;67037647
NVFY;11036213;2025-11-07;5.65;5.68;5.25;5.38;5.38;693194;;13771322
NVGS;18615198;2026-02-23;20.04;20.04;19.62;19.80;19.80;193805;;69397648
NVGT;13841949;2026-02-23;0.00;0.00;0.00;0.00;0.00;0;;493639025
NVIV;11036221;2024-02-12;0.41;0.41;0.30;0.32;0.32;1671927;;2735767
NVMI;18300845;2026-02-23;439.72;448.03;432.95;442.53;442.53;297526;;29278401
NVNO;14159433;2026-02-23;11.70;11.85;11.00;11.29;11.29;27766;;578183
NVOS;13511402;2026-02-23;0.00;0.00;0.00;0.00;0.00;2;;19730247
NVR;896899;2026-02-23;7594.21;7663.17;7419.07;7456.83;7456.83;29938;;2793760
NVRI;17644042;2026-02-23;19.18;19.29;19.05;19.11;19.11;1049067;;
NVRO;6767785;2025-04-02;5.84;5.86;5.84;5.84;5.84;753602;;37878565
NVS;18207904;2026-02-23;163.66;165.64;163.66;164.70;164.70;1959441;;1908151679
NVST;1234782;2026-02-23;29.00;29.25;28.46;28.98;28.98;2277970;;163875397
NVT;1234783;2026-02-23;115.84;116.77;113.06;114.93;114.93;1948545;;161729472
NVTA;963379;2026-02-23;0.00;0.00;0.00;0.00;0.00;0;;243948000
NVTS;11795196;2026-02-23;7.80;8.25;7.76;8.12;8.12;12653576;;214939135
NVX;18445948;2026-02-23;0.87;0.88;0.83;0.86;0.86;624037;;488733461
NWBI;6767641;2026-02-23;12.92;13.04;12.36;12.54;12.54;1184649;;146099971
NWBO;11795292;2026-02-23;0.24;0.24;0.23;0.23;0.23;3246382;;1540682082
NWE;342218;2026-02-23;69.28;70.04;68.58;69.20;69.20;483333;;59804000
NWFL;9075852;2026-02-23;30.69;31.24;29.21;29.66;29.66;26199;;9264200
NWG;18322825;2026-02-23;16.87;16.93;16.48;16.65;16.65;4731584;;8227041758
NWHM;9076285;2021-09-09;8.99;8.99;8.99;8.99;8.99;0;;18075687
NWL;378194;2026-02-23;4.82;4.82;4.60;4.64;4.64;5382460;;419200000
NWLI;6767805;2026-02-23;499.98;499.98;499.98;499.98;499.98;0;;3636020
NWN;6767575;2026-02-23;50.33;50.94;49.86;50.14;50.14;191106;;41507042
NWPX;1031014;2026-02-23;74.79;74.79;71.08;72.13;72.13;60256;;9609651
NWS;160346;2026-02-23;26.14;26.34;25.74;25.84;25.84;1278778;;555378060
NWY;33184;2020-07-06;0.26;0.27;0.24;0.25;0.25;5191300;;65300484
NX;921442;2026-02-23;22.42;22.54;21.69;21.91;21.91;631400;;45674726
NXGN;497184;2023-11-09;23.94;23.94;23.94;23.94;23.94;0;;67074000
NXMH;13511442;2026-02-23;0.01;0.01;0.01;0.01;0.01;0;;
NXPI;1150946;2026-02-23;231.83;233.49;225.30;231.16;231.16;1703230;;252692845
NXRT;6767757;2026-02-23;29.75;30.33;29.61;29.69;29.69;194844;;25364470
NXST;650370;2026-02-23;231.68;234.29;225.08;230.61;230.61;348221;;30326192
NXT;13714917;2026-02-23;118.84;119.99;114.25;116.99;116.99;1165504;;148475843
NXTC;11034780;2026-02-23;12.90;14.48;12.16;13.22;13.22;88662;;2679822
NXU;11795056;2026-02-23;2.45;2.45;2.45;2.45;2.45;0;;167790003
NYAX;18468485;2026-02-23;55.05;57.42;53.74;54.23;54.23;4074;;36607407
NYC;16532270;2026-02-23;8.67;8.75;8.67;8.75;8.75;514;;2672943
NYCB;1234784;2024-10-25;10.82;11.75;10.36;10.55;10.55;18169597;;351432565
NYMT;7962610;2026-02-23;7.11;7.11;7.11;7.11;7.11;0;;90474341
NYMX;9076110;2023-07-06;0.22;0.22;0.18;0.20;0.20;932736;;91265140
NYT;647918;2026-02-23;77.95;78.37;74.16;75.29;75.29;2389586;;162349009
NYXH;18589408;2026-02-23;4.55;4.55;4.21;4.43;4.43;45460;;37427265
O;81605;2026-02-23;66.39;67.15;66.25;66.68;66.68;5342091;;919905765
OA;609619;2018-06-06;134.49;134.51;134.47;134.50;134.50;1365324;;57827352
OABI;15464887;2026-02-23;1.70;1.73;1.70;1.71;1.71;340738;;121012583
OAK;628032;2019-10-08;51.52;51.52;51.52;51.52;51.52;0;;80045000
OAKU;16682798;2026-02-23;12.24;12.24;12.24;12.24;12.24;0;;7530625
OAS;10383381;2020-11-20;0.12;0.12;0.12;0.12;0.12;777693;;20000000
OB;10656636;2017-10-19;18.09;18.09;18.09;18.09;18.09;0;;
OBDE;16409717;2025-01-24;14.14;14.14;14.14;14.14;14.14;0;;123356823
OBIO;17644044;2026-02-23;3.87;4.08;3.85;4.03;4.03;120217;;
OBK;17644046;2026-02-23;43.84;44.14;41.99;42.13;42.13;172343;;
OBNK;7962622;2026-02-23;2.72;2.72;2.72;2.72;2.72;0;;30972121
OBT;12442270;2026-02-23;35.13;35.49;33.29;33.89;33.89;59655;;13366740
OC;985860;2026-02-23;132.44;133.50;128.49;129.37;129.37;1188205;;82191739
OCC;232540;2026-02-23;5.88;5.94;5.43;5.54;5.54;69185;;8870070
OCEL;13665443;2024-03-04;2.65;2.76;2.52;2.75;2.75;5725;;6125482
OCFC;7962616;2026-02-23;19.20;19.69;18.48;18.79;18.79;866231;;57388784
OCFT;16198965;2025-12-10;7.89;7.89;7.89;7.89;7.89;0;;1169980653
OCGN;10656664;2026-02-23;1.60;1.74;1.60;1.64;1.64;6121030;;312320112
OCLN;13511444;2026-02-23;0.00;0.00;0.00;0.00;0.00;10800;;1634014574
OCN;544026;2024-06-07;24.90;25.35;24.47;25.08;25.08;10228;;7809618
OCS;18508053;2026-02-23;29.10;29.20;28.22;28.65;28.65;529654;;43662402
OCSI;11819558;2021-03-19;8.50;8.50;8.50;8.50;8.50;0;;29466768
OCSL;11795092;2026-02-23;11.60;11.65;11.29;11.34;11.34;1431450;;88085523
OCUL;7962824;2026-02-23;7.76;8.45;7.70;8.41;8.41;6344282;;217691779
OCUP;12444397;2024-10-23;1.33;1.36;1.07;1.17;1.17;676715;;26198444
OCX;1253242;2025-06-17;2.77;3.21;2.71;3.20;3.20;100068;;28599285
ODC;7962960;2026-02-23;63.88;63.91;62.74;63.71;63.71;50112;;4233940
ODD;18347621;2026-02-23;32.65;32.72;29.80;29.90;29.90;1662792;;
ODFL;782146;2026-02-23;201.38;201.44;193.27;193.88;193.88;1280168;;209098439
ODP;528624;2026-02-23;28.00;28.00;28.00;28.00;28.00;0;;30117856
ODT;790464;2022-02-03;1.48;1.49;1.26;1.30;1.30;87682;;38490336
OEC;13901184;2026-02-23;5.96;6.03;5.47;5.55;5.55;744387;;56273701
OEG;10656730;2023-12-15;0.00;0.00;0.00;0.00;0.00;0;;2383888
OESX;3197816;2026-02-23;12.10;12.10;11.08;11.35;11.35;44371;;3530870
OFAL;19242685;2026-02-23;0.49;0.52;0.45;0.47;0.47;147763;;9611111
OFC;949496;2023-09-14;24.78;25.02;24.74;24.94;24.94;542778;;112188000
OFED;9075988;2026-02-23;15.10;15.10;15.10;15.10;15.10;0;;5600068
OFG;6767727;2026-02-23;42.84;43.22;41.03;41.39;41.39;468433;;43955219
OFIX;7962684;2026-02-23;13.91;13.96;13.18;13.59;13.59;524267;;39599659
OFLX;728561;2026-02-23;37.56;37.56;36.19;36.52;36.52;26472;;10094322
OFS;10656702;2026-02-23;4.19;4.19;3.98;4.00;4.00;105011;;13398078
OGE;998476;2026-02-23;46.97;48.21;46.97;48.13;48.13;1328236;;206259022
OGN;1243189;2026-02-23;8.14;8.14;7.90;7.92;7.92;4074216;0.02;259982912
OGS;351460;2026-02-23;84.74;86.79;84.74;86.21;86.21;331394;;62692484
OHCS;16532296;2026-02-23;0.00;0.00;0.00;0.00;0.00;0;;47906664
OHI;531049;2026-02-23;46.70;47.58;46.70;47.03;47.03;2182526;;295570000
OI;406666;2026-02-23;15.30;15.30;14.70;14.74;14.74;1469287;;152361609
OII;638114;2026-02-23;35.24;37.80;35.10;37.22;37.22;1711255;;99393743
OIS;7962856;2026-02-23;12.60;13.54;12.26;13.52;13.52;3196079;;59745565
OKE;334076;2026-02-23;87.42;89.00;86.73;87.33;87.33;4653871;;629231557
OKTA;708398;2026-02-23;73.55;73.55;68.77;69.51;69.51;4766528;;177230221
OKYO;16682796;2026-02-23;1.73;1.85;1.54;1.70;1.70;1274511;;33836316
OLED;933165;2026-02-23;102.59;104.42;99.65;102.09;102.09;1030616;;47098284
OLLI;102057;2026-02-23;106.95;107.45;104.18;107.22;107.22;1323226;;61332549
OLMA;11819707;2026-02-23;24.11;24.52;23.38;24.36;24.36;1311698;;68659923
OLN;448155;2026-02-23;24.03;24.54;23.34;23.50;23.50;1759545;;113636799
OLO;11795150;2025-09-12;10.26;10.26;10.26;10.26;10.26;0;;169400577
OLP;949745;2026-02-23;23.25;23.66;23.14;23.24;23.24;86928;;20567000
OLPX;11795002;2026-02-23;1.64;1.68;1.59;1.60;1.60;1059093;;667511905
OM;11795180;2026-02-23;3.50;3.50;3.30;3.35;3.35;333455;;18311626
OMAB;18842729;2026-02-23;132.21;132.81;128.78;130.77;130.77;125739;;336403425
OMC;251397;2026-02-23;83.83;85.67;79.73;80.75;80.75;7830022;;310336344
OMCL;495083;2026-02-23;39.65;39.83;38.66;39.56;39.56;593031;;44876522
OMED;819110;2019-04-23;0.89;0.89;0.89;0.89;0.89;1201;;38690089
OMER;7962958;2026-02-23;11.96;12.13;11.09;11.44;11.44;1438507;;70900459
OMEX;11034325;2026-02-23;1.50;1.52;1.41;1.44;1.44;928963;;20594180
OMF;687414;2026-02-23;56.70;56.92;53.59;54.16;54.16;1212750;;117152064
OMGA;11817290;2026-02-23;0.14;0.14;0.14;0.14;0.14;0;;55366213
OMGB;667156;2019-01-17;0.20;0.20;0.20;0.20;0.20;0;;29650000
OMH;9076028;2026-02-23;1.48;1.48;1.40;1.40;1.40;9085;;23590308
OMI;347188;2025-12-31;2.74;2.82;2.69;2.80;2.80;1267257;;77346594
OMIC;1253398;2025-02-21;20.01;20.01;20.01;20.01;20.01;0;;2511783
OMP;914862;2022-02-01;23.86;23.86;23.86;23.86;23.86;0;;35973611
OMSE;19212104;2026-02-23;4.52;4.85;4.50;4.51;4.51;16497;;38745000
ON;136025;2026-02-23;68.95;70.20;68.04;69.47;69.47;4618719;;394020530
ONB;6481068;2026-02-23;25.01;25.30;23.75;24.13;24.13;3923321;;389673000
ONCT;796059;2026-02-23;0.53;0.53;0.53;0.53;0.53;0;;2959645
ONCYF;1253395;2018-05-24;0.79;0.82;0.74;0.74;0.74;442324;;
ONDK;977510;2020-10-15;1.83;1.83;1.83;1.83;1.83;0;;58921292
ONEM;1008081;2023-02-22;16.47;16.47;16.47;16.47;16.47;523503;;195624000
ONEW;1321940;2026-02-23;12.14;12.14;11.21;11.45;11.45;98036;;16613444
ONL;16453519;2026-02-23;2.54;2.56;2.51;2.51;2.51;225976;;56314634
ONON;18468487;2026-02-23;48.18;48.97;46.53;47.44;47.44;6178000;;289296343
ONTF;11817353;2026-02-23;7.97;7.98;7.91;7.91;7.91;627848;;42282395
ONTX;11035248;2024-04-02;1.00;1.00;0.77;1.00;1.00;1249487;;21040645
ONVO;53151;2025-04-23;2.16;2.16;1.94;2.04;2.04;242634;;1453958
OOMA;208053;2026-02-23;11.65;11.65;11.31;11.51;11.51;220379;;27600000
OPAD;12442288;2026-02-23;0.85;0.85;0.77;0.81;0.81;2018168;;36859946
OPAL;15204662;2026-02-23;2.07;2.09;2.01;2.05;2.05;354429;;
OPBK;9075972;2026-02-23;13.85;13.88;13.37;13.39;13.39;39406;;14885614
OPCH;10383330;2026-02-23;35.55;36.48;35.30;36.09;36.09;2394816;;158732706
OPEN;1124649;2026-02-23;4.91;5.39;4.62;4.78;4.78;60048154;;958325481
OPFI;11820390;2026-02-23;9.02;9.08;8.71;8.87;8.87;441979;;15037326
OPGN;1253028;2026-02-20;26.00;31.00;17.30;23.99;23.99;12507;;10071286
OPHC;15042569;2026-02-23;5.31;5.32;5.21;5.27;5.27;11860;;11533943
OPI;820761;2026-02-23;0.20;0.20;0.20;0.20;0.20;0;;73976190
OPK;1253386;2026-02-23;1.19;1.21;1.15;1.15;1.15;2133305;;767701280
OPNT;12444473;2023-03-02;20.65;20.65;20.65;20.65;20.65;0;;4462236
OPOF;17976696;2025-09-02;42.10;42.10;42.10;42.10;42.10;0;;5077695
OPRA;18720461;2026-02-23;12.27;12.27;11.89;11.97;11.97;673013;;88480154
OPRT;10656708;2026-02-23;5.15;5.17;4.87;4.92;4.92;648074;;44129020
OPRX;654256;2026-02-23;8.21;8.29;7.12;7.37;7.37;646813;;18640652
OPT;17616592;2026-02-23;3.41;3.41;3.41;3.41;3.41;0;;1231817008
OPTN;9075890;2025-05-21;9.60;9.60;9.60;9.60;9.60;0;;10127381
OPTT;1020998;2026-02-23;0.41;0.44;0.40;0.44;0.44;6211864;;170050563
OPXS;13511362;2026-02-23;11.60;11.61;10.17;10.69;10.69;165834;;6937358
OPY;505723;2026-02-23;88.16;89.50;85.54;86.52;86.52;52450;;10520549
ORA;708961;2026-02-23;116.34;117.40;113.83;115.19;115.19;572627;;60781792
ORBC;9076283;2021-09-01;11.49;11.49;11.49;11.49;11.49;22;;79547000
ORC;7962890;2026-02-23;7.60;7.70;7.47;7.59;7.59;7794469;;190693392
ORCC;10383354;2013-03-28;3.85;3.85;3.85;3.85;3.58;0;;
ORCL;257930;2026-02-23;145.69;145.80;138.59;141.31;141.31;31550970;;2873130000
ORGN;10656424;2026-02-23;0.16;0.16;0.14;0.15;0.15;1615487;;151149855
ORGO;1253253;2026-02-23;3.99;4.02;3.88;3.92;3.92;502331;;126912142
ORGS;16453517;2026-02-23;0.57;0.57;0.57;0.57;0.57;100;;4692591
ORI;448187;2026-02-23;41.22;41.83;41.21;41.61;41.61;1855460;;247450000
ORIC;1873018;2026-02-23;11.07;11.98;11.04;11.71;11.71;1443085;;97389279
ORLY;334679;2026-02-23;92.97;95.91;92.95;95.35;95.35;7826597;;844104092
ORMP;10656722;2026-02-23;3.23;3.35;3.20;3.31;3.31;368335;;39802455
ORN;9076058;2026-02-23;13.83;13.96;13.10;13.33;13.33;393825;;39900978
ORRF;9075908;2026-02-23;38.04;38.27;35.73;36.09;36.09;171405;;19498770
ORTX;11033907;2024-01-24;16.70;16.70;16.70;16.70;16.70;0;;18928633
OSA;15585642;2024-08-05;0.01;0.01;0.01;0.01;0.01;5;;17394064
OSBC;7962790;2026-02-23;20.60;20.73;19.41;19.56;19.56;305180;;52669224
OSCR;1299459;2026-02-23;13.00;13.14;12.44;12.45;12.45;7931393;;297748000
OSG;7962970;2026-02-23;5.75;5.84;5.62;5.64;5.64;655039;;72030977
OSH;10383316;2023-05-02;39.00;39.00;39.00;39.00;39.00;0;;222553237
OSIS;344473;2026-02-23;292.15;295.89;288.23;293.65;293.65;325916;;16472549
OSK;975076;2026-02-23;174.50;177.28;171.58;176.95;176.95;860769;;62548631
OSPN;147770;2026-02-23;11.30;11.33;10.67;10.75;10.75;453258;;38027123
OSS;11034555;2026-02-23;9.60;9.88;8.92;9.07;9.07;1588576;;24515491
OSTK;176064;2023-11-03;16.31;17.52;15.91;16.78;16.78;3729862;;45225000
OSUR;1253129;2026-02-23;2.73;2.77;2.67;2.75;2.75;401283;;71733530
OSW;14159421;2026-02-23;22.41;22.63;21.50;21.66;21.66;810951;;101952381
OTECU;12444389;2024-01-30;10.20;10.20;10.20;10.20;10.20;0;;1848503
OTEL;969956;2021-03-31;11.73;11.74;11.72;11.74;11.74;12058;;3421794
OTEX;714157;2026-02-23;24.54;24.58;23.65;23.72;23.72;2926011;;250602777
OTF;19315295;2026-02-23;11.50;11.53;10.99;11.19;11.19;3844025;;465329991
OTGAU;19537351;2026-02-23;10.19;10.20;10.19;10.20;10.20;1930;;29525000
OTIS;1161716;2026-02-23;93.18;93.46;90.40;90.55;90.55;5285470;;388720773
OTLK;908645;2026-02-23;0.40;0.44;0.40;0.40;0.40;1138450;;83067190
OTLY;18538664;2026-02-23;11.66;11.98;11.42;11.68;11.68;54373;;598559840
OTRK;495603;2025-09-26;0.02;0.03;0.02;0.03;0.03;46645;;4217848
OTTR;703658;2026-02-23;85.13;85.69;84.14;85.46;85.46;190277;;41953525
OUST;12444321;2026-02-23;18.13;18.44;17.60;18.06;18.06;1101682;;60005219
OUT;706846;2026-02-23;26.16;26.16;25.72;25.98;25.98;1456933;;167234555
OVBC;9075992;2026-02-23;44.55;44.55;42.99;43.97;43.97;14344;;4711001
OVID;9075800;2026-02-23;1.45;1.49;1.44;1.45;1.45;427812;;71212353
OVLY;9075882;2026-02-23;33.99;34.05;32.70;33.03;33.03;20634;;8358711
OVV;980326;2026-02-23;50.55;50.87;50.04;50.83;50.83;5420083;;253258560
OWL;11794914;2026-02-23;10.77;10.82;10.23;10.44;10.44;49765999;;456189118
OXFD;124252;2021-03-08;21.99;21.99;21.99;21.99;21.99;0;;25961817
OXM;185852;2026-02-23;40.63;41.13;39.04;40.39;40.39;271810;;14877391
OXSQ;10656676;2026-02-23;1.80;1.81;1.72;1.73;1.73;1727445;;81669408
OXUS;18045534;2026-02-23;1.58;1.78;1.55;1.57;1.57;245314;;21463306
OXY;334205;2026-02-23;52.25;53.33;52.01;52.43;52.43;13723962;;986266656
OZ;16849643;2026-02-23;49.50;49.88;49.26;49.50;49.50;24432;;3789101
OZK;6481040;2026-02-23;49.64;50.31;47.92;48.28;48.28;1331390;;
OZRK;135823;2018-07-13;41.89;42.58;41.07;41.24;41.24;2801286;;121577177
OZSC;16532294;2026-02-20;0.20;0.24;0.12;0.20;0.20;38106;;1325606
P;91899;2019-02-26;8.38;8.38;8.38;8.38;8.38;0;;388476275
PAA;980332;2026-02-23;20.89;21.06;20.68;20.82;20.82;2131695;;705497770
PAAS;3308037;2026-02-23;65.36;66.23;64.08;65.18;65.18;8495818;;421847046
PAC;18786333;2026-02-23;279.61;292.70;274.81;279.18;279.18;237780;;429485845
PACB;81196;2026-02-23;1.61;1.65;1.54;1.58;1.58;6562213;;301907431
PACI;15539355;2017-07-28;1.74;1.74;1.74;1.74;1.74;0;;
PACK;10656516;2026-02-23;5.38;5.42;5.16;5.26;5.26;329507;;84375870
PACW;537548;2023-11-30;7.92;8.00;7.46;7.54;7.54;24640605;;118558000
PAG;6480938;2026-02-23;167.82;167.82;162.12;163.16;163.16;282797;;65858552
PAGP;10383781;2026-02-23;22.31;22.43;22.09;22.23;22.23;1049589;;197888124
PAGS;17663710;2026-02-23;11.14;11.28;10.49;10.57;10.57;5691837;;209148916
PAHC;177507;2026-02-23;52.72;52.82;50.23;51.52;51.52;301282;;40534716
PALT;15204664;2025-10-02;2.00;2.04;2.00;2.02;2.02;59588;;9236987
PAM;18739939;2026-02-23;82.97;83.05;79.01;80.03;80.03;271358;;1359641441
PANL;15141559;2026-02-23;9.11;9.22;8.82;9.17;9.17;802653;;64973688
PANW;199345;2026-02-23;147.72;148.63;143.30;144.14;144.14;20825963;;816000000
PAR;7962634;2026-02-23;21.30;21.54;19.30;19.61;19.61;1243673;;40591032
PARA;378106;2025-08-07;11.04;11.04;11.04;11.04;11.04;0;;674224884
PARR;6767661;2026-02-23;42.15;42.88;40.03;40.71;40.71;1492748;;50291043
PASG;14814695;2026-02-23;8.59;9.05;8.59;8.73;8.73;10723;;3178710
PATH;1253258;2026-02-23;10.58;10.58;10.04;10.17;10.17;37188112;;534749684
PATI;13511426;2023-12-21;16.25;16.26;16.25;16.26;16.26;19376;;3526489
PATK;745754;2026-02-23;136.37;136.37;129.95;130.01;130.01;348319;0.47;33234715
PAVM;11034525;2026-02-23;9.35;9.55;8.74;9.18;9.18;66132;;314076
PAX;17663712;2026-02-23;13.92;13.92;13.23;13.27;13.27;1149530;;60640738
PAY;11795182;2026-02-23;25.45;25.57;23.77;24.40;24.40;2335581;;125428507
PAYA;11795118;2023-02-22;9.74;9.74;9.74;9.74;9.74;0;;126417577
PAYC;746934;2026-02-23;113.28;116.50;112.93;114.43;114.43;2798632;;54275097
PAYO;11795028;2026-02-23;5.32;5.37;4.89;4.94;4.94;6347307;;356440304
PAYS;921205;2026-02-23;3.25;3.28;3.14;3.21;3.21;272668;;55042888
PAYX;106287;2026-02-23;90.44;90.55;87.04;87.39;87.39;4909770;;359898021
PB;1234785;2026-02-23;73.55;73.85;70.09;70.42;70.42;928591;;94991832
PBAJ;11795058;2026-02-23;0.00;0.00;0.00;0.00;0.00;0;;200130920
PBAXU;11819180;2024-02-14;10.37;10.37;10.37;10.37;10.37;7;;2173298
PBCT;335764;2022-04-04;19.41;19.41;19.41;19.41;19.41;1;;418285714
PBF;546186;2026-02-23;34.52;34.85;32.71;34.32;34.32;2404174;;116926826
PBFS;11819998;2026-02-23;14.56;14.56;14.07;14.07;14.07;17160;;25080547
PBH;641370;2026-02-23;69.43;70.72;69.43;69.67;69.67;598445;;47318730
PBHC;15394206;2026-02-23;13.30;13.30;13.30;13.30;13.30;74;;
PBI;378200;2026-02-23;10.35;10.45;10.24;10.38;10.38;2489426;;149942698
PBIP;9076206;2022-09-07;15.13;15.13;15.13;15.13;15.13;11;;7755952
PBPB;7962952;2025-10-23;17.12;17.12;17.12;17.12;17.12;0;;30260672
PBR-A;18697020;2026-02-23;14.83;15.29;14.81;14.98;14.98;15349123;;7442231382
PBSV;242378;2026-02-23;0.57;0.58;0.57;0.58;0.58;600;;22904492
PBYI;668565;2026-02-23;6.82;7.15;6.77;7.11;7.11;451307;;50391107
PCAR;406606;2026-02-23;127.84;129.96;125.04;126.06;126.06;2461220;;525894443
PCB;10656634;2026-02-23;23.09;23.26;22.11;22.11;22.11;53368;;14260754
PCCT;17429696;2023-10-19;8.90;8.90;5.50;6.26;6.26;85297;;7830915
PCG;378198;2026-02-23;18.45;18.55;18.34;18.48;18.48;14129012;;2675711544
PCH;1067480;2026-02-02;41.73;41.73;41.73;41.73;41.73;0;;77291000
PCMI;898543;2019-08-30;35.01;35.01;35.01;35.01;35.01;0;;12327791
PCOK;11795226;2026-02-23;0.25;0.25;0.25;0.25;0.25;0;;102951395
PCOR;1374845;2026-02-23;51.35;51.35;48.18;48.86;48.86;2701886;;155469860
PCP;438657;2016-02-08;234.95;234.95;234.95;234.95;234.95;0;;137738667
PCRX;982111;2026-02-23;23.10;23.16;22.40;23.11;23.11;562185;;46173240
PCSA;16682806;2026-02-23;2.09;2.09;1.76;1.85;1.85;58278;;130278
PCSB;9076191;2022-12-30;19.01;19.26;18.70;19.04;19.04;124818;;14214313
PCT;11795168;2026-02-23;8.80;8.97;8.59;8.66;8.66;2707114;;180198340
PCTI;919132;2023-12-15;6.99;7.00;6.99;6.99;6.99;143860;;18367000
PCTY;1054411;2026-02-23;104.67;104.73;100.90;101.95;101.95;712698;;53876692
PCVX;1253394;2026-02-23;58.42;61.25;58.16;60.26;60.26;992494;;130906263
PCYO;9075838;2026-02-23;10.77;10.77;10.51;10.57;10.57;77957;;24076305
PD;987612;2026-02-23;6.41;6.51;6.18;6.25;6.25;3773245;;91776804
PDCE;1374139;2023-09-05;73.85;73.85;73.85;73.85;73.85;0;;87169000
PDCO;196179;2025-04-17;31.33;31.33;31.33;31.33;31.33;0;;88474000
PDEX;246198;2026-02-23;39.73;40.75;39.50;40.37;40.37;16795;;3205985
PDFS;606334;2026-02-23;32.07;32.19;30.93;31.60;31.60;292133;;39512959
PDLB;10656652;2026-02-23;16.62;16.66;16.08;16.16;16.16;75795;;24001125
PDLI;533398;2022-01-18;2.47;2.47;2.47;2.47;2.47;0;;114515806
PDM;7962640;2026-02-23;7.97;7.97;7.53;7.62;7.62;892275;;124849529
PDSB;10656632;2026-02-23;0.65;0.65;0.60;0.64;0.64;493780;;48980307
PE;749130;2021-01-12;16.62;17.31;16.62;16.93;16.93;35685638;;412864527
PEAK;378162;2024-03-01;16.74;17.14;16.49;17.10;17.10;9975519;;547172983
PEB;107219;2026-02-23;12.70;12.71;12.13;12.28;12.28;1466508;;113595629
PEBK;9075966;2026-02-23;39.40;39.80;38.01;38.16;38.16;17448;;5459441
PEBO;7962664;2026-02-23;33.95;33.95;32.40;32.52;32.52;290020;;35702963
PECO;10383435;2026-02-23;39.32;39.70;39.03;39.15;39.15;862513;;125800000
PED;11034145;2026-02-23;0.62;0.65;0.61;0.61;0.61;397029;;95519352
PEDH;662413;2026-02-23;0.00;0.00;0.00;0.00;0.00;0;;4465202
PEG;117316;2026-02-23;86.03;86.67;85.43;86.31;86.31;1946133;;499153976
PEGA;448267;2026-02-23;44.66;44.67;41.41;41.98;41.98;3246622;;169043716
PEGI;708994;2020-03-16;26.74;26.74;26.74;26.74;26.74;100;;98218625
PEN;920930;2026-02-23;339.53;340.86;339.08;339.20;339.20;528443;;39162177
PENN;988816;2026-02-23;12.93;12.95;11.88;12.17;12.17;5378990;;133249972
PEP;218222;2026-02-20;164.65;164.97;163.02;164.94;164.94;4661761;;1366649053
PEPG;11817909;2026-02-23;6.22;6.50;6.17;6.34;6.34;285983;;68748224
PERF;209149;2026-02-23;1.53;1.54;1.43;1.48;1.48;153348;;15493763
PERI;1214252;2026-02-23;8.99;8.99;8.49;8.50;8.50;572142;;44825053
PESI;664574;2026-02-23;13.36;13.45;12.85;13.12;13.12;178523;;18517662
PET;15296791;2026-02-23;0.05;0.05;0.05;0.05;0.05;0;;51487598
PETM;953585;2015-03-11;82.98;83.00;82.98;82.98;82.98;11623204;;99411312
PETQ;1371623;2024-10-25;30.98;30.98;30.98;30.98;30.98;0;;29885774
PETS;820678;2026-02-23;2.95;2.97;2.83;2.88;2.88;106508;;21400495
PETV;13774430;2026-02-23;0.70;0.70;0.69;0.70;0.70;502;;35017419
PEW;19778483;2026-02-23;2.84;2.84;2.73;2.75;2.75;337725;;30015922
PFBC;7962696;2026-02-23;92.02;92.19;88.91;89.90;89.90;115052;;
PFBI;9076313;2021-09-24;17.79;17.79;17.79;17.79;17.79;0;;14759185
PFBX;15296779;2026-02-23;21.25;21.25;21.25;21.25;21.25;10;;4617466
PFC;11795302;2025-03-03;28.04;28.04;28.04;28.04;28.04;0;;35925095
PFE;262090;2026-02-23;26.55;27.11;26.50;27.06;27.06;33993700;;5685707552
PFG;367240;2026-02-23;95.29;96.34;91.76;92.69;92.69;2576729;;216835141
PFGC;180458;2026-02-23;97.18;97.83;94.90;95.79;95.79;1354706;;157098971
PFHC;11795134;2026-02-23;5.30;5.35;4.96;5.11;5.11;868396;;180871183
PFHO;16409727;2026-02-23;1.30;1.31;1.25;1.25;1.25;7944;;12800000
PFIE;9076091;2025-01-03;2.54;2.54;2.54;2.54;2.54;0;;46825381
PFIS;9075782;2026-02-23;56.21;56.92;54.12;54.36;54.36;18378;;9994595
PFLC;12444727;2026-02-23;13.03;13.04;12.96;13.03;13.03;9301;;10373563
PFLT;10656448;2026-02-23;8.37;8.48;8.18;8.18;8.18;1984667;;99217896
PFMT;11819946;2024-12-17;3.68;3.68;3.51;3.56;3.56;166175;;78291364
PFPT;1017401;2021-08-31;175.90;175.90;175.90;175.90;175.90;102;;57369765
PFS;6767705;2026-02-23;23.03;23.12;21.65;21.93;21.93;826657;;130622384
PFSI;10383829;2026-02-23;92.23;92.23;89.16;90.33;90.33;981983;;52167770
PFSW;9076044;2023-10-23;7.49;7.50;7.48;7.49;7.49;115528;;23079000
PFTA;17612556;2026-02-23;10.76;10.76;10.76;10.76;10.76;0;;8100345
PG;133209;2026-02-23;160.32;165.36;160.30;165.17;165.17;14325464;;2324000685
PGC;726431;2026-02-23;34.60;35.06;32.63;32.97;32.97;141896;;17558019
PGEN;10656520;2026-02-23;4.31;4.42;4.04;4.08;4.08;7344686;;353824499
PGID;13511412;2026-02-23;0.00;0.00;0.00;0.00;0.00;0;;252184221
PGNX;795979;2020-06-19;4.60;4.79;3.94;4.10;4.10;34928367;;86596633
PGNY;1234786;2026-02-23;20.87;21.46;20.75;21.31;21.31;2131114;;86211654
PGR;378203;2026-02-23;203.05;205.00;201.98;203.69;203.69;2868767;;586397236
PGRE;350539;2025-12-18;6.59;6.60;6.59;6.60;6.60;6420507;;221897427
PGRWU;11820126;2023-05-09;10.35;10.35;10.35;10.35;10.35;3197;;17250000
PGTI;127570;2024-03-28;41.99;41.99;41.99;41.99;41.99;0;;57261697
PGTK;13950770;2026-02-23;0.00;0.00;0.00;0.00;0.00;0;;57045724
PGY;16532300;2026-02-23;11.69;11.70;10.54;10.64;10.64;6949891;;56919856
PH;354246;2026-02-23;1014.51;1022.08;998.25;1008.97;1008.97;720366;;126216529
PHAR;18697022;2026-02-23;16.57;16.76;16.05;16.76;16.76;44396;;680308735
PHAT;11795332;2026-02-23;11.42;11.71;11.00;11.37;11.37;1089490;;71138440
PHCI;13511348;2026-02-23;6.00;6.00;6.00;6.00;6.00;0;;79886074
PHG;18322823;2026-02-23;31.23;31.30;31.07;31.22;31.22;907466;;962920132
PHH;257104;2018-12-14;11.00;11.00;11.00;11.00;11.00;0;;32581228
PHI;18538666;2026-02-23;23.97;24.29;23.90;24.01;24.01;75569;;216055775
PHIL;15071408;2026-02-23;0.00;0.00;0.00;0.00;0.00;640000;;46873940565
PHIN;14122319;2026-02-23;75.61;76.96;73.92;76.91;76.91;405687;;37915162
PHM;404717;2026-02-23;139.92;141.03;137.25;140.21;140.21;1312496;;192327885
PHOE;19439007;2026-02-23;15.29;17.03;14.05;15.00;15.00;30206;;20000000
PHR;10384227;2026-02-23;12.47;12.71;11.54;11.70;11.70;1651961;;60287003
PHUN;895647;2026-02-23;1.69;1.71;1.66;1.67;1.67;67967;;19888185
PHVS;18704586;2026-02-23;28.08;28.99;26.96;27.66;27.66;60933;;54379491
PHX;371566;2025-06-23;4.35;4.35;4.35;4.35;4.35;210;;37922368
PHYT;17662012;2024-10-29;11.55;11.55;11.55;11.55;11.55;8;;25156250
PI;182875;2026-02-23;126.31;130.49;117.64;118.98;118.98;715886;;30231686
PII;104458;2026-02-23;65.46;65.65;61.82;62.22;62.22;856083;;56690669
PIII;11795152;2026-02-23;2.10;2.25;2.08;2.13;2.13;16130;;7176406
PINC;448306;2025-11-25;28.26;28.26;28.26;28.26;28.26;0;;82684436
PINE;1338974;2026-02-23;20.08;20.30;19.84;20.14;20.14;233319;;15088574
PINS;979810;2026-02-23;17.50;17.87;16.49;16.69;16.69;23256838;;665138623
PIPR;6767495;2026-02-23;315.60;322.31;302.00;306.18;306.18;233430;;17689597
PIR;244053;2020-10-15;0.15;0.15;0.15;0.15;0.15;0;;4257902
PIRS;9076077;2024-12-13;15.01;15.35;13.26;13.60;13.60;51727;;1320240
PITA;16346730;2026-02-23;0.23;0.23;0.23;0.23;0.23;0;;
PIXY;1077532;2026-02-23;6.53;6.53;6.53;6.53;6.53;0;;450604
PJT;158528;2026-02-23;149.78;150.89;143.96;147.40;147.40;332468;;24307301
PK;641161;2026-02-23;11.43;11.53;10.93;11.10;11.10;5543510;;201398439
PKBK;9075894;2026-02-23;28.50;28.82;27.70;27.79;27.79;80490;;11595553
PKD;998473;2020-02-10;14.66;14.66;14.66;14.66;14.66;0;;15044739
PKE;89458;2026-02-23;25.76;25.84;24.64;25.75;25.75;177244;;19925798
PKG;448316;2026-02-23;222.50;225.61;218.53;225.55;225.55;1447414;;89977067
PKI;378197;2023-05-15;115.98;117.21;114.67;115.24;115.24;1616912;;126285000
PKKW;15585646;2026-02-23;24.00;24.25;23.82;24.00;24.00;1371;;5651704
PKOH;9075926;2026-02-23;27.16;27.50;26.07;26.08;26.08;28661;;14404207
PL;11795154;2026-02-23;23.40;24.70;23.23;23.78;23.78;6711974;;313664721
PLAB;39856;2026-02-23;37.98;37.98;36.20;37.03;37.03;648033;;59064641
PLAN;925650;2022-06-22;63.73;63.73;63.73;63.73;63.73;0;;149877000
PLAO;18120268;2026-02-19;11.85;11.85;11.85;11.85;11.85;0;;22630481
PLAY;44636;2026-02-23;15.21;15.24;14.45;15.11;15.11;1056840;;34680265
PLBC;10656614;2026-02-23;53.01;53.01;51.00;51.65;51.65;22224;;6955514
PLBY;12444361;2026-02-23;2.08;2.08;1.96;2.05;2.05;553334;;107757372
PLCE;737152;2026-02-23;4.36;4.36;4.14;4.18;4.18;167296;;22167889
PLD;113992;2026-02-23;141.33;142.40;139.97;140.74;140.74;3798599;;929559000
PLG;18145446;2026-02-23;2.41;2.54;2.37;2.45;2.45;3006274;;75189717
PLL;10384275;2025-08-29;8.02;8.08;7.02;7.25;7.25;3027347;;21946069
PLMI;14509094;2024-09-16;12.00;12.00;9.00;9.00;9.00;9174;;13208627
PLMR;10384259;2026-02-23;121.71;123.86;120.33;120.75;120.75;260901;;26501692
PLNHF;13950772;2023-09-15;0.86;0.96;0.86;0.91;0.91;333101;;222247854
PLNT;948485;2026-02-23;90.40;91.09;89.34;90.75;90.75;2984576;;83299293
PLOW;7962732;2026-02-23;42.11;42.82;41.67;42.64;42.64;342524;;23040878
PLPC;728955;2026-02-23;262.62;264.04;251.27;255.00;255.00;112900;;4901871
PLRX;10384251;2026-02-23;1.25;1.27;1.22;1.23;1.23;509316;;61449385
PLSE;1253396;2026-02-23;21.38;21.54;19.32;20.19;20.19;635588;;67989078
PLTK;10383500;2026-02-23;3.41;3.44;3.12;3.13;3.13;1950902;;376055827
PLTR;1039027;2026-02-23;132.04;132.04;127.39;130.60;130.60;52254600;;2090107000
PLUG;1011101;2026-02-23;1.84;1.88;1.81;1.84;1.84;66295668;;1391427242
PLUS;1234044;2026-02-23;82.01;82.01;78.43;78.78;78.78;151353;;26392561
PLX;10656642;2026-02-23;3.09;3.19;3.06;3.14;3.14;1565119;;80421181
PLXP;11036301;2023-09-29;0.00;0.00;0.00;0.00;0.00;3054;;28603426
PLXS;6767477;2026-02-23;198.62;201.68;194.43;197.55;197.55;210663;;26786466
PLYA;14034208;2026-02-23;13.48;13.48;13.48;13.48;13.48;0;;123013382
PLYM;11795204;2026-01-27;22.08;22.08;21.98;21.98;21.98;131069;;44551164
PM;82860;2026-02-23;183.74;188.26;183.53;187.22;187.22;5070123;;1556679579
PMBC;9076258;2021-10-18;9.55;9.65;9.26;9.40;9.40;149545;;23633059
PMCB;13511386;2026-02-23;0.70;0.73;0.67;0.69;0.69;203416;;10134160
PMD;512201;2024-12-12;2.61;2.77;2.46;2.67;2.67;112324;;5866168
PMGMU;11817973;2024-05-17;10.96;10.96;10.96;10.96;10.96;0;;39122238
PMHG;15337181;2026-02-23;57.90;57.90;57.70;57.70;57.70;1200;;3287747
PMN;16453521;2026-02-23;16.00;16.00;15.29;15.79;15.79;21906;;2152444
PMTS;10656464;2026-02-23;12.00;12.20;11.79;11.89;11.89;80925;;11387538
PMVP;11820049;2026-02-23;1.05;1.07;1.02;1.03;1.03;127569;;53211507
PNBK;16532298;2026-02-23;1.27;1.36;1.26;1.30;1.30;173371;;3976073
PNC;348075;2026-02-23;232.17;233.55;219.31;220.77;220.77;2272489;;403370923
PNFP;783539;2026-02-23;101.30;101.50;94.42;94.67;94.67;1432574;;77575457
PNM;1067473;2024-08-02;42.00;42.25;41.30;41.77;41.77;486374;;90200384
PNNT;10656514;2026-02-23;4.92;4.98;4.84;4.90;4.90;1041153;;65296094
PNPL;13624118;2026-02-23;0.08;0.08;0.08;0.08;0.08;0;;73103569
PNR;334445;2026-02-23;102.38;102.79;100.52;101.66;101.66;1304109;;163641880
PNRA;412883;2017-07-19;314.93;314.93;314.93;314.93;314.93;0;;22720422
PNRG;10656662;2026-02-23;189.44;192.31;182.42;183.98;183.98;38920;;1635000
PNT;11795214;2024-01-09;12.50;12.50;12.50;12.50;12.50;501;;105724215
PNTG;10656474;2026-02-23;32.40;32.83;31.99;32.56;32.56;327158;;34593720
PNW;327292;2026-02-23;98.64;100.02;98.64;99.60;99.60;904458;;119690399
PNYG;18025579;2026-02-23;0.20;0.20;0.20;0.20;0.20;0;;11500000
POAI;16682804;2026-02-23;2.16;2.23;2.06;2.13;2.13;33569;;444688
POCI;13841955;2026-02-23;4.46;4.55;4.25;4.34;4.34;15236;;7720229
PODD;349262;2026-02-23;245.85;250.41;243.67;249.38;249.38;1567483;;70395848
POET;18689455;2026-02-23;5.57;5.61;5.39;5.52;5.52;3137805;;76507157
POLA;11035731;2026-02-23;1.52;1.55;1.45;1.46;1.46;24058;;2658676
POLY;7962628;2022-08-30;39.82;39.82;39.82;39.82;39.82;0;;43428000
POM;1077978;2026-02-23;0.19;0.23;0.19;0.22;0.22;126804;;1022892585
PONO;11795268;2024-09-13;0.13;0.18;0.13;0.14;0.14;7701;;924890
POOL;448357;2026-02-23;220.82;221.66;213.26;218.50;218.50;1181071;;37249484
POR;6480992;2026-02-23;52.71;53.80;52.60;53.65;53.65;2013442;;115561705
POST;625659;2026-02-23;106.10;107.11;105.31;105.91;105.91;593385;;47956718
POWI;6481016;2026-02-23;45.37;45.75;44.72;45.57;45.57;912891;;55504000
POWL;7962744;2026-02-23;546.81;555.00;532.38;544.15;544.15;192342;;12142283
POWW;10656604;2026-02-23;2.08;2.17;2.05;2.15;2.15;1528786;;117288722
PPBI;6767557;2025-09-02;24.49;24.49;24.49;24.49;24.49;0;;96991440
PPC;423305;2026-02-23;41.68;41.75;40.84;40.99;40.99;964227;;237547447
PPG;256062;2026-02-23;125.76;127.16;124.41;125.35;125.35;1200967;;223494714
PPIH;209037;2026-02-23;33.82;34.05;32.31;33.54;33.54;110895;;8094045
PPL;26853;2026-02-23;36.70;37.30;36.46;37.26;37.26;29144442;;751306792
PPSI;88673;2026-02-23;3.81;3.91;3.71;3.74;3.74;60042;;11095266
PPTA;15539343;2026-02-23;30.21;30.98;29.58;30.31;30.31;1062501;;121872682
PPWLM;14097472;2026-02-23;193.25;193.25;193.25;193.25;193.25;0;;1
PPYAU;11817750;2026-02-23;10.42;10.42;10.42;10.42;10.42;0;;8984425
PR;6481020;2026-02-23;18.00;18.16;17.58;17.75;17.75;8806527;;829297592
PRA;6767789;2026-02-23;24.53;24.53;24.40;24.40;24.40;473313;;51413643
PRAA;6767639;2026-02-23;10.63;10.75;10.25;10.42;10.42;493419;;39015442
PRAH;1054949;2021-07-01;165.21;165.21;165.21;165.21;165.21;0;;64795400
PRAX;14821535;2026-02-23;335.00;348.67;332.31;342.46;342.46;273487;;27850833
PRBM;12442264;2023-06-28;9.95;9.95;9.95;9.95;9.95;0;;3593750
PRCH;1200989;2026-02-23;7.97;8.02;7.48;7.53;7.53;2173253;;124461898
PRCP;210612;2020-12-21;6.97;6.97;6.97;6.97;6.97;0;;9779547
PRCT;11795114;2026-02-23;27.03;27.59;26.35;27.36;27.36;1573572;;55878589
PRDO;1241826;2026-02-23;32.47;32.55;31.44;31.80;31.80;715903;;62478373
PRE;19197889;2026-02-23;16.23;16.69;14.83;15.61;15.61;734631;;12984844
PRFT;6767455;2024-10-10;75.96;75.96;75.96;75.96;75.96;0;;35156654
PRG;1234787;2026-02-23;40.65;40.93;37.91;38.18;38.18;763060;;39575810
PRGB;167827;2017-12-04;0.04;0.04;0.04;0.04;0.04;0;;394538316
PRGO;334568;2026-02-23;14.88;15.03;14.54;14.55;14.55;2755002;;137624009
PRGS;748103;2026-02-23;39.62;41.81;38.64;40.84;40.84;3005249;;42113648
PRGX;1008639;2021-03-03;7.69;7.71;7.69;7.71;7.71;101813;;23561493
PRI;1055098;2026-02-23;258.87;263.35;252.75;253.08;253.08;274513;1.20;31916058
PRIM;6767669;2026-02-23;167.86;169.10;163.38;165.64;165.64;671316;;54032351
PRK;6767571;2026-02-23;175.00;175.00;165.00;165.88;165.88;73903;;16078262
PRKA;954543;2026-02-23;39.11;39.11;39.11;39.11;39.11;20;;753577
PRKR;15337179;2026-02-23;0.27;0.29;0.25;0.28;0.28;197562;;121424398
PRLB;341185;2026-02-23;65.09;65.17;62.09;63.25;63.25;187926;;23775160
PRLD;11818546;2026-02-23;2.79;3.04;2.60;2.77;2.77;1092801;;62865270
PRLH;17590533;2026-02-23;11.32;11.32;11.32;11.32;11.32;0;;7167693
PRM;14034206;2026-02-23;26.55;26.55;25.84;26.19;26.19;817267;;147923716
PRME;14509142;2026-02-23;3.27;3.40;3.17;3.34;3.34;2569224;;180510658
PRMW;17663714;2024-11-08;24.68;26.02;23.64;24.21;24.21;11416369;;
PRO;969097;2025-12-08;23.26;23.26;23.24;23.25;23.25;5177212;;48297780
PROC;19497308;2026-02-23;1.01;1.01;1.01;1.01;1.01;0;;112824183
PROF;18493385;2026-02-23;6.96;7.17;6.78;7.15;7.15;67479;;30039809
PROG;1872948;2025-06-13;0.16;0.16;0.14;0.15;0.15;16292;;4522702
PROK;15394204;2026-02-23;2.10;2.18;2.07;2.16;2.16;387271;;300834379
PROM;156801;2026-02-23;1.20;1.20;1.20;1.20;1.20;0;;250010162
PROV;998465;2026-02-23;16.00;16.36;16.00;16.06;16.06;4536;;6375020
PRPH;12444283;2026-02-23;0.15;0.15;0.14;0.15;0.15;15935;;4617902
PRPL;978141;2026-02-23;0.65;0.66;0.62;0.64;0.64;320789;;108408928
PRPO;778232;2026-02-23;25.50;25.50;24.40;24.83;24.83;10598;;1752007
PRQR;18538668;2026-02-23;1.44;1.47;1.42;1.44;1.44;103394;;105212527
PRSI;13841953;2026-02-23;7.00;7.00;7.00;7.00;7.00;0;;734187
PRSO;11036177;2026-02-23;0.88;0.88;0.83;0.85;0.85;271142;;3429959
PRSP;1057795;2021-05-06;29.34;29.35;29.33;29.34;29.34;7537017;;161070907
PRTA;6481083;2026-02-23;9.00;9.34;8.81;9.07;9.07;463068;;53829982
PRTG;19212106;2025-09-03;7.60;9.43;6.80;6.81;6.81;372043;;2278622
PRTH;10656562;2026-02-23;5.43;5.50;5.26;5.38;5.38;446811;;81871568
PRTK;9076034;2023-09-21;2.23;2.23;2.23;2.23;2.23;0;;57282239
PRTS;675964;2026-02-23;0.66;0.69;0.65;0.67;0.67;344589;;69663752
PRTX;95453;2021-06-25;0.01;0.01;0.01;0.01;0.01;0;;47325387
PRU;78741;2026-02-23;103.38;104.00;99.53;100.88;100.88;2263917;;348000000
PRVA;11794982;2026-02-23;21.95;22.05;21.55;21.65;21.65;741936;;123001529
PRVB;10383980;2023-04-27;24.98;24.98;24.98;24.98;24.98;218200;;74723000
PRXL;210352;2017-10-09;88.08;88.08;88.08;88.08;88.08;0;;51115310
PS;698235;2021-04-06;22.45;22.45;22.45;22.45;22.45;0;;148534713
PSA;378204;2026-02-23;305.54;309.38;304.06;305.26;305.26;1289260;;175463014
PSB;949477;2022-07-20;187.44;187.44;187.44;187.44;187.44;0;;27565000
PSEC;10383908;2026-02-23;2.81;2.88;2.81;2.83;2.83;4089551;;482489809
PSFE;1266886;2026-02-23;6.22;6.33;5.96;6.02;6.02;478539;;59888304
PSIX;15141557;2026-02-23;87.25;90.29;85.51;88.44;88.44;269332;;23040930
PSKY;19741528;2026-02-23;10.73;10.74;10.39;10.56;10.56;8883929;;1071666977
PSMT;6767503;2026-02-23;153.72;153.87;150.04;151.30;151.30;218568;;30815417
PSN;971592;2026-02-23;64.79;65.39;63.90;64.29;64.29;1081288;;105831019
PSNL;1252816;2026-02-23;8.17;8.35;7.83;8.29;8.29;1037350;;88804348
PSNY;16872326;2026-02-23;16.88;18.32;16.36;18.10;18.10;241185;;68613385
PSO;1330269;2026-02-23;12.55;12.61;12.45;12.47;12.47;1061076;;666264831
PSPC;11817028;2023-05-26;10.22;10.23;10.22;10.23;10.23;514256;;9715000
PSSR;210051;2026-02-23;0.17;0.17;0.17;0.17;0.17;0;;7712091
PSTG;40474;2026-02-23;72.50;73.21;68.39;68.44;68.44;4118353;;330171649
PSTI;201828;2022-07-25;1.02;1.05;0.95;1.00;1.00;169047;;32136352
PSTL;10656488;2026-02-23;19.04;19.67;19.04;19.65;19.65;192805;;26062636
PSTV;1215820;2026-02-23;0.28;0.28;0.27;0.27;0.27;2991535;;137429055
PSTX;10656576;2025-01-08;9.50;9.50;9.50;9.50;9.50;0;;97465024
PSX;353084;2026-02-23;154.18;157.20;152.25;154.85;154.85;2888356;1.27;400744022
PTAM;660617;2026-02-23;0.00;0.00;0.00;0.00;0.00;104900;;148625000
PTC;148538;2026-02-23;153.90;155.06;148.44;150.88;150.88;1242779;;118996116
PTCT;6481022;2026-02-23;69.98;72.54;69.03;70.50;70.50;1188540;;82774730
PTE;184064;2023-06-15;0.24;0.25;0.23;0.24;0.24;8360229;;7320754
PTEN;345674;2026-02-23;8.37;8.49;8.15;8.36;8.36;9894362;;379575200
PTGX;11795096;2026-02-23;82.32;86.84;77.00;86.59;86.59;710790;;62515666
PTHR;16872324;2024-01-12;5.50;6.00;5.05;5.72;5.72;17445;;17104497
PTI;233042;2024-10-24;0.69;0.69;0.69;0.69;0.69;6790;;1036998
PTIX;11035990;2026-02-23;0.43;0.50;0.43;0.45;0.45;5735;;1934878
PTLO;11795122;2026-02-23;5.55;5.82;5.34;5.79;5.79;3172047;;75374649
PTMN;12442258;2026-02-23;11.55;11.60;11.18;11.27;11.27;76965;;13081251
PTN;642335;2026-02-23;22.40;22.61;19.94;22.48;22.48;32957;;1772199
PTOCU;11817082;2023-03-10;10.11;10.11;10.11;10.11;10.11;3;;34500000
PTON;963029;2026-02-23;4.35;4.37;4.08;4.13;4.13;10586659;;425489090
PTRA;10656518;2018-07-17;0.03;0.03;0.03;0.03;0.03;39426;;
PTRS;12444433;2023-11-30;7.05;7.30;7.02;7.15;7.15;163734;;18009361
PTSI;7962798;2024-11-11;19.34;19.97;19.03;19.72;19.72;25826;;21782534
PTVE;10384255;2025-04-01;18.01;18.01;18.01;18.01;18.01;0;;180630534
PTZH;15042571;2026-02-23;0.59;0.59;0.59;0.59;0.59;0;;
PUBC;14122321;2026-02-23;0.02;0.02;0.02;0.02;0.02;9200;;250497328
PUBM;1240866;2026-02-23;6.45;6.45;6.25;6.30;6.30;615448;;46414802
PUCKU;12444443;2026-02-23;10.00;10.00;10.00;10.00;10.00;0;;7459267
PUK;18630300;2026-02-23;31.38;31.51;30.29;30.43;30.43;687336;;2657521888
PULM;11035914;2026-02-23;2.90;3.27;2.82;3.12;3.12;52819;;3652285
PUMP;1145424;2026-02-23;11.24;11.52;10.61;10.90;10.90;3202630;;122024047
PURE;53064;2026-02-23;0.06;0.06;0.05;0.05;0.05;11575;;111886473
PUYI;18073606;2025-06-20;2.50;2.80;2.44;2.70;2.70;20934;;6221544
PVAC;359467;2023-06-20;37.47;37.47;37.47;37.47;37.47;0;;15312273
PVBC;12444437;2026-02-23;13.50;13.50;13.50;13.50;13.50;0;;17782946
PVCT;16682800;2026-02-23;0.04;0.05;0.04;0.04;0.04;521654;;419906859
PVH;46764;2026-02-23;71.11;71.25;68.02;69.12;69.12;731853;;45802696
PVHO;340334;2021-06-25;0.00;0.00;0.00;0.00;0.00;150000;;163784225
PVNC;13511314;2018-10-08;0.30;0.30;0.30;0.30;0.30;0;;
PWFL;12444721;2024-06-28;4.60;4.71;4.38;4.57;4.57;13698622;;107349987
PWOD;9075948;2025-07-28;30.00;30.00;30.00;30.00;30.00;0;;7614214
PWP;11795266;2026-02-23;19.96;19.96;18.58;19.35;19.35;730941;;88808922
PWR;378205;2026-02-23;552.00;562.38;543.44;549.11;549.11;1073025;;149619428
PWSC;11794978;2024-10-01;22.81;22.81;22.81;22.81;22.81;0;;204180143
PWUP;15071414;2026-02-23;1.42;1.46;1.24;1.30;1.30;240586;;194129
PX;378201;2018-10-30;166.11;167.67;162.74;164.50;164.50;57375630;;287856237
PXD;378199;2024-05-03;269.62;269.62;269.62;269.62;269.62;0;;233675158
PXDT;17596601;2026-02-23;0.58;0.58;0.58;0.58;0.58;0;;14869067
PXED;19814685;2026-02-23;29.41;29.41;27.93;28.02;28.02;42250;;35759730
PXLW;11034072;2026-02-23;5.81;6.01;5.75;5.77;5.77;27089;;6293545
PXMD;15071410;2026-02-23;0.00;0.00;0.00;0.00;0.00;2;;126264370
PXPC;13511414;2026-02-23;6.30;6.30;6.30;6.30;6.30;0;;74191114
PXS;18659285;2026-02-23;3.62;3.87;3.61;3.82;3.82;94312;;
PYCR;11794962;2025-04-14;22.49;22.49;22.49;22.49;22.49;0;;181771948
PYPL;109664;2026-02-23;41.05;45.69;40.52;44.05;44.05;75418714;;920664542
PYXS;1841390;2026-02-23;1.40;1.46;1.39;1.45;1.45;248307;;62264215
PYYX;825788;2026-02-23;2.75;3.00;2.75;3.00;3.00;11342;;24607791
PZG;11035587;2026-02-23;2.32;2.54;2.26;2.51;2.51;2556880;;83813242
PZN;9076359;2022-10-28;9.60;9.65;9.60;9.65;9.65;1482165;;16744993
PZZA;352171;2026-02-23;31.84;33.30;31.56;32.76;32.76;1647323;;32789416
QADA;9076273;2021-11-05;87.63;87.63;87.63;87.63;87.63;0;;20872000
QBTS;15271644;2026-02-23;17.57;18.36;17.41;18.05;18.05;18412188;;346718581
QCOM;85758;2026-02-23;141.97;144.06;139.64;140.41;140.41;8250433;;1067000000
QCP;356195;2018-07-27;20.74;20.74;20.74;20.74;20.74;0;;94196282
QCRH;7962716;2026-02-23;92.56;93.31;88.34;89.08;89.08;117630;;16838653
QD;18766496;2025-12-19;3.76;3.87;3.75;3.83;3.83;383033;;
QDEL;1055094;2026-02-23;22.40;22.47;21.14;21.19;21.19;1143671;;41758000
QEBR;654882;2026-02-23;0.00;0.00;0.00;0.00;0.00;0;;25367541
QEP;504259;2021-03-18;4.08;4.08;4.08;4.08;4.08;0;;242221121
QFIN;18615200;2026-02-23;14.78;14.88;14.28;14.56;14.56;1448471;;283981320
QFTA;12444479;2026-02-23;0.23;0.24;0.23;0.24;0.24;2354004;;84022
QGEN;1253130;2026-02-23;47.87;48.08;47.37;47.45;47.45;1709968;;211176306
QIND;17590535;2026-02-23;0.01;0.01;0.01;0.01;0.01;0;;169510820
QIPT;17663716;2026-02-23;3.61;3.62;3.60;3.60;3.60;416913;;44464972
QLGC;80382;2016-08-24;16.07;16.07;16.07;16.07;16.07;0;;83092000
QLYS;1059904;2026-02-23;92.27;92.27;85.14;86.65;86.65;1472944;;35675926
QMCO;10656748;2026-02-23;5.26;5.39;5.07;5.25;5.25;353470;;14638029
QNBC;15204666;2026-02-23;37.35;37.35;37.13;37.13;37.13;300;;3727825
QNCX;16682808;2026-02-23;0.15;0.15;0.13;0.14;0.14;13616596;;43276606
QNST;168827;2026-02-23;11.50;11.50;10.98;11.00;11.00;1264028;;56993939
QNTO;13511344;2026-02-23;15.50;15.50;15.50;15.50;15.50;0;;2633465
QOMOU;16212275;2026-02-23;11.31;11.31;11.31;11.31;11.31;0;;6935623
QQQ;1171653;2026-02-23;606.61;608.01;599.05;601.41;601.41;63176602;;
QRHC;10656724;2026-02-23;1.76;1.80;1.55;1.72;1.72;67348;;20870094
QRTEA;980380;2026-02-23;0.36;0.36;0.36;0.36;0.36;0;;8068468
QRVO;35151;2026-02-20;80.58;82.86;80.46;82.24;82.24;1084619;;92705679
QS;1059132;2026-02-23;6.77;6.88;6.67;6.85;6.85;12256441;;471752000
QSAM;15296781;2024-05-02;7.75;8.30;7.74;8.30;8.30;133563;;4445469
QSEA;19191934;2026-02-23;10.29;10.29;10.29;10.29;10.29;151;;11409900
QSEP;16532302;2026-02-23;0.09;0.09;0.08;0.09;0.09;151912;;405898799
QSI;1253402;2026-02-23;0.94;0.95;0.90;0.91;0.91;1870579;;215489665
QSIM;689588;2019-08-22;0.00;0.00;0.00;0.00;0.00;4000000;;205765428
QSR;716651;2026-02-23;68.76;69.45;67.17;67.53;67.53;2475332;;455860238
QTNA;734346;2019-06-18;24.49;24.51;24.49;24.51;24.51;1672007;;38547504
QTNT;1253244;2023-01-03;0.38;0.38;0.38;0.38;0.38;12;;4249675
QTWO;6767657;2026-02-23;50.50;50.55;47.15;47.36;47.36;1187489;;62404372
QUAD;9075934;2026-02-23;7.08;7.13;6.83;7.04;7.04;388495;;49300000
QUBT;17680694;2026-02-23;7.76;7.98;7.63;7.88;7.88;8292882;;91357640
QUIK;11034052;2026-02-23;8.10;8.10;7.87;8.00;8.00;97809;;17090253
QUMS;19793549;2026-02-23;10.06;10.06;10.06;10.06;10.06;6461;;11406650
QUOT;651172;2023-09-01;4.00;4.01;3.99;3.99;3.99;1079012;;98424000
QURE;14122333;2026-02-23;23.11;25.42;23.02;24.46;24.46;2123428;;62291663
R;378210;2026-02-23;222.88;224.00;216.25;219.73;219.73;277534;;39427204
RA;774807;2026-02-23;13.49;13.49;13.39;13.42;13.42;149757;;26458173
RAAQ;19484767;2026-02-23;10.62;10.63;10.42;10.50;10.50;1658382;;23000000
RAAS;17604214;2026-02-23;2.04;2.10;2.04;2.10;2.10;3839;;333703515
RAD;84515;2023-10-16;0.65;0.65;0.65;0.65;0.65;5426;;55179000
RADA;1203754;2022-11-28;9.87;9.87;9.87;9.87;9.87;0;;49385220
RADI;10384249;2023-09-21;15.00;15.00;15.00;15.00;15.00;0;;95821985
RAI;336424;2017-08-17;65.40;65.40;65.40;65.40;65.40;0;;1426125631
RAIL;543593;2026-02-23;13.80;14.38;13.67;14.34;14.34;249127;;19079106
RAIN;11818586;2026-02-23;2.55;2.98;2.51;2.51;2.51;9515;;36363315000
RAMP;1059127;2026-02-23;25.00;25.09;24.24;24.52;24.52;1241195;;63124894
RAND;14821537;2026-02-23;10.81;11.23;10.76;11.20;11.20;7852;;2969814
RANI;1873341;2026-02-23;1.28;1.30;1.24;1.28;1.28;396371;;25240000
RAPT;10656412;2026-02-23;57.90;57.98;57.89;57.93;57.93;1170963;;27710871
RARE;6767433;2026-02-23;22.89;23.79;22.39;22.51;22.51;2207696;;96629788
RATE;140381;2025-08-22;17.32;17.32;17.32;17.32;17.32;494;;89695515
RAVE;640428;2026-02-23;3.05;3.14;2.89;2.95;2.95;64414;;14211566
RAVN;664566;2021-11-30;58.08;58.08;58.08;58.08;58.08;0;;35917637
RAX;53986;2016-11-11;31.99;31.99;31.99;31.99;31.99;0;;126400000
RBA;14122323;2026-02-23;102.34;102.69;98.25;98.35;98.35;2096136;;185692002
RBB;9075904;2026-02-23;22.23;22.36;21.75;21.95;21.95;103123;;17046897
RBBN;909370;2026-02-23;2.08;2.10;2.04;2.06;2.06;513461;;176599590
RBCAA;7962644;2026-02-23;71.11;71.53;68.86;69.45;69.45;121429;;19537367
RBCN;11036264;2026-02-23;2.83;2.83;2.83;2.83;2.83;100;;2499690
RBKB;15539347;2026-02-23;15.25;15.39;15.04;15.12;15.12;11857;;11145681
RBLX;1338975;2026-02-23;61.70;62.84;59.70;62.43;62.43;11533488;;708706047
RBNC;9076262;2021-12-31;34.99;35.65;34.92;35.50;35.50;515901;;16665155
RBOT;1253250;2026-02-23;2.32;2.41;2.05;2.15;2.15;87107;;6548263
RBTK;11819804;2026-02-23;6.25;6.25;6.25;6.25;6.25;0;;110967348
RC;6767725;2026-02-23;1.75;1.77;1.68;1.69;1.69;1490750;;162126276
RCAT;13511388;2026-02-23;11.98;13.01;11.76;12.79;12.79;7818988;;119371139
RCEL;11817321;2026-02-23;4.79;5.06;4.64;4.85;4.85;312859;;30631794
RCFA;17616594;2026-02-19;11.45;11.45;11.45;11.45;11.45;0;;28750000
RCII;515845;2023-02-24;26.27;26.87;24.95;26.78;26.78;866231;;55380000
RCKT;6767623;2026-02-23;3.80;4.09;3.79;3.99;3.99;3087238;;108222228
RCKY;1300071;2026-02-23;33.77;34.05;32.38;32.77;32.77;33151;;7493687
RCL;403292;2026-02-23;314.92;321.32;300.76;302.64;302.64;2714465;;270528303
RCM;10383324;2026-02-23;14.31;14.31;14.31;14.31;14.31;0;;422394189
RCMT;12444453;2026-02-23;18.60;18.60;18.00;18.30;18.30;54085;;7410510
RCON;13511450;2026-02-23;1.20;1.20;1.20;1.20;1.20;871;;10627426
RCUS;790458;2026-02-23;19.22;19.75;18.52;18.85;18.85;1252649;;107973536
RDC;252069;2019-04-11;10.93;10.93;10.93;10.93;10.93;0;;127294643
RDCM;18630302;2026-02-23;11.40;11.40;10.89;11.07;11.07;52737;;15915616
RDDT;17776419;2026-02-23;148.42;150.94;140.34;142.46;142.46;4443289;;175578265
RDEN;255638;2016-09-08;13.98;13.98;13.98;13.98;13.98;0;;34791000
RDFN;808089;2025-07-02;11.19;11.19;11.19;11.19;11.19;33889;;128031179
RDGL;15271654;2026-02-23;0.08;0.08;0.08;0.08;0.08;171140;;454664957
RDI;9076012;2026-02-23;1.07;1.12;1.04;1.06;1.06;10036;;22717260
RDN;750984;2026-02-23;33.53;34.32;33.30;34.27;34.27;1652706;0.26;136272409
RDNT;143984;2026-02-23;69.58;70.19;67.62;68.58;68.58;869518;;77146342
RDUS;9076287;2026-02-23;30.00;30.00;30.00;30.00;30.00;0;;47588158
RDVT;10656584;2026-02-23;42.30;42.58;39.90;40.09;40.09;184870;;13971789
RDW;1300408;2026-02-23;7.77;8.15;7.67;8.12;8.12;10240460;;165150783
RDWR;1242105;2026-02-23;23.90;23.90;22.32;22.55;22.55;219307;;42554602
RDY;19157611;2026-02-23;14.53;14.75;14.53;14.70;14.70;1922975;;834455365
RDZN;17663718;2026-02-23;1.34;1.34;1.19;1.28;1.28;171818;;79695672
REAL;978937;2026-02-23;11.00;11.09;10.55;10.97;10.97;3841857;;116682847
REAX;17663720;2026-02-23;2.62;2.66;2.44;2.50;2.50;2153781;;
REBN;16198961;2026-02-23;1.66;1.74;1.65;1.68;1.68;6878;;5976322
REDG;660712;2018-12-11;0.00;0.00;0.00;0.00;0.00;15525000;;3195513279
REE;19129549;2026-02-23;0.58;0.61;0.55;0.57;0.57;28350;;22259447
REED;727073;2026-02-23;2.04;2.39;2.04;2.35;2.35;21140;;1364821
REEMF;15296783;2026-02-23;0.65;0.67;0.60;0.60;0.60;188308;;516134712
REFI;11819435;2026-02-23;11.87;11.97;11.75;11.85;11.85;125299;;21075298
REFR;14864242;2026-02-23;1.13;1.13;1.10;1.11;1.11;15671;;33648221
REG;6475604;2026-02-23;76.94;78.25;76.83;77.78;77.78;1183078;;182906561
REGI;760763;2022-09-08;61.50;61.50;61.50;61.50;61.50;1568;;50249162
REGN;378206;2026-02-23;777.58;792.15;777.58;787.04;787.04;510442;;105719806
REI;942590;2026-02-23;1.39;1.42;1.28;1.30;1.30;3565975;;207223177
REKR;11034210;2026-02-23;0.87;0.88;0.76;0.77;0.77;2142987;;126689797
RELL;10656602;2026-02-23;13.43;13.58;12.86;12.97;12.97;133414;;14517922
RELX;18300847;2026-02-23;31.00;31.01;30.26;30.50;30.50;3927072;;1819061446
RELY;689895;2026-02-23;17.03;17.40;16.00;16.30;16.30;5631071;;29613396
REMI;76840;2026-02-23;0.00;0.00;0.00;0.00;0.00;0;;19995969
REN;637543;2019-03-01;30.91;30.91;30.91;30.91;30.91;0;;23164035
RENB;17663722;2025-09-30;1.19;1.43;1.13;1.42;1.42;815250;;
RENE;15296761;2026-02-23;11.75;11.75;11.75;11.75;11.75;0;;28750000
RENT;12444309;2026-02-23;6.38;6.42;6.13;6.27;6.27;21433;;33390904
REPL;6767773;2026-02-23;8.63;8.82;8.20;8.39;8.39;1307869;;82572619
REPX;10384295;2026-02-23;28.30;28.52;27.48;27.61;27.61;189087;;21968906
RERE;18722876;2026-02-23;5.53;5.67;5.45;5.55;5.55;500620;;
RES;448466;2026-02-23;6.10;6.21;5.84;5.94;5.94;2491220;;220574475
RESI;137841;2023-12-12;9.70;9.70;9.70;9.70;9.70;0;;58747146
RETA;6481043;2023-09-26;172.36;172.36;172.36;172.36;172.36;0;;36321351
REV;639819;2022-10-20;4.09;4.18;3.89;3.90;3.90;169576;;55071206
REVEU;12444373;2023-04-10;10.50;10.53;10.50;10.53;10.53;365;;10700000
REVG;7962712;2026-02-23;63.90;63.90;63.90;63.90;63.90;0;;48806145
REX;7962822;2026-02-23;34.38;34.51;33.11;33.83;33.83;168384;;32937718
REXR;139560;2026-02-23;37.70;37.83;37.24;37.27;37.27;1570188;;231843837
REYN;10383328;2026-02-23;24.21;24.70;24.07;24.67;24.67;1187169;;210343558
REZI;918602;2026-02-23;36.50;36.56;34.50;34.60;34.60;1467311;;149714944
RF;378207;2026-02-23;29.86;30.16;28.48;28.71;28.71;14377069;;876876496
RFIL;241093;2026-02-23;9.28;9.56;8.80;9.37;9.37;152728;;10713801
RFL;13511404;2026-02-23;1.22;1.26;1.22;1.22;1.22;28676;;51762801
RFP;717558;2023-03-06;21.92;21.92;21.92;21.92;21.92;0;;77500000
RGA;448474;2026-02-23;223.23;226.71;216.21;216.58;216.58;620617;;65563173
RGC;493690;2026-02-23;29.20;29.69;26.25;26.99;26.99;182944;;5940768000
RGCO;9075906;2026-02-23;21.18;21.39;21.05;21.05;21.05;17532;;10394487
RGEN;933166;2026-02-23;133.80;137.73;132.08;135.40;135.40;941381;;56290749
RGF;1397114;2026-02-23;1.25;1.25;1.25;1.25;1.25;0;;7202951
RGLD;1054412;2026-02-23;287.00;294.50;283.44;285.21;285.21;837656;;84810098
RGLS;768206;2025-06-25;8.16;8.16;8.16;8.16;8.16;0;;69234089
RGNX;778666;2026-02-23;8.29;8.42;7.80;7.94;7.94;639945;;50623086
RGP;328011;2026-02-23;3.69;3.69;3.42;3.49;3.49;688958;;33502154
RGR;1248958;2026-02-23;38.49;38.49;36.97;37.42;37.42;156049;;15944253
RGS;171506;2026-02-23;22.75;23.03;22.75;22.83;22.83;2411;;2498778
RGTI;15141561;2026-02-23;15.49;16.32;15.33;16.02;16.02;21206979;;330026078
RH;951586;2026-02-23;204.05;208.57;187.91;189.38;189.38;1390715;;18777699
RHE;712450;2026-02-23;2.77;2.77;2.77;2.77;2.77;0;;3934677
RHI;378208;2026-02-23;25.38;25.72;23.82;23.83;23.83;3829758;;101143596
RHP;2077099;2026-02-23;105.09;105.09;101.20;103.11;103.11;830020;;63004074
RHT;94011;2019-07-08;187.70;187.81;187.60;187.71;187.71;999351;;178093007
RICK;100383;2026-02-23;23.25;23.25;21.86;22.02;22.02;66161;;8720461
RIDE;998523;2023-07-06;2.04;2.24;1.95;2.20;2.20;1363025;;15007300
RIG;350729;2026-02-23;6.57;6.96;6.37;6.39;6.39;53911245;;1101441205
RIGL;909018;2026-02-23;35.32;36.17;33.72;34.26;34.26;263835;;18151344
RIHT;658986;2026-02-23;0.01;0.01;0.01;0.01;0.01;0;;147403398
RILY;998694;2026-02-23;6.68;6.80;6.45;6.69;6.69;382443;;30597066
RIO;1301815;2026-02-23;96.89;97.88;95.67;97.67;97.67;3371979;;1256010314
RIOT;1072404;2026-02-23;15.17;15.99;15.10;15.65;15.65;14873507;;371807186
RITM;562880;2026-02-23;10.45;10.53;10.00;10.01;10.01;10512368;;555892415
RIVN;1329539;2026-02-23;15.09;15.36;14.70;14.96;14.96;17260760;;1240989789
RJDG;659722;2026-02-23;0.01;0.01;0.01;0.01;0.01;300125;;137090000
RJF;744727;2026-02-23;156.91;157.89;152.31;153.13;153.13;1364063;;196673933
RKDA;824887;2026-02-23;1.91;1.91;1.77;1.86;1.86;3285;;1373120
RKLB;1801462;2026-02-23;68.75;71.25;68.50;70.21;70.21;13681098;;534156333
RKT;11794912;2026-02-23;17.96;18.04;16.89;17.09;17.09;18830685;;2815890012
RL;331016;2026-02-23;379.94;384.56;358.00;365.04;365.04;977325;;60536413
RLAY;11795098;2026-02-23;8.66;9.01;8.64;8.94;8.94;1142810;;173322385
RLBY;16682810;2026-02-20;0.03;0.07;0.03;0.07;0.07;132006;;300000000
RLGT;7962944;2026-02-23;7.54;7.54;7.16;7.19;7.19;296750;;46826544
RLH;990923;2021-03-17;3.50;3.50;3.49;3.49;3.49;114181;;25464735
RLI;1059908;2026-02-23;60.68;60.94;59.97;60.03;60.03;741134;;91920177
RLJ;16318985;2026-02-23;8.20;8.30;7.96;8.06;8.06;1756606;;155024153
RLJE;653411;2018-10-31;6.25;6.26;6.24;6.25;6.25;22091;;15614607
RLMD;11034007;2026-02-23;4.12;4.17;3.97;4.03;4.03;227200;;73333622
RLOC;148191;2016-08-10;4.60;4.60;4.60;4.60;4.60;0;;30103000
RLX;18743383;2026-02-23;2.38;2.45;2.38;2.39;2.39;5322269;;1570790570
RLYB;1841445;2026-02-23;5.06;5.63;5.06;5.50;5.50;112829;;5280472
RM;9075812;2026-02-23;34.40;34.55;31.96;32.00;32.00;75800;;9396929
RMAX;7962752;2026-02-23;6.77;6.78;6.56;6.57;6.57;192294;;20142455
RMBI;12444578;2026-02-23;14.10;14.14;14.00;14.00;14.00;30376;;10908590
RMBL;647388;2025-08-12;2.31;3.50;2.28;3.21;3.21;39804953;;38052422
RMBS;1305201;2026-02-23;101.53;102.19;94.11;95.27;95.27;1925052;;107790732
RMCF;515680;2026-02-23;2.51;2.56;2.36;2.37;2.37;41484;;9332822
RMD;129653;2026-02-23;257.61;261.91;257.02;260.79;260.79;869826;;145678401
RMNI;7962966;2026-02-23;3.52;3.55;3.39;3.40;3.40;633000;;91664000
RMR;7962888;2026-02-23;16.52;16.52;16.07;16.41;16.41;161112;;16435000
RMRI;13810660;2026-02-23;0.26;0.26;0.26;0.26;0.26;0;;40759690
RMTI;11034952;2026-02-23;0.95;0.99;0.92;0.92;0.92;220598;;39405302
RNA;1841160;2026-02-23;72.81;73.05;72.81;72.92;72.92;3701167;;150675742
RNG;355550;2026-02-23;39.26;39.47;33.91;34.58;34.58;5392692;;86564715
RNGR;10656538;2026-02-23;16.82;17.29;16.47;17.05;17.05;142012;;22252946
RNLX;1253387;2026-02-23;2.55;2.65;2.55;2.65;2.65;5040;;13248240
RNR;971614;2026-02-23;299.74;304.68;297.41;301.90;301.90;297099;;43488908
RNST;6767617;2026-02-23;40.29;40.69;38.44;38.92;38.92;835374;;95021382
RNW;16239127;2026-02-23;5.41;5.52;5.37;5.49;5.49;482813;;244266823
RNXT;16682812;2026-02-23;0.94;0.94;0.90;0.90;0.90;183094;;23951825
ROAD;1291788;2026-02-23;132.07;134.45;128.78;130.53;130.53;418450;;56515376
ROC;16532276;2026-02-23;6.00;6.05;5.15;5.30;5.30;382161;;35198778
ROCK;548420;2026-02-23;52.26;52.64;50.07;50.40;50.40;277553;;29542662
ROCL;18126561;2024-12-06;10.90;12.15;9.85;9.88;9.88;110558;;4919297
ROCR;11819365;2022-02-14;8.86;9.46;8.86;9.16;9.16;96499;;3283000
ROG;1092274;2026-02-23;106.01;107.63;102.64;106.21;106.21;194450;;17827673
ROIC;6767587;2025-02-12;17.49;17.50;17.49;17.49;17.49;6049675;;128648870
ROIV;1374136;2026-02-23;27.20;27.81;27.03;27.76;27.76;4414410;;715701137
ROK;121874;2026-02-23;392.94;394.81;386.39;387.63;387.63;1714623;1.38;112357908
ROKU;617783;2026-02-23;88.00;88.16;83.46;84.42;84.42;3277967;;147427779
ROL;744726;2026-02-23;61.07;61.69;60.35;60.38;60.38;4097482;;481092221
ROLL;6480958;2026-02-23;559.18;563.51;550.00;562.54;562.54;256562;;31618961
ROOT;13992949;2026-02-23;59.25;59.65;54.16;54.31;54.31;482354;;15508961
ROP;119446;2026-02-23;334.93;337.09;329.81;335.70;335.70;2223038;;107229151
ROST;200092;2026-02-23;202.05;202.78;198.27;201.89;201.89;1795278;;323444928
ROT;11795068;2021-09-24;10.30;10.30;9.86;10.05;10.05;328143;;7067442
ROVR;1241210;2024-02-27;10.99;10.99;10.99;10.99;10.99;0;;183623000
RP;243720;2021-04-22;88.72;88.72;88.72;88.72;88.72;0;;102091526
RPAY;11795310;2026-02-23;3.22;3.23;3.04;3.06;3.06;1055970;;86062133
RPD;1238784;2026-02-23;6.51;6.55;6.07;6.12;6.12;2367659;;65893112
RPHM;11819615;2024-10-04;1.68;1.90;1.68;1.82;1.82;437523;;33428808
RPID;14509181;2026-02-23;3.81;4.00;3.80;3.99;3.99;70984;;44322555
RPM;328948;2026-02-23;114.76;116.48;113.78;116.01;116.01;680355;;128075683
RPMT;12442286;2026-02-23;0.32;0.32;0.31;0.31;0.31;6941;;136148105
RPRX;13901219;2026-02-23;45.00;45.68;44.97;45.47;45.47;2179802;;576856753
RPT;10384301;2026-02-23;14.64;14.72;14.15;14.21;14.21;39211;;14276521
RPTX;3307993;2026-01-28;2.65;2.65;2.65;2.65;2.65;0;;42985755
RRAC;15394208;2026-02-23;11.50;11.50;11.50;11.50;11.50;0;;9025929
RRBI;10656512;2026-02-23;89.90;90.81;87.17;87.77;87.77;38268;;6756609
RRC;110931;2026-02-23;39.71;40.21;38.28;38.58;38.58;2290615;;236935813
RRD;9076213;2022-02-25;10.84;10.90;10.80;10.84;10.84;447076;;73600000
RRGB;980379;2026-02-23;3.75;3.75;3.59;3.67;3.67;112683;;17964459
RRR;980329;2026-02-23;63.82;64.03;59.27;60.53;60.53;722419;;105026832
RRTS;12444447;2026-02-23;2.90;2.92;2.85;2.85;2.85;3672;;37639000
RRX;1234788;2026-02-23;213.33;219.93;212.00;218.21;218.21;1040974;;66499582
RS;448547;2026-02-23;319.09;322.90;313.21;322.70;322.70;464458;;52286963
RSG;101495;2026-02-23;219.67;222.59;219.04;221.19;221.19;1714631;;308804970
RSI;1326824;2026-02-23;18.90;18.90;18.06;18.34;18.34;2466147;;232351225
RSKD;1241824;2026-02-23;4.44;4.44;4.29;4.32;4.32;450168;;161209119
RSKIA;13511374;2026-02-23;17.97;17.97;17.66;17.66;17.66;2560;;4889279
RSLS;794492;2021-06-15;5.30;6.47;5.11;6.40;6.40;3774;;6166554
RSPP;448551;2018-07-19;47.83;47.83;47.83;47.83;47.83;0;;51015727
RSSS;13774432;2026-02-23;2.47;2.51;2.35;2.40;2.40;100617;;32905476
RST;985520;2020-10-26;29.99;29.99;29.99;29.99;29.99;0;;24600714
RSTRF;14034210;2026-02-23;68.05;68.05;68.05;68.05;68.05;0;;226247786
RSVR;10656470;2026-02-23;7.60;7.60;7.44;7.48;7.48;61713;;65600219
RSYS;342891;2018-12-11;1.72;1.72;1.70;1.72;1.72;599246;;39620534
RT;330525;2017-12-22;2.40;2.40;2.40;2.40;2.40;0;;60564134
RTAC;19181143;2026-02-23;10.47;10.52;10.47;10.50;10.50;121682;;31161288
RTC;17754840;2026-02-23;0.31;0.31;0.31;0.31;0.31;0;;1468034
RTGN;18120270;2026-02-20;3.20;3.20;3.20;3.20;3.20;0;;18090739
RTLR;11795008;2022-09-08;15.22;15.22;15.22;15.22;15.22;60;;38245000
RTN;354596;2020-04-03;116.96;116.96;116.96;116.96;116.96;2307;;278441000
RTNTF;18300849;2026-02-23;116.24;116.24;116.24;116.24;116.24;680;;1256010314
RTO;18630304;2026-02-23;31.57;31.60;31.18;31.33;31.33;848261;;
RTX;261978;2026-02-23;203.97;204.90;201.74;201.92;201.92;4549652;;1342287676
RUBY;9076187;2023-12-29;0.06;0.06;0.06;0.06;0.06;755858;;90305463
RUN;148978;2026-02-23;20.00;20.02;19.12;19.99;19.99;6196316;;232041826
RUSHA;909600;2026-02-23;74.61;75.02;72.76;73.27;73.27;420972;;77081410
RUSHB;17663724;2026-02-23;65.71;65.81;64.20;64.89;64.89;63081;;
RUTH;998690;2023-06-14;21.49;21.49;21.49;21.49;21.49;0;;33203263
RVIV;13511294;2026-02-23;5.62;5.82;5.62;5.81;5.81;14174;;6802717
RVLV;1338983;2026-02-23;24.98;25.10;23.61;24.30;24.30;1637376;;71334234
RVMD;3196560;2026-02-23;101.84;103.83;100.98;103.69;103.69;1669605;;193319805
RVNC;6767449;2026-02-23;3.65;3.65;3.65;3.65;3.65;0;;104902388
RVPH;12444279;2026-02-23;0.25;0.25;0.24;0.24;0.24;1575299;;115058619
RVRF;11819934;2026-02-23;50.00;50.00;50.00;50.00;50.00;0;;7750000
RVSB;9076020;2026-02-23;5.43;5.48;5.32;5.32;5.32;63254;;20710901
RVYL;15539345;2026-02-23;5.55;5.96;5.55;5.81;5.81;12673;;1032059
RWAY;11816993;2026-02-23;8.23;8.30;8.03;8.04;8.04;343855;;36134037
RWLK;908640;2024-01-29;1.01;1.10;0.98;1.05;1.05;301032;;59515410
RWODU;16905829;2024-06-21;6.42;6.42;3.24;3.24;3.24;1467;;14905000
RWT;7962706;2026-02-23;6.18;6.27;5.98;5.99;5.99;2285477;;126682210
RXDX;11794926;2023-06-16;199.92;199.92;199.92;199.92;199.92;0;;47461230
RXO;13810656;2026-02-23;15.52;15.56;14.19;14.66;14.66;2543619;;164193961
RXRX;11795178;2026-02-23;3.40;3.56;3.33;3.41;3.41;14375860;;520643136
RXST;11795254;2026-02-23;8.66;8.86;8.56;8.85;8.85;572929;;41116640
RXT;11818858;2026-02-23;1.94;1.95;1.48;1.49;1.49;94443256;;243592120
RY;18149538;2026-02-20;171.00;172.52;170.26;172.47;172.47;963217;;
RYAAY;19131141;2026-02-23;65.32;65.64;64.15;64.61;64.61;1027464;;1063868001
RYAM;124551;2026-02-23;7.74;7.74;7.17;7.19;7.19;430331;;67005593
RYAN;11794920;2026-02-23;41.06;41.86;38.82;39.02;39.02;3424326;;264189701
RYES;13511428;2026-02-23;0.41;0.43;0.41;0.43;0.43;19627;;123020467
RYI;6767643;2026-02-23;27.85;29.65;27.85;28.16;28.16;1165110;;32209364
RYN;504942;2026-02-23;22.60;22.65;21.86;21.95;21.95;2866114;;153899831
RYTM;6767751;2026-02-23;99.26;100.76;95.43;96.35;96.35;801813;;66736056
RZLT;13810658;2026-02-23;3.28;3.39;3.16;3.20;3.20;1505068;;95697685
S;1301818;2026-02-23;12.80;12.80;12.23;12.37;12.37;8799491;;339868994
SA;18659289;2026-02-23;36.12;37.05;35.52;36.37;36.37;901571;;
SAAX;666570;2022-10-21;0.01;0.01;0.01;0.01;0.01;0;;50018888
SABR;980330;2026-02-23;0.97;0.97;0.89;0.90;0.90;13013880;;395165033
SACH;12444333;2026-02-23;1.02;1.02;1.00;1.00;1.00;80291;;47431922
SAFE;998404;2026-02-23;15.96;16.18;15.71;15.89;15.89;280197;;61170000
SAFM;684669;2022-09-08;204.00;204.00;204.00;204.00;204.00;1172;;22069000
SAFT;250043;2026-02-23;78.47;78.57;76.92;77.58;77.58;65693;;14894054
SAGA;13511356;2024-03-14;10.88;10.88;10.88;10.88;10.88;0;;14890000
SAGE;6767447;2025-07-31;8.68;8.68;8.68;8.68;8.68;0;;62784397
SAH;904847;2026-02-23;65.82;65.84;61.37;62.75;62.75;491403;;34172684
SAIA;942700;2026-02-23;407.51;410.61;389.61;397.00;397.00;522938;;26642641
SAIC;54785;2026-02-23;89.50;89.94;86.02;86.44;86.44;719432;;47737203
SAIL;902180;2026-02-23;14.03;14.09;12.84;12.86;12.86;4102099;;93939000
SAL;12444375;2023-08-24;27.88;27.88;27.88;27.88;27.88;0;;5721000
SAM;714419;2026-02-23;232.38;233.51;219.36;224.16;224.16;185649;;12268000
SAMA;11820258;2023-10-11;10.58;10.58;10.58;10.58;10.58;3703;;20625000
SAMG;9075920;2026-02-23;15.50;15.50;15.02;15.17;15.17;35796;;12238444
SAN;18418650;2026-02-23;13.13;13.19;12.62;12.73;12.73;18134809;;15152492322
SANA;11795162;2026-02-23;3.97;4.17;3.96;4.07;4.07;1204842;;266366120
SAND;1249666;2025-10-17;12.78;12.78;12.05;12.12;12.12;13935863;;296400407
SANM;418072;2026-02-23;148.63;150.20;145.51;147.87;147.87;333584;;54604888
SANP;660201;2026-02-23;0.00;0.00;0.00;0.00;0.00;11409;;7384006
SANW;246310;2026-02-23;0.02;0.02;0.02;0.02;0.02;5;;2146806
SAP;18382380;2026-02-23;199.12;199.22;196.06;196.71;196.71;2116769;;1228504232
SAR;11818675;2026-02-23;23.25;23.35;22.85;22.92;22.92;123187;;16184058
SASR;6767801;2026-02-23;27.95;27.95;27.95;27.95;27.95;0;;45140417
SATL;18630306;2026-02-23;3.46;3.49;3.15;3.21;3.21;5391027;;135467155
SATS;823480;2026-02-23;109.00;110.23;107.05;107.42;107.42;2333582;;271522445
SAVA;989411;2026-02-23;2.12;2.17;2.10;2.16;2.16;438584;;48307896
SAVE;170150;2024-11-18;1.08;1.08;1.08;1.08;1.08;19128;;109523815
SB;7962868;2026-02-23;6.15;6.20;6.01;6.18;6.18;632627;;118936165
SBAC;100897;2026-02-23;199.92;202.34;198.44;199.64;199.64;1002621;;106546867
SBCF;6767563;2026-02-23;33.80;33.94;31.88;32.14;32.14;760266;;97828149
SBEV;18073610;2026-02-23;0.43;0.43;0.36;0.42;0.42;79043;;1542775
SBFG;11033785;2026-02-23;21.69;21.69;21.03;21.20;21.20;14193;;6298527
SBG;11795172;2026-02-23;11.16;11.52;10.86;11.01;11.01;117581;;27580607
SBGI;132115;2026-02-23;14.58;14.60;13.98;14.12;14.12;275682;;69683587
SBH;978927;2026-02-23;15.63;15.78;15.04;15.72;15.72;1330355;;97008814
SBIG;16682822;2026-02-23;0.01;0.01;0.01;0.01;0.01;51000;;48548772
SBLK;18572451;2026-02-23;25.01;25.36;24.90;25.24;25.24;1107439;;117630112
SBNC;11817608;2026-02-23;12100.00;12100.00;12100.00;12100.00;12100.00;11;;
SBNY;9076180;2026-02-23;0.75;0.75;0.75;0.75;0.75;500;;
SBRA;737503;2026-02-23;19.92;20.53;19.87;20.43;20.43;3450963;;252145717
SBS;18866275;2026-02-23;29.50;29.90;29.31;29.40;29.40;676317;;703741760
SBSI;7962608;2026-02-23;32.82;32.92;31.25;31.46;31.46;157545;;30066126
SBSW;18810346;2026-02-23;16.15;16.46;16.01;16.17;16.17;5048923;;2830567264
SBT;9075808;2026-02-23;4.84;4.84;4.84;4.84;4.84;0;;52298918
SBTX;11795294;2026-02-23;8.99;9.46;8.91;9.21;9.21;638530;;98213561
SBUX;86689;2026-02-23;96.14;97.17;93.55;94.78;94.78;7640363;;1139300000
SBXC;15141563;2024-11-04;10.84;10.84;10.84;10.84;10.84;0;;17250000
SC;9076219;2022-01-28;41.54;41.80;41.51;41.60;41.60;9810939;;306093379
SCAQ;11819350;2023-07-13;10.37;10.48;10.37;10.43;10.43;590885;;28125837
SCCO;1300946;2026-02-23;200.24;208.18;199.57;207.05;207.05;1556197;;825238880
SCG;190587;2018-12-31;48.84;49.26;47.38;47.78;47.78;17831547;;143000000
SCHL;651267;2026-02-23;32.18;33.23;31.51;32.56;32.56;492846;;25441693
SCHN;951289;2023-08-31;33.54;33.92;33.13;33.20;33.20;84570;;28114000
SCHW;378109;2026-02-23;93.51;93.92;91.28;92.75;92.75;10944882;;1813567665
SCI;1056222;2026-02-23;79.00;80.01;78.44;79.45;79.45;780429;;139223665
SCIA;13756724;2026-02-23;5.45;5.45;5.36;5.36;5.36;5548;;4483407
SCKT;11035871;2026-02-23;1.06;1.06;0.95;0.96;0.96;71114;;7976462
SCL;1346699;2026-02-23;60.98;60.98;52.57;53.53;53.53;380917;;22619015
SCLX;15091639;2026-02-23;8.01;8.33;7.68;7.85;7.85;26438;;7585446
SCM;10656530;2026-02-23;10.40;10.50;10.25;10.25;10.25;418700;;28947254
SCND;331831;2026-02-23;0.74;0.74;0.74;0.74;0.74;0;;11928599
SCOR;896179;2026-02-23;7.73;7.73;7.10;7.53;7.53;25536;;5015664
SCPH;1311963;2025-10-07;5.67;5.67;5.67;5.67;5.67;0;;53298296
SCPL;1011098;2023-10-23;22.94;22.94;22.94;22.94;22.94;0;;22700000
SCRM;14159423;2024-05-13;10.90;11.75;9.46;10.18;10.18;97959;;35925223
SCS;7962604;2025-12-09;16.04;16.25;15.99;16.14;16.14;4045628;;114741570
SCSC;177685;2026-02-23;37.25;37.27;35.55;35.80;35.80;257908;;21480385
SCTC;15539341;2025-02-10;9.00;9.00;8.72;9.00;9.00;4390;;12607516
SCTH;18126563;2026-02-23;4.99;4.99;4.99;4.99;4.99;127;;78086881
SCTY;146125;2016-11-29;20.34;20.34;20.34;20.34;20.34;0;;
SCU;10656550;2023-11-17;12.72;12.72;12.72;12.72;12.72;0;;25173834
SCVL;201975;2026-02-23;21.17;21.18;20.32;21.16;21.16;332304;;27374968
SCWO;10656496;2026-02-23;2.43;2.58;2.30;2.41;2.41;40854;;16924880
SCWX;201339;2025-02-03;8.51;8.51;8.51;8.51;8.51;0;;88890066
SCX;218861;2024-05-28;16.18;16.18;16.18;16.18;16.18;0;;7512867
SCYX;10656746;2026-02-23;0.79;0.80;0.77;0.77;0.77;351417;;41965058
SCYYF;13774434;2026-02-23;0.08;0.08;0.08;0.08;0.08;65;;355860813
SD;849174;2026-02-23;17.63;17.84;16.90;17.02;17.02;288152;;36773746
SDA;7962584;2026-02-23;2.26;2.40;2.17;2.30;2.30;205033;;
SDAC;12444700;2023-07-21;10.40;10.40;10.40;10.40;10.40;4;;7906250
SDC;969099;2024-01-05;0.01;0.01;0.01;0.01;0.01;1046221;;123028115
SDGR;1252590;2026-02-23;11.39;11.40;11.11;11.22;11.22;1089171;;64500510
SDHC;17976698;2026-02-23;16.86;17.00;16.09;16.86;16.86;37787;;51453535
SDHI;19397370;2026-02-23;10.29;10.29;10.29;10.29;10.29;22950;;34838000
SDIG;15042575;2026-02-23;2.81;2.81;2.81;2.81;2.81;0;;17242989
SDON;996255;2026-02-23;0.00;0.00;0.00;0.00;0.00;0;;18043242
SDPI;745554;2024-08-15;1.01;1.01;1.01;1.01;1.01;0;;30391244
SDRL;17663726;2026-02-23;44.17;45.90;43.97;44.12;44.12;1059083;;62374171
SDSYA;11819772;2026-02-23;7.50;7.50;7.50;7.50;7.50;0;;30411500
SE;1253411;2026-02-23;113.92;115.85;110.99;111.24;111.24;3922236;;589112006
SEAC;11035350;2026-02-23;3.70;3.70;3.70;3.70;3.70;705;;6303
SEAS;785588;2024-02-12;48.94;50.41;48.87;50.30;50.30;504229;;64136000
SEAT;11795094;2026-02-23;7.56;7.56;6.11;6.16;6.16;183918;;10725316
SEB;448625;2026-02-23;4941.07;5027.83;4868.06;4875.78;4875.78;19031;2.25;957794
SEDG;847001;2026-02-23;37.30;39.84;36.91;39.38;39.38;3567630;;59800051
SEE;378213;2026-02-23;41.94;42.00;41.94;41.99;41.99;1879819;;147123218
SEEK;660635;2026-02-23;0.00;0.00;0.00;0.00;0.00;4000000;;8471034676
SEEL;11033793;2025-04-11;0.00;0.00;0.00;0.00;0.00;2;;372306
SEER;1253247;2026-02-23;2.02;2.07;2.00;2.06;2.06;233396;;58966560
SEIC;341472;2026-02-23;81.39;81.39;78.80;79.07;79.07;666669;;122439410
SELF;15539329;2026-02-23;4.99;5.03;4.95;5.03;5.03;34179;;11337720
SEM;6481057;2026-02-23;15.11;15.23;14.68;14.78;14.78;1525868;;124017191
SEMG;733959;2026-02-23;25.55;25.55;25.15;25.15;25.15;2249;;79606089
SEMR;1291789;2026-02-23;11.82;11.82;11.78;11.80;11.80;1691719;;149183677
SENEA;7962912;2026-02-23;131.10;134.30;130.17;133.90;133.90;70668;;6766824
SENS;9075764;2026-02-23;8.05;8.37;7.92;8.19;8.19;351579;;40858460
SERA;12444510;2026-02-23;2.56;2.76;2.37;2.45;2.45;20318;;38594793
SES;11795316;2026-02-23;1.60;1.63;1.55;1.61;1.61;4841712;;365071760
SESN;818918;2023-03-07;0.57;0.63;0.57;0.63;0.63;1792571;;200464000
SEV;129956;2026-02-23;1.79;1.85;1.75;1.83;1.83;235711;;5693408
SEVN;16232553;2026-02-20;8.70;8.70;8.52;8.59;8.59;160553;;22596891
SEZL;17663728;2026-02-23;61.72;61.72;55.51;56.50;56.50;1021005;;
SEZNL;14159425;2024-01-29;14.10;14.10;14.10;14.10;14.10;8;;5695227
SE_delisted;378216;2018-12-14;35.61;36.01;35.40;35.40;35.40;21565469;;702293575
SF;1059910;2026-02-23;118.43;118.86;111.38;112.39;112.39;1723411;;106068000
SFBC;158885;2026-02-23;43.29;43.31;42.40;42.74;42.74;17660;;2566069
SFBS;6767461;2026-02-23;86.49;86.99;82.11;83.20;83.20;353217;;54621834
SFD;18615202;2026-02-23;25.09;25.23;24.95;25.19;25.19;783159;;393112711
SFDL;15337185;2026-02-23;35.00;35.25;35.00;35.25;35.25;672;;3123691
SFE;9076118;2024-02-09;0.65;0.69;0.40;0.46;0.46;887298;;16143000
SFIX;902273;2026-02-23;3.43;3.47;3.07;3.21;3.21;2129811;;134198994
SFL;17663730;2026-02-23;10.75;10.80;10.61;10.72;10.72;1339000;;145708524
SFLY;650373;2019-09-25;50.97;50.97;50.97;50.97;50.97;0;;33604472
SFM;520294;2026-02-23;66.94;72.61;66.71;71.50;71.50;4937758;;94576393
SFNC;6767537;2026-02-23;21.41;21.61;20.11;20.28;20.28;1201908;;144717601
SFRX;15539349;2026-02-23;0.00;0.00;0.00;0.00;0.00;5810582;;9835377858
SFS;114802;2019-06-28;6.50;6.50;6.50;6.50;6.50;0;;76489536
SFST;9075902;2026-02-23;60.50;61.74;58.70;59.10;59.10;97667;;8189177
SFT;11035271;2023-10-18;0.20;0.29;0.15;0.17;0.17;174457296;;8460300
SFWL;7962814;2026-02-23;0.86;0.86;0.86;0.86;0.86;1171;;82497513
SFY;1383143;2026-02-23;132.47;132.54;131.00;131.34;131.34;14653;;5107697
SG;1334625;2026-02-23;5.58;5.66;5.38;5.41;5.41;3696619;;118373541
SGA;652364;2026-02-23;11.95;12.00;11.86;11.87;11.87;4545;;6439921
SGC;1243778;2026-02-23;10.43;10.43;10.07;10.10;10.10;22064;;15968792
SGEN;487011;2026-02-23;228.74;228.74;228.74;228.74;228.74;0;;187559000
SGFY;11794928;2023-04-03;30.49;30.49;30.49;30.49;30.49;0;;176293666
SGH;630523;2024-10-14;20.90;21.33;20.61;20.85;20.85;662561;;53289867
SGHC;17663732;2026-02-23;9.78;9.95;9.55;9.72;9.72;5703680;;503407783
SGHT;11795350;2026-02-23;5.36;5.46;5.29;5.36;5.36;156753;;52871731
SGM;126240;2017-06-01;7.99;7.99;7.99;7.99;7.99;0;;25854022
SGMA;231993;2025-07-28;3.01;3.01;3.01;3.01;3.01;0;;6119288
SGMO;773304;2026-02-23;0.37;0.40;0.37;0.39;0.39;3367896;;336494489
SGMS;1011099;2022-04-28;57.79;58.59;55.66;58.07;58.07;515689;;97000000
SGMT;15464891;2026-02-23;5.32;5.39;5.12;5.28;5.28;407579;;32521599
SGRY;6481001;2026-02-23;15.54;15.76;15.37;15.49;15.49;1191987;;129341779
SGTX;1841619;2023-08-11;22.47;22.47;22.47;22.47;22.47;0;;2501900000
SGU;11795354;2026-02-23;13.05;13.25;12.95;13.03;13.03;24788;;32879055
SGY;123623;2018-05-10;35.49;35.49;35.49;35.49;35.49;0;;19998701
SHAK;148890;2026-02-23;91.89;92.01;88.00;89.56;89.56;1118109;;42688378
SHAP;16198967;2026-02-20;10.91;10.91;10.91;10.91;10.91;0;;25945715
SHBI;9075848;2026-02-23;19.71;19.80;18.61;18.83;18.83;230896;;33426756
SHC;11794956;2026-02-23;17.46;17.69;17.20;17.49;17.49;2197248;;284093929
SHCR;10656442;2024-10-22;1.43;1.43;1.43;1.43;1.43;0;;370930658
SHEL;18615204;2026-02-23;80.03;80.94;79.72;79.97;79.97;4549219;;6084228376
SHEN;1097754;2026-02-23;13.40;13.56;13.23;13.34;13.34;236732;;54898139
SHG;18766498;2026-02-23;70.87;71.15;69.80;69.92;69.92;152384;;503445325
SHIP;18599360;2026-02-23;13.82;13.91;13.12;13.55;13.55;394277;;
SHLDQ;100266;2022-10-31;0.07;0.10;0.07;0.10;0.10;11944;;109236080
SHLM;671141;2018-08-22;44.00;44.00;44.00;44.00;44.00;0;0.09;29509152
SHLO;202591;2020-10-01;0.09;0.10;0.08;0.09;0.09;184738;;24216512
SHLS;1302456;2026-02-23;10.52;10.66;9.80;9.90;9.90;6264733;;167388418
SHLT;9075918;2026-02-23;2.05;2.05;2.05;2.05;2.05;0;;16392754
SHLX;909105;2022-10-28;15.82;15.82;15.82;15.82;15.82;0;;123800000
SHMP;13841951;2026-02-23;0.00;0.00;0.00;0.00;0.00;196377;;1277546746
SHO;448662;2026-02-23;9.40;9.48;9.13;9.26;9.26;1240959;;189903149
SHOO;1198893;2026-02-23;39.10;39.66;36.11;37.27;37.27;1734894;;72657937
SHOR;231330;2017-09-25;7.50;7.50;7.50;7.50;7.50;0;;69152947
SHOS;39593;2019-10-23;3.55;3.68;3.40;3.40;3.40;228371;;22702132
SHPGF;132453;2019-08-30;63.00;63.00;63.00;63.00;63.00;0;;914818708
SHPH;15337187;2026-02-23;1.01;1.10;1.01;1.03;1.03;33895;;1603285
SHW;378215;2026-02-23;358.94;365.83;357.73;364.27;364.27;1662358;;247774767
SHWZ;15585636;2026-02-23;0.00;0.00;0.00;0.00;0.00;14150;;77438379
SHYF;10384293;2025-07-01;12.54;12.54;12.54;12.54;12.54;0;;35006084
SI;1302955;2026-02-23;13.22;13.59;12.71;13.47;13.47;54571;;31655000
SIBN;10384291;2026-02-23;15.32;15.81;15.22;15.62;15.62;466006;;43391254
SIC;11817727;2021-10-21;14.49;14.49;14.49;14.49;14.49;0;;25591118
SIEB;9076066;2026-02-23;2.22;2.24;2.10;2.12;2.12;55141;;40426936
SIEN;9076143;2024-02-21;0.18;0.20;0.16;0.17;0.17;3239809;;12197294
SIF;13511298;2026-02-23;12.69;13.94;12.69;13.15;13.15;200063;;6215128
SIFY;18188609;2026-02-20;15.00;15.90;15.00;15.66;15.66;70473;;434102399
SIG;185651;2026-02-23;96.59;97.62;91.53;94.49;94.49;820644;;40684442
SIGA;1241827;2026-02-23;6.75;6.86;6.55;6.71;6.71;289845;;71611302
SIGI;627778;2026-02-23;85.48;85.74;82.83;83.00;83.00;742582;;60081960
SIGM;202034;2020-08-17;0.27;0.28;0.27;0.28;0.28;19800;;39989852
SILK;963382;2024-09-17;27.49;27.49;27.49;27.49;27.49;0;;40632143
SIM;18120266;2026-02-20;31.00;32.48;31.00;32.48;32.48;1240;;461676539
SINO;257712;2022-01-06;4.02;4.37;3.83;4.19;4.19;2417179;;16152113
SINT;498391;2026-02-23;3.03;3.05;2.87;2.94;2.94;58608;;3851956
SIOX;41996;2024-02-07;0.45;0.48;0.45;0.48;0.48;40403;;73975196
SIRI;97841;2026-02-23;20.96;21.11;20.69;20.96;20.96;3000805;;334772877
SITC;998403;2026-02-23;6.64;6.70;6.60;6.61;6.61;519658;;52462340
SITE;62823;2026-02-23;150.95;151.28;145.77;146.73;146.73;488767;;44459316
SITM;11795004;2026-02-23;411.35;411.35;388.00;396.01;396.01;236169;;26299915
SIVB;708168;2026-02-23;0.01;0.01;0.01;0.01;0.01;0;;59112507
SIX;816466;2024-07-01;32.82;33.58;31.92;32.00;32.00;16838505;;84270276
SJ;18760745;2026-02-23;1.20;1.27;1.14;1.17;1.17;8380;;41847784
SJI;525920;2023-01-31;36.12;36.13;36.09;36.09;36.09;18599245;;112448000
SJM;254348;2026-02-23;112.00;112.00;109.54;111.00;111.00;2214136;;106694327
SJW;953794;2025-05-05;55.38;55.38;54.41;54.86;54.86;198473;;34182947
SKGR;18025581;2025-04-10;11.62;12.30;11.08;12.02;12.02;196254;;14972960
SKIL;10656624;2026-02-23;5.10;5.10;4.30;4.34;4.34;248159;;8758515
SKIN;1302957;2026-02-23;0.95;0.99;0.90;0.91;0.91;631974;;127503059
SKKY;13656314;2026-02-23;0.22;0.26;0.22;0.22;0.22;6000;;53143822
SKLZ;11819658;2026-02-23;3.30;3.33;3.23;3.23;3.23;38946;;15108130
SKPN;998475;2024-05-13;0.00;0.00;0.00;0.00;0.00;0;;128444223
SKT;996200;2026-02-23;35.77;36.08;35.54;35.61;35.61;1052353;;115110004
SKWD;16453527;2026-02-23;46.97;47.87;46.78;47.16;47.16;785921;;40402879
SKX;176359;2025-09-12;63.13;63.13;63.13;63.13;63.13;0;;150275987
SKY;132365;2026-02-23;97.34;98.49;93.57;95.28;95.28;708472;;55302021
SKYE;15394214;2026-02-23;0.81;0.83;0.80;0.80;0.80;149029;;32057461
SKYH;17663734;2026-02-23;9.00;9.00;8.72;8.76;8.76;127194;;
SKYT;11817553;2026-02-23;27.73;28.19;27.55;27.76;27.76;776079;;48508000
SKYW;861606;2026-02-23;102.41;103.30;99.42;101.92;101.92;364723;;40406672
SKYX;1342108;2026-02-23;2.08;2.15;2.01;2.03;2.03;817928;;113749372
SLAB;1033431;2026-02-23;204.91;204.99;204.00;204.20;204.20;673777;;32955929
SLB;353500;2026-02-23;50.91;51.69;50.06;51.24;51.24;11632073;;1495331485
SLCA;534435;2024-07-31;15.49;15.51;15.49;15.49;15.49;4764742;;78227430
SLCT;9076281;2021-10-18;18.88;18.88;18.88;18.88;18.88;0;;17227689
SLDB;9076006;2026-02-23;5.67;5.95;5.62;5.87;5.87;594987;;77910239
SLDP;11817847;2026-02-23;3.42;3.44;3.32;3.41;3.41;3690980;;191023570
SLFI;939318;2026-02-23;56.70;56.92;53.59;54.16;54.16;1212750;;2000000
SLG;127650;2026-02-23;37.64;38.08;36.24;36.97;36.97;1996656;;71025886
SLGC;1250897;2024-01-05;2.16;2.31;1.93;2.10;2.10;33901802;;186741112
SLGG;11035537;2026-02-23;3.54;3.61;3.25;3.41;3.41;24329;;26974
SLGN;1067479;2026-02-23;47.92;48.41;47.52;48.33;48.33;635860;;105668015
SLM;103225;2026-02-23;22.37;22.51;19.73;19.86;19.86;5652660;;198154626
SLN;18407936;2026-02-23;5.01;5.56;4.87;5.04;5.04;129603;;141701848
SLND;17663736;2026-02-23;1.20;1.41;1.17;1.18;1.18;127183;;48105512
SLNG;14864246;2026-02-20;5.34;5.62;5.30;5.62;5.62;18048;;18596301
SLNM;69772;2026-02-23;0.00;0.00;0.00;0.00;0.00;0;;151056477
SLNO;14864244;2026-02-23;39.36;40.55;38.69;39.65;39.65;822522;;53710025
SLP;495377;2026-02-23;11.44;11.60;11.16;11.43;11.43;365013;;20146585
SLQT;1251886;2026-02-23;0.89;0.93;0.86;0.86;0.86;1127080;;176289664
SLRC;10384303;2026-02-23;14.86;14.92;14.38;14.41;14.41;712805;;54554634
SLRN;16682732;2026-02-23;2.27;2.27;2.27;2.27;2.27;0;;100953651
SLVM;10384199;2026-02-23;48.25;48.63;46.47;46.54;46.54;307047;;39508287
SM;978928;2026-02-23;23.69;23.84;22.71;22.75;22.75;5604604;;114554192
SMA;893218;2026-02-23;34.80;35.47;34.53;34.92;34.92;1387486;;37550850
SMAP;12444273;2026-02-23;25.78;25.78;25.73;25.73;25.73;104;;52537883
SMAR;1251882;2025-01-22;56.47;56.47;56.47;56.47;56.47;0;;140001769
SMBC;7962908;2026-02-23;65.45;65.89;61.85;62.66;62.66;87927;;11108279
SMBK;7962930;2026-02-23;41.82;42.46;39.74;40.11;40.11;73794;;17028001
SMCI;175410;2026-02-23;31.76;32.09;30.57;30.71;30.71;21344916;;598989428
SMED;179660;2022-09-07;8.75;8.75;8.75;8.75;8.75;368;;19245000
SMFG;19185651;2026-02-23;23.38;23.54;23.03;23.10;23.10;2470923;;3884445458
SMG;355003;2026-02-23;69.67;69.93;68.20;69.12;69.12;584765;;58039753
SMHI;9075868;2026-02-23;7.62;8.17;7.62;7.77;7.77;238635;;26976259
SMID;362372;2026-02-23;32.48;33.26;32.48;32.51;32.51;6232;;5304606
SMIT;332324;2026-02-23;0.02;0.02;0.02;0.02;0.02;0;;3808446
SMLP;890067;2024-07-31;36.75;38.05;36.48;38.05;38.05;74788;;10648685
SMLR;1338984;2026-01-16;20.33;20.33;20.33;20.33;20.33;0;;15159895
SMMF;9075780;2024-05-03;25.70;25.70;25.70;25.70;25.70;0;;14686738
SMMT;11795144;2026-02-23;15.75;16.27;15.72;16.09;16.09;2091625;;744442538
SMP;126577;2026-02-23;44.62;44.62;43.49;43.67;43.67;139033;;21999190
SMPL;858017;2026-02-23;16.78;17.16;16.61;17.02;17.02;2183632;;92575255
SMR;11795298;2026-02-23;13.12;13.20;12.11;12.60;12.60;29283608;;298476875
SMRT;6744552;2026-02-23;1.63;1.63;1.58;1.60;1.60;552383;;189200722
SMSI;504067;2026-02-23;0.44;0.45;0.43;0.44;0.44;49869;;21585712
SMTC;185350;2026-02-23;85.97;88.90;85.65;86.82;86.82;911385;;92540057
SMTI;11818261;2026-02-23;20.14;20.93;19.11;20.72;20.72;47710;;8935657
SMWB;18407932;2026-02-23;2.72;2.78;2.53;2.55;2.55;1522773;;82618511
SNA;288357;2026-02-23;386.09;389.91;380.80;385.37;385.37;369874;;51913121
SNAK;86600;2017-12-14;3.99;4.00;3.99;4.00;4.00;108147;;20194000
SNAL;16682818;2026-02-23;0.62;0.68;0.62;0.64;0.64;10128;;37747308
SNAP;449958;2026-02-23;5.08;5.17;4.89;4.93;4.93;37962596;;1625917000
SNBR;925649;2026-02-23;8.80;9.50;8.77;8.79;8.79;669846;;22790000
SNCE;1253262;2024-03-12;5.75;5.75;5.75;5.75;5.75;0;;5735358
SNCR;747268;2026-02-23;9.00;9.00;9.00;9.00;9.00;0;;11507434
SNCY;10384277;2026-02-23;20.23;20.38;19.84;19.87;19.87;842688;;53223302
SND;9076062;2026-02-23;5.29;5.46;5.22;5.31;5.31;279714;;43543792
SNDA;17663738;2026-02-23;34.27;35.07;34.23;34.54;34.54;45667;;
SNDK;505727;2026-02-23;659.59;691.54;644.38;666.49;666.49;18430588;;202935277
SNDKV;18493387;2025-02-21;48.99;50.69;48.00;50.37;50.37;1252060;;
SNDL;3307774;2026-02-23;1.56;1.57;1.48;1.49;1.49;1367158;;263021847
SNDR;1136135;2026-02-23;29.10;29.17;27.12;27.15;27.15;1243129;;175336516
SNDX;6767629;2026-02-23;19.84;20.40;19.45;19.90;19.90;797151;;86914838
SNEX;728087;2026-02-23;128.82;129.63;123.16;124.72;124.72;419845;;52463316
SNFCA;10656660;2026-02-23;8.74;8.83;8.71;8.71;8.71;40334;;25985569
SNH;448715;2026-02-23;6.22;6.34;6.12;6.15;6.15;1983485;;241271703
SNI;378211;2018-03-16;90.04;90.04;90.04;90.04;90.04;0;;96250145
SNN;18500278;2026-02-23;36.01;36.24;35.94;36.19;36.19;352292;;877704186
SNOA;11036187;2026-02-23;2.88;2.92;2.84;2.84;2.84;1522;;1730613
SNOW;1016067;2026-02-23;169.68;169.68;155.38;157.60;157.60;11082264;;342200000
SNPO;10384323;2024-06-21;10.75;10.75;10.75;10.75;10.75;0;;76535644
SNPS;744723;2026-02-23;429.39;433.41;417.27;420.82;420.82;1956124;;155160938
SNRH;12444421;2023-06-09;10.04;10.04;10.04;10.04;10.04;1;;11578794
SNSE;11034655;2026-02-23;32.88;34.99;28.81;32.63;32.63;222520;;1261290
SNTW;13511334;2026-02-23;0.17;0.17;0.17;0.17;0.17;0;;68911657
SNV;1234790;2025-12-31;51.43;51.79;49.92;50.05;50.05;9254605;;138817293
SNWV;15337183;2026-02-23;24.25;25.23;23.90;23.96;23.96;43381;;8576164
SNX;84398;2026-02-23;161.40;163.00;156.68;157.28;157.28;612704;;80729152
SNY;18252581;2026-02-23;47.10;47.74;47.10;47.22;47.22;4154648;;1219427096
SO;189248;2026-02-23;94.61;96.02;94.50;95.18;95.18;6893726;;1101104843
SOBR;16633084;2026-02-23;0.76;0.76;0.66;0.74;0.74;267947;;31636
SOCGP;14101622;2026-02-23;25.42;25.50;25.42;25.50;25.50;1121;;652681521
SODI;13646227;2026-02-23;25.00;25.00;25.00;25.00;25.00;8;;2147703
SOFI;3307892;2026-02-23;18.73;18.75;17.58;18.22;18.22;82506992;;1275263850
SOFO;374032;2026-02-23;0.00;0.00;0.00;0.00;0.00;0;;12139360
SOHO;158088;2026-02-13;2.25;2.25;2.25;2.25;2.25;0;;20490501
SOHU;138944;2026-02-23;16.29;16.50;16.13;16.17;16.17;30619;;130917250
SOI;7962940;2024-09-11;11.46;11.47;11.06;11.32;11.32;415157;;44002865
SOL;1249731;2026-02-23;1.94;1.94;1.94;1.94;1.94;0;;513216222
SOLO;15042555;2024-03-26;0.21;0.21;0.21;0.21;0.21;0;;119495465
SOLY;987539;2021-12-16;22.58;22.58;22.58;22.58;22.58;0;;21596544
SON;992009;2026-02-23;55.88;56.87;55.57;56.87;56.87;901179;;98633013
SONC;343236;2018-12-10;43.49;43.49;43.49;43.49;43.49;0;;35687663
SONM;11034799;2026-02-23;5.24;5.51;5.04;5.26;5.26;52071;;270863
SONO;974898;2026-02-23;15.24;15.45;14.61;14.91;14.91;2231594;;120872657
SONX;15071416;2026-02-23;0.23;0.23;0.23;0.23;0.23;0;;427401
SOPA;1397119;2026-02-23;0.70;0.70;0.64;0.66;0.66;486381;;4968030
SOPH;1253261;2026-02-23;4.76;4.82;4.60;4.60;4.60;126534;;66687085
SORL;543973;2020-05-15;4.71;4.71;4.71;4.71;4.71;0;;19304921
SOTK;94282;2026-02-23;4.04;4.20;4.01;4.07;4.07;30986;;15710389
SOUN;11795326;2026-02-23;7.63;7.94;7.48;7.83;7.83;28597222;;420095861
SOVO;11795038;2026-02-23;22.98;22.98;22.98;22.98;22.98;0;;101856379
SOWG;15394216;2026-02-23;0.44;0.44;0.40;0.41;0.41;31130;;12223599
SP;7962692;2026-02-23;53.99;53.99;53.99;53.99;53.99;0;;19798884
SPAN;164268;2017-06-26;29.99;29.99;29.99;29.99;29.99;0;;2755625
SPB;357600;2026-02-23;78.66;79.94;77.35;78.91;78.91;327651;;23198788
SPCE;949272;2026-02-23;2.42;2.46;2.39;2.43;2.43;1490993;;63200245
SPFI;10656506;2026-02-23;43.10;43.26;41.33;41.60;41.60;109223;;16247839
SPFX;15204668;2026-02-23;1.95;1.95;1.95;1.95;1.95;100;;3001216
SPG;111127;2026-02-23;202.08;203.60;199.78;200.07;200.07;1356293;;326470060
SPGC;15271652;2025-03-14;0.12;0.12;0.09;0.10;0.10;43872858;;1825587
SPGI;378217;2026-02-23;413.47;417.55;404.24;404.78;404.78;2536692;;298800000
SPH;998424;2026-02-23;20.34;20.55;20.20;20.52;20.52;160726;;66331481
SPHR;17663740;2026-02-23;113.50;113.52;110.74;111.30;111.30;502272;;
SPIR;11033781;2026-02-23;8.96;9.11;8.31;8.40;8.40;708705;;32474439
SPLK;51255;2026-02-23;156.90;156.90;156.90;156.90;156.90;0;;166459000
SPLS;166539;2026-02-23;49.77;49.77;49.22;49.30;49.30;4527;;656713321
SPNC;114601;2017-08-10;38.45;38.45;38.45;38.45;38.45;0;;43896489
SPNE;147451;2023-01-04;8.83;9.67;8.43;9.54;9.54;1146651;;37044000
SPNS;17663742;2025-12-17;43.45;43.45;43.45;43.45;43.45;0;;55887225
SPNT;14159429;2026-02-23;21.54;21.66;20.69;20.75;20.75;671945;;116814640
SPOK;997662;2026-02-23;13.53;13.93;13.52;13.82;13.82;158205;;20598169
SPOT;3307751;2026-02-23;483.78;487.32;466.20;467.83;467.83;2039918;;205832527
SPPI;53529;2023-08-01;1.03;1.03;1.03;1.03;1.03;0;;188358072
SPPP;18599364;2026-02-23;17.60;17.76;17.24;17.65;17.65;852542;;
SPR;131997;2025-12-05;39.14;39.62;38.77;39.50;39.50;11351164;;117523217
SPRB;15271650;2026-02-23;51.00;55.27;48.50;53.58;53.58;41199;;1070370
SPRO;9076040;2026-02-23;2.32;2.33;2.20;2.24;2.24;565445;;56339295
SPRS;14122325;2026-02-23;3.36;3.36;3.28;3.28;3.28;1185;;5706732
SPRT;533572;2021-09-16;11.80;11.80;11.80;11.80;11.80;34;;24237876
SPRY;17663744;2026-02-23;8.99;9.46;8.91;9.21;9.21;638530;;
SPSC;6480970;2026-02-23;56.97;56.99;53.99;54.22;54.22;1136738;;37390873
SPT;1238783;2026-02-23;6.96;7.11;6.44;6.49;6.49;1685531;;59189349
SPTN;6326811;2025-09-22;26.90;26.90;26.90;26.90;26.90;0;;33858092
SPWH;1249258;2026-02-23;1.20;1.21;1.08;1.13;1.13;963368;;38481095
SPWR;992391;2026-02-23;1.47;1.48;1.41;1.45;1.45;1446364;;175241000
SPXC;768069;2026-02-23;240.72;240.72;232.56;237.18;237.18;360767;;49835573
SPY;1072401;2026-02-23;687.83;690.00;680.37;682.39;682.39;89034828;;
SQ;83293;2025-01-17;87.00;88.15;86.10;86.96;86.96;5731001;;619814000
SQBG;137237;2022-03-03;0.00;0.00;0.00;0.00;0.00;0;;1651484
SQFTP;11820407;2026-02-23;5.80;6.43;5.77;6.39;6.39;36518;;1439099
SQM;18773569;2026-02-23;71.99;73.24;71.08;73.07;73.07;747804;;142818904
SQSP;1342099;2024-10-18;46.57;46.57;46.57;46.57;46.57;0;;136340283
SQZ;1873066;2026-02-23;0.02;0.02;0.02;0.02;0.02;150;;28812904
SR;627776;2026-02-23;90.17;91.62;89.99;90.78;90.78;219330;;59096588
SRAD;18599366;2026-02-23;17.65;17.74;17.08;17.17;17.17;1788714;;209092856
SRAX;11035893;2026-02-23;0.01;0.01;0.01;0.01;0.01;63009;;29438262
SRC;448754;2024-01-22;43.14;43.67;42.15;42.31;42.31;44964186;;141055850
SRCE;767938;2026-02-23;70.59;70.67;67.62;68.00;68.00;101964;;24434704
SRCL;101113;2024-11-04;61.98;61.98;61.98;61.98;61.98;0;;92837446
SRDX;366154;2025-11-19;42.98;42.98;42.98;42.98;42.98;0;;14297623
SRE;378214;2026-02-23;93.46;94.81;93.05;93.60;93.60;2930597;;652681521
SREV;9076195;2022-08-09;1.50;1.50;1.50;1.50;1.50;192;;99398000
SRFM;18099838;2026-02-23;1.93;1.97;1.90;1.94;1.94;1209596;;15508391
SRG;998409;2026-02-23;3.02;3.04;2.97;3.03;3.03;198729;;56173000
SRGA;1093872;2023-06-30;0.24;0.24;0.18;0.18;0.18;7045398;;6640405
SRI;7962778;2026-02-23;8.45;8.45;7.92;7.98;7.98;185715;;28016931
SRLP;918357;2022-10-31;19.96;20.00;19.92;20.00;20.00;41820;;26234547
SRM;16633086;2025-07-16;7.80;10.99;7.42;10.30;10.30;34835672;;17243610
SRNE;133865;2026-02-23;0.00;0.01;0.00;0.00;0.00;15752;;451621000
SRNGU;1302457;2021-09-16;10.63;12.07;10.53;11.97;11.97;589824;;
SRNW;15296785;2026-02-23;0.01;0.01;0.01;0.01;0.01;10;;49005865
SRPT;749127;2026-02-23;18.72;19.01;18.02;18.12;18.12;1251419;;104787187
SRRA;809435;2022-07-01;54.99;54.99;54.99;54.99;54.99;0;;15274908
SRRK;7962892;2026-02-23;47.99;48.67;46.53;47.01;47.01;684426;;102007457
SRTS;11034022;2026-02-23;3.80;3.96;3.80;3.82;3.82;77145;;16425036
SRZN;16633090;2026-02-23;26.59;27.91;26.18;26.57;26.57;92280;;3205852
SSB;6480988;2026-02-23;105.12;105.57;99.89;100.58;100.58;901984;;98068647
SSBK;10656644;2025-07-01;36.37;36.37;36.37;36.37;36.37;0;;8916472
SSD;1056224;2026-02-23;200.30;201.00;195.00;196.31;196.31;266810;;41459275
SSDT;15112457;2023-02-27;2.05;2.05;2.05;2.05;2.05;0;;603970000
SSEA;19589001;2026-02-23;10.08;10.08;10.08;10.08;10.08;116;;7635871
SSI;42463;2020-11-02;0.01;0.01;0.01;0.01;0.01;0;;28911336
SSIC;16453525;2026-02-23;9.96;10.14;9.76;9.81;9.81;98418;;6214964
SSKN;11035083;2026-02-23;0.19;0.25;0.19;0.25;0.25;303246;;4171161
SSL;17640655;2026-02-23;8.69;8.87;8.60;8.77;8.77;2324048;;643043757
SSNC;721918;2026-02-23;71.01;71.01;69.00;69.55;69.55;1995154;;244027403
SSNI;331528;2018-01-05;16.24;16.26;16.24;16.26;16.26;60308;;54127000
SSNT;511627;2024-06-05;15.80;17.99;14.51;16.31;16.31;323504;3.27;5315581
SSP;688615;2026-02-23;3.69;3.69;3.38;3.45;3.45;319678;;88802130
SSRM;14101624;2026-02-23;30.94;31.68;30.12;30.30;30.30;4524235;;203326282
SSSS;10656756;2026-02-23;9.20;9.20;8.95;9.02;9.02;178134;;25119091
SST;11817994;2026-02-23;3.57;3.57;3.30;3.30;3.30;5953;;9997928
SSTI;7962884;2026-02-23;7.68;7.72;6.96;7.05;7.05;213917;;12698453
SSTK;623203;2026-02-23;18.00;18.05;15.53;15.53;15.53;1088973;;35546755
SSYS_old;727537;2026-02-23;10.42;10.52;9.98;10.13;10.13;676847;;21813585
ST;749178;2026-02-23;38.03;38.89;36.70;37.02;37.02;3591948;;145678735
STAA;849329;2026-02-23;17.59;18.31;17.13;18.20;18.20;1717601;;49741953
STAG;1298651;2026-02-23;39.54;39.98;39.02;39.25;39.25;1581331;;191036305
STAY;448789;2021-06-16;20.46;20.46;20.46;20.46;20.46;1;;177730773
STBA;347280;2026-02-23;44.40;44.87;42.56;43.01;43.01;331758;;38222500
STBX;18266286;2026-02-23;2.11;2.11;2.11;2.11;2.11;0;;478279984
STC;6767723;2026-02-23;68.27;68.69;66.20;66.37;66.37;264479;;28024203
STCB;18099840;2026-02-23;0.03;0.03;0.03;0.03;0.03;0;;647431696
STCN;13511406;2026-02-23;12.18;12.18;12.18;12.18;12.18;0;;6335641
STE;749030;2026-02-23;250.17;251.10;246.36;247.11;247.11;897004;;98075025
STEL;17663746;2026-02-23;38.87;38.87;37.52;37.65;37.65;563653;;
STEM;1295063;2026-02-23;10.85;11.00;10.35;10.62;10.62;160284;;8390208
STEP;1338981;2026-02-23;49.01;49.42;43.64;43.94;43.94;4530969;;119161678
STER;11795156;2024-10-31;16.74;16.74;16.74;16.74;16.74;0;;97989463
STFC;9076341;2022-03-01;52.01;52.01;52.01;52.01;52.01;1;;44300000
STFR;152617;2023-05-12;17.52;17.52;17.52;17.52;17.52;0;;110188892
STG;18810348;2026-02-23;4.41;4.41;4.37;4.37;4.37;1124;;
STGW;625541;2026-02-23;4.60;4.64;4.31;4.40;4.40;1371523;;252118245
STHO;14101626;2026-02-23;8.62;8.85;8.62;8.69;8.69;36550;;12088770
STI;335922;2026-02-23;4.05;4.40;3.59;3.76;3.76;125845;;8880799
STIM;9076072;2026-02-23;1.26;1.29;1.20;1.24;1.24;1280653;;68485922
STJ;378218;2017-01-18;80.82;80.82;80.82;80.82;80.82;0;;285600918
STKL;14122327;2026-02-23;6.42;6.42;6.40;6.40;6.40;1101947;;118216917
STKS;10656568;2026-02-23;2.16;2.16;1.95;1.96;1.96;12848;;31104781
STL;1234791;2022-01-31;26.96;27.38;26.23;26.29;26.29;19410604;;194360590
STLA;1239536;2026-02-23;7.71;7.75;7.57;7.60;7.60;10394225;;2880492279
STLD;978926;2026-02-23;193.39;196.35;190.33;196.01;196.01;1221127;;146034859
STLY;16682774;2026-02-23;5.95;5.95;5.95;5.95;5.95;0;;2813214
STM;18407934;2026-02-23;33.87;34.17;33.45;33.99;33.99;4239971;;898175408
STML;795984;2020-06-10;11.83;11.83;11.83;11.83;11.83;1084;;52510785
STMP;650092;2021-10-05;329.61;329.61;329.61;329.61;329.61;0;;18319142
STNE;3307755;2026-02-23;17.35;17.60;16.62;16.66;16.66;4297554;;269087488
STNG;17663748;2026-02-23;71.10;72.05;70.92;71.80;71.80;629887;;49923042
STOK;1060042;2026-02-23;34.94;37.73;34.31;36.23;36.23;897338;;57117150
STOR;534667;2023-02-03;32.21;32.21;32.21;32.21;32.21;0;;280839392
STR;11794970;2025-08-18;18.27;18.48;18.04;18.12;18.12;15911794;;12703000
STRA;1067482;2026-02-23;76.15;76.15;73.70;74.91;74.91;303601;;23486618
STRG;13511416;2026-02-23;0.00;0.00;0.00;0.00;0.00;0;;2868000
STRL;6767677;2026-02-23;428.00;436.00;423.28;434.64;434.64;524508;;30719373
STRM;494891;2026-02-23;5.33;5.33;5.33;5.33;5.33;0;;4356062
STRN;11035281;2026-02-23;22.93;22.93;22.57;22.57;22.57;1304;;18288158
STRO;10656528;2026-02-23;18.46;19.39;17.52;18.40;18.40;75531;;8513529
STRR;641822;2026-02-23;10.33;10.33;10.05;10.05;10.05;9762;;3234978
STRS;9075912;2026-02-23;29.47;30.15;28.32;29.05;29.05;21838;;7994746
STRT;202406;2026-02-23;88.90;89.81;86.15;87.30;87.30;41842;;4179778
STRW;15287372;2026-02-23;13.10;13.45;12.00;12.01;12.01;100583;;13120095
STRY;1340852;2026-02-24;1.74;1.77;1.71;1.73;1.73;221548;;162687604
STSA;11035081;2023-06-08;1.10;1.10;1.10;1.10;1.10;0;;33152498
STSFF;11795090;2026-02-23;7.43;7.43;7.43;7.43;7.43;0;;55363743
STT;378219;2026-02-23;127.10;128.38;123.30;125.13;125.13;1560513;;278728211
STUB;19793551;2026-02-23;9.23;9.37;8.90;9.31;9.31;2667773;;
STVN;18482570;2026-02-23;16.10;16.32;15.60;16.04;16.04;744191;;302842536
STWD;6480973;2026-02-23;18.04;18.17;17.79;17.80;17.80;3371175;;370331329
STX;378212;2026-02-23;410.40;422.99;402.15;407.40;407.40;2398276;;218073067
STXB;9076265;2022-04-08;25.65;25.75;25.18;25.55;25.55;1248603;;17262221
STXS;10656694;2026-02-23;2.05;2.16;2.04;2.14;2.14;460214;;93324763
STZ;256994;2026-02-23;157.50;161.16;157.25;159.42;159.42;1847217;;173410822
SU;1203755;2026-02-23;55.98;56.53;55.83;56.27;56.27;2190003;;1244331601
SUI;749231;2026-02-23;131.30;132.60;130.81;131.16;131.16;720486;;123668389
SUM;6767429;2025-02-10;52.39;54.07;52.36;52.49;52.49;4664636;;118931914
SUMO;10384239;2023-06-01;12.04;12.04;12.04;12.04;12.04;786;;121172000
SUN;11794972;2026-02-23;62.50;63.59;61.51;61.77;61.77;457925;;16410780
SUND;13841959;2026-02-23;0.28;0.28;0.28;0.28;0.28;0;;43063441
SUNS;17663750;2026-02-23;9.31;9.35;9.15;9.22;9.22;49406;;
SUNW;11035250;2024-02-14;0.07;0.08;0.06;0.06;0.06;31713780;;35419672
SUP;826868;2025-06-24;0.31;0.33;0.31;0.32;0.32;577198;;29474394
SUPN;445197;2026-02-23;50.75;51.23;49.63;50.69;50.69;563504;;57339350
SUPV;18757095;2026-02-23;10.83;10.88;10.36;10.38;10.38;537560;;375992997
SURG;11034336;2026-02-23;0.80;0.81;0.75;0.75;0.75;189155;;21041455
SVACU;11795042;2026-02-23;11.46;11.46;11.46;11.46;11.46;1;;
SVC;16363531;2026-02-23;2.10;2.20;2.10;2.13;2.13;1267690;;165889356
SVCC;19129553;2026-02-23;10.42;10.42;10.42;10.42;10.42;894;;21614925
SVFD;11036198;2026-02-23;0.92;0.93;0.83;0.88;0.88;93069;;326276
SVII;16453529;2026-02-23;12.70;12.70;12.70;12.70;12.70;0;;30666667
SVMB;13626519;2026-02-23;1.20;1.20;1.20;1.20;1.20;0;;555315412
SVRA;1872647;2026-02-23;5.58;5.93;5.55;5.70;5.70;4243867;;203467845
SVT;250129;2025-07-01;46.94;46.94;46.94;46.94;46.94;0;;2556502
SVU;684097;2018-12-14;32.49;32.49;32.49;32.49;32.49;0;;38718618
SVV;15042573;2026-02-23;10.35;10.40;9.82;10.08;10.08;1224933;;155056715
SWAG;12442268;2026-02-23;1.75;1.86;1.75;1.81;1.81;67952;;18515206
SWAV;1253257;2024-05-31;334.75;334.75;334.75;334.75;334.75;0;;37543542
SWBI;952565;2026-02-23;12.00;12.00;11.46;11.64;11.64;384217;;44493745
SWCH;9076329;2022-12-05;34.24;34.26;34.23;34.25;34.25;7548836;;147745000
SWI;885119;2025-04-17;18.49;18.49;18.49;18.49;18.49;0;;171606895
SWIM;11818856;2026-02-23;6.83;6.92;6.61;6.65;6.65;787198;;116655775
SWK;244442;2026-02-23;91.79;92.48;87.23;87.29;87.29;1488876;;154884964
SWKH;11820065;2026-02-23;16.65;16.70;16.65;16.65;16.65;4672;;12095906
SWKS;353611;2026-02-23;59.92;60.39;58.49;59.78;59.78;2559360;;150373612
SWM;803493;2022-07-05;24.52;24.54;22.84;23.41;23.41;1270260;;31055200
SWN;401903;2024-10-01;7.11;7.11;7.11;7.11;7.11;0;;1102981706
SWSSU;12444281;2026-02-23;1.06;1.06;1.06;1.06;1.06;0;;13080515
SWTX;11795076;2025-07-01;46.99;46.99;46.99;46.99;46.99;0;;75322696
SWX;448826;2026-02-23;88.39;88.66;87.76;88.13;88.13;426893;;72182840
SWY;86808;2015-02-09;35.10;35.10;35.10;35.10;35.10;0;;231400000
SXC;112269;2026-02-23;6.15;6.20;5.88;5.88;5.88;2246254;;84665509
SXI;6767605;2026-02-23;254.61;259.50;247.01;248.51;248.51;123958;;12118733
SXT;134902;2026-02-23;89.74;92.49;89.60;91.87;91.87;307109;;42506700
SY;18756401;2026-02-23;3.16;3.33;3.16;3.25;3.25;201933;;
SYBT;6767647;2026-02-23;69.10;70.00;65.64;65.99;65.99;118880;;29473458
SYBX;1841679;2026-02-23;0.61;0.62;0.61;0.62;0.62;2653;;11698919
SYF;493399;2026-02-23;72.36;73.25;68.20;68.88;68.88;6757669;;347596279
SYK;105030;2026-02-23;380.29;388.21;379.75;384.73;384.73;1765762;;382688675
SYKE;9076289;2021-08-27;54.00;54.00;54.00;54.00;54.00;18;;39779000
SYM;11794916;2026-02-23;53.10;54.69;52.19;54.35;54.35;1305275;;76021439
SYNA;260659;2026-02-23;83.94;83.94;80.06;81.40;81.40;653959;;38729741
SYNH;336622;2023-09-28;42.98;42.98;42.98;42.98;42.98;0;;102731000
SYNT;693332;2018-10-10;40.99;40.99;40.99;40.99;40.99;0;;82968320
SYPR;16682814;2026-02-23;3.10;3.18;2.92;3.06;3.06;79286;;
SYRE;640634;2026-02-23;43.01;45.76;42.26;44.18;44.18;1095221;;51431220
SYRG;786501;2020-01-14;4.07;4.08;3.94;4.00;4.00;20973892;;243563280
SYRS;807944;2026-02-23;0.00;0.00;0.00;0.00;0.00;37740;;26832457
SYUT;53873;2017-05-23;6.05;6.05;6.05;6.05;6.05;0;;56691000
SYY;247719;2026-02-23;89.92;90.81;88.87;89.43;89.43;3754335;;478930649
S_delisted;353395;2026-02-23;12.80;12.80;12.23;12.37;12.37;8799491;;4111432945
T;66790;2026-02-23;28.04;28.83;28.03;28.52;28.52;41058294;;7000577201
TACO;823787;2026-02-23;10.19;10.20;10.19;10.20;10.20;8259;;36455883
TACT;15112477;2026-02-23;3.55;3.72;3.46;3.46;3.46;28289;;10112585
TAK;19181145;2026-02-23;18.64;18.82;18.64;18.80;18.80;2001094;;123490548
TAL;19168845;2026-02-23;11.05;11.13;10.47;10.60;10.60;4704148;;202772575
TALK;12444347;2026-02-23;4.97;4.99;4.50;4.62;4.62;1878275;;165656124
TALO;1333936;2026-02-23;13.51;13.79;13.09;13.14;13.14;1706414;;183919349
TALS;1872493;2025-10-28;47.98;47.98;47.98;47.98;47.98;0;;25692268
TAP;248956;2026-02-23;49.78;50.03;49.21;49.47;49.47;2925300;;178155656
TARA;11035075;2026-02-23;6.86;7.50;6.81;7.43;7.43;1568843;;38587260
TARS;11817437;2026-02-23;65.75;70.43;65.75;69.59;69.59;1304528;;42449105
TASK;1321941;2026-02-23;10.73;10.77;10.28;10.31;10.31;1100965;;90417621
TAST;625660;2024-05-16;9.54;9.54;9.54;9.54;9.54;0;;52621276
TATT;18632555;2026-02-23;54.11;54.33;53.30;53.81;53.81;63014;;10940358
TAVI;19130559;2026-02-23;10.50;10.50;10.50;10.50;10.50;210;;15920833
TAYD;338837;2026-02-23;90.00;90.00;84.65;87.00;87.00;60610;;3136728
TBBB;18829768;2026-02-23;36.98;36.98;35.53;36.03;36.03;734724;;62048108
TBBK;6767573;2026-02-23;57.79;58.20;54.57;55.03;55.03;663782;;43917627
TBCP;12444385;2023-12-11;10.21;10.21;10.21;10.21;10.21;0;;12450741
TBI;108139;2026-02-23;3.69;3.84;3.51;3.66;3.66;574969;;30062641
TBIO;941303;2026-02-23;0.06;0.06;0.06;0.06;0.06;1;;4182944
TBLA;14122329;2026-02-23;3.39;3.42;3.25;3.25;3.25;952856;;336208207
TBMC;18134901;2026-02-23;9.37;10.11;7.77;10.11;10.11;6972;;4499116
TBNK;9075996;2026-02-23;8.33;8.33;8.33;8.33;8.33;0;;8834453
TBPH;7962668;2026-02-23;19.62;19.84;18.60;19.26;19.26;427137;;50672431
TBTC;263057;2026-02-23;4.14;4.14;4.14;4.14;4.14;15;;4641523
TCBC;15394220;2026-02-23;21.65;21.65;21.65;21.65;21.65;0;;4229548
TCBI;734517;2026-02-23;104.37;105.00;96.97;97.52;97.52;754213;;44176837
TCBK;6767759;2026-02-23;50.47;50.55;48.78;49.05;49.05;209557;;32511648
TCBS;15585648;2026-02-23;16.66;16.75;16.66;16.75;16.75;1276;;3115652
TCDA;9076171;2023-01-23;0.12;0.12;0.09;0.11;0.11;31125300;;58015939
TCFC;9075952;2023-10-25;27.09;27.09;27.09;27.09;27.09;0;;5651750
TCI;7962954;2026-02-23;44.44;44.45;39.77;39.77;39.77;4675;;8639316
TCMD;201913;2026-02-23;28.43;28.80;27.56;28.66;28.66;521682;;22438926
TCNNF;2265760;2026-02-23;6.32;6.33;6.00;6.02;6.02;184450;;167931952
TCNT;658757;2026-02-23;0.00;0.00;0.00;0.00;0.00;0;;7100000
TCO;998405;2020-12-29;42.99;42.99;42.99;42.99;42.99;0;;61725350
TCOM;1253413;2026-02-23;54.24;54.27;52.70;52.93;52.93;3061620;;653270717
TCON;14821541;2026-02-23;0.03;0.03;0.03;0.03;0.03;0;;3407564
TCPC;10656426;2026-02-23;4.60;4.63;4.48;4.50;4.50;1174718;;84841037
TCRR;11034194;2023-06-01;1.48;1.48;1.48;1.48;1.48;0;;39220984
TCRT;795980;2026-02-23;2.73;2.77;2.65;2.77;2.77;3699;;2231829
TCRX;14864208;2026-02-23;1.01;1.03;0.99;1.01;1.01;76305;;
TCS;9075958;2026-02-23;0.14;0.14;0.14;0.14;0.14;0;;3451250
TCX;651784;2026-02-23;17.71;18.52;17.71;18.10;18.10;33277;;10950656
TDAC;11795238;2026-02-23;10.53;10.53;10.53;10.53;10.53;134;;5139652
TDC;378223;2026-02-23;31.20;31.27;27.97;28.13;28.13;3391574;;93200000
TDG;378229;2026-02-23;1331.33;1334.70;1293.54;1296.15;1296.15;313633;;56473563
TDIC;19315297;2026-02-23;0.18;0.18;0.17;0.17;0.17;409186;;28660000
TDOC;963383;2026-02-23;4.67;4.71;4.48;4.56;4.56;4692175;;177473405
TDS;1234792;2026-02-23;44.80;45.03;43.07;43.75;43.75;1478220;;115500000
TDUP;11818971;2026-02-23;4.58;4.64;4.23;4.49;4.49;2480967;;125141893
TDW;419436;2026-02-23;76.86;82.00;76.04;78.91;78.91;1566788;;49563157
TDY;1164973;2026-02-23;666.31;675.17;661.45;672.42;672.42;263092;;46305311
TEAM;1204607;2026-02-23;73.50;73.75;68.27;68.81;68.81;10303980;;263744074
TECD;181744;2020-06-30;144.90;144.90;144.90;144.90;144.90;0;;35658571
TECH;176917;2026-02-23;57.43;57.48;54.20;54.76;54.76;3127909;;156453292
TEF;18445952;2026-02-23;3.81;3.81;3.81;3.81;3.81;0;;5670161554
TEL;104745;2026-02-23;233.16;234.96;230.65;231.28;231.28;1515966;;293434273
TELA;11819929;2026-02-23;0.70;0.85;0.69;0.77;0.77;181965;;40341535
TELL;1070202;2024-10-08;1.00;1.00;1.00;1.00;1.00;72164448;;893759536
TEN;534666;2026-02-23;31.10;31.79;30.58;31.79;31.79;304958;;83600000
TENB;896983;2026-02-23;19.71;19.89;17.27;17.55;17.55;5481334;;119344266
TEO;18445950;2026-02-23;11.33;11.42;10.97;10.99;10.99;138893;;683856600
TEP;929180;2018-07-02;43.31;43.31;43.31;43.31;43.31;0;;73200000
TER;1094921;2026-02-23;319.29;323.50;310.45;318.50;318.50;2495030;;156555950
TERN;10384313;2026-02-23;39.13;41.52;38.77;40.86;40.86;1389248;;90079781
TERP;708716;2020-07-31;19.35;19.35;19.35;19.35;19.35;0;;226528000
TESO;141183;2017-12-15;3.70;3.70;3.70;3.70;3.70;0;;46756282
TESS;42813;2023-07-17;8.99;8.99;8.99;8.99;8.99;0;;9226552
TETC;11795348;2023-03-28;10.17;10.18;10.17;10.17;10.17;247686;;48125000
TEUM;890308;2022-10-21;0.00;0.00;0.00;0.00;0.00;799;;142697197
TEVA;616649;2026-02-23;33.96;34.92;33.62;33.91;33.91;4295467;;1149812898
TEX;1234793;2026-02-23;67.69;68.32;65.86;67.65;67.65;1694724;;113700000
TFC;245217;2026-02-23;52.19;52.61;49.60;50.09;50.09;9732333;;1279246311
TFFP;1295083;2026-02-23;0.07;0.07;0.07;0.07;0.07;0;;4443041
TFIN;17663752;2026-02-23;61.31;62.02;56.72;56.92;56.92;425526;;
TFSL;360767;2026-02-23;15.01;15.17;14.17;14.22;14.22;906180;;280570799
TFX;448874;2026-02-23;115.47;116.48;111.25;113.04;113.04;1043189;;44194408
TG;7962948;2026-02-23;8.79;8.85;8.65;8.78;8.78;141277;;34910693
TGAA;17590527;2026-02-23;11.37;11.37;11.37;11.37;11.37;0;;26862073
TGAN;12442244;2024-06-28;5.10;5.10;5.10;5.10;5.10;0;;63266180
TGB;18659291;2026-02-23;7.94;8.19;7.82;7.90;7.90;5522683;;
TGCB;13643366;2026-02-23;0.07;0.08;0.07;0.07;0.07;105766;;76090356
TGEN;12444877;2026-02-23;3.50;3.58;3.43;3.48;3.48;169835;;29846479
TGGI;13511458;2026-02-23;0.00;0.00;0.00;0.00;0.00;500000;;22131339996
TGH;6767619;2024-03-14;49.99;49.99;49.99;49.99;49.99;0;;44149000
TGI;629705;2025-07-24;25.83;26.03;25.83;26.01;26.01;6520687;;77715067
TGL;13841961;2026-02-23;4.20;4.76;4.08;4.61;4.61;46236;;848100
TGLO;15204670;2026-02-23;0.25;0.26;0.23;0.25;0.25;55411;;441480473
TGLS;1346351;2026-02-23;51.00;51.50;49.39;49.42;49.42;357655;;46569446
TGNA;378222;2026-02-23;20.83;20.86;20.75;20.82;20.82;1280046;;161056789
TGS;18773573;2026-02-23;30.35;30.36;29.20;29.67;29.67;128417;;752761058
TGT;72458;2026-02-23;116.08;116.72;112.81;113.34;113.34;7914831;;452806418
TGTX;785880;2026-02-23;29.54;30.95;29.29;30.57;30.57;2362379;;158759451
TGVC;12444307;2024-03-15;10.81;10.81;10.81;10.81;10.81;0;;2889149
TH;11795124;2026-02-23;6.62;6.66;6.38;6.54;6.54;301525;;99779532
THC;1033571;2026-02-23;228.70;234.29;226.90;233.77;233.77;770861;;86963000
THCH;19129555;2026-02-23;1.76;1.79;1.74;1.75;1.75;14454;;33243582
THCP;11818510;2024-12-10;13.85;13.94;11.90;12.24;12.24;82501;;30214035
THER;13511292;2026-02-23;0.00;0.00;0.00;0.00;0.00;0;;6151499919
THFF;7962876;2026-02-23;67.14;67.14;63.64;64.23;64.23;61524;;11850645
THG;1234794;2026-02-23;176.09;176.09;173.73;173.91;173.91;266430;;35149316
THM;15042565;2026-02-23;2.77;2.98;2.68;2.88;2.88;2557348;;207885473
THMA;11795116;2024-05-24;0.00;0.00;0.00;0.00;0.00;0;;6900000
THMO;258731;2026-02-23;0.00;0.00;0.00;0.00;0.00;0;;7952780
THO;43246;2026-02-23;112.92;113.58;107.75;108.03;108.03;521665;;52838664
THPTF;15204672;2026-02-23;17.60;19.75;17.60;19.75;19.75;0;;18886008
THR;7962662;2026-02-23;51.10;52.29;48.31;49.77;49.77;386566;;32848372
THRD;15539353;2026-02-23;5.38;5.38;5.38;5.38;5.38;0;;45127797
THRM;1794063;2026-02-23;33.99;33.99;32.30;32.51;32.51;411840;;30526465
THRN;10656586;2023-10-16;10.19;10.19;10.19;10.19;10.19;0;;53342837
THRX;11795346;2024-02-14;4.06;4.06;4.06;4.06;4.06;0;;42371206
THRY;11795220;2026-02-23;3.86;4.02;3.69;3.73;3.73;798000;;43576891
THS;532132;2026-02-11;24.43;24.43;24.43;24.43;24.43;0;;50500000
THTX;18365260;2025-09-25;3.36;3.40;3.34;3.39;3.39;3272085;;45980019
TIC;18633359;2026-02-23;9.68;9.75;9.13;9.21;9.21;2198784;;220559713
TIF;249289;2021-01-08;131.46;131.46;131.46;131.46;131.46;0;;121400000
TIG;11818419;2023-04-21;6.16;6.16;6.16;6.16;6.16;0;;51221594
TIGO;18705619;2026-02-23;66.13;67.40;65.79;67.07;67.07;796438;;172096305
TIGR;1214646;2026-02-23;8.04;8.17;7.70;7.71;7.71;2048364;;2803438473
TIL;15337167;2026-02-23;9.17;9.50;8.84;8.84;8.84;39984;;6781976
TILE;7962844;2026-02-23;32.44;32.47;31.08;31.50;31.50;802302;;58390617
TIMB;18689461;2026-02-23;26.26;26.65;26.26;26.54;26.54;376729;;2420804398
TIME;535758;2026-02-23;24.20;24.20;24.00;24.02;24.02;1496;;99610000
TIPT;7962786;2026-02-23;16.99;17.12;16.42;16.67;16.67;283820;;37823734
TIS;693955;2019-04-01;1.24;1.24;1.24;1.24;1.24;0;;10670348
TISI;9076133;2026-02-23;14.01;14.40;13.84;13.84;13.84;6762;;4527240
TITN;825306;2026-02-23;20.05;20.21;19.11;19.31;19.31;159789;;23370174
TIVC;1397124;2026-02-23;0.83;0.83;0.74;0.74;0.74;16285;;1765952
TIVO;176762;2020-06-01;6.09;6.09;6.09;6.09;6.09;1117;;100236552
TIXT;18252583;2025-10-30;4.31;4.35;4.31;4.31;4.31;273161;;111267697
TJBH;11817570;2025-07-08;2.00;2.00;2.00;2.00;2.00;0;;99039506
TJX;256569;2026-02-23;159.00;160.46;155.75;157.69;157.69;5686514;;1110467095
TK;7962808;2026-02-23;12.09;12.10;11.62;12.05;12.05;650369;;84059952
TKAT;11035450;2023-09-15;0.19;0.20;0.18;0.20;0.20;140257;;55611419
TKLF;19191936;2026-02-23;3.01;3.01;2.85;2.85;2.85;1131;;42327806
TKNO;15585602;2026-02-23;2.00;2.12;1.94;2.06;2.06;186901;;53529174
TKR;1056221;2026-02-23;108.00;108.69;106.28;107.83;107.83;679574;;69544299
TLCC;156530;2026-02-23;0.00;0.00;0.00;0.00;0.00;0;;259092833
TLF;15394218;2026-02-23;3.09;3.13;3.00;3.06;3.06;64645;;8067502
TLGY;15539351;2024-12-06;11.64;11.64;11.64;11.64;11.64;1323;;
TLK;18825178;2026-02-23;21.15;21.39;21.12;21.27;21.27;327051;;1
TLLTF;15394222;2026-02-23;0.00;0.00;0.00;0.00;0.00;0;;347463688
TLND;923420;2021-08-09;65.97;65.97;65.97;65.97;65.97;0;;32909599
TLRA;646927;2020-03-31;6.30;6.44;5.95;6.00;6.00;2010983;;48047492
TLRD;929181;2020-11-05;0.07;0.08;0.07;0.07;0.07;368764;;48899867
TLRS;13511300;2026-02-23;0.09;0.09;0.09;0.09;0.09;0;;189996152
TLRY;816689;2026-02-23;7.65;7.67;7.44;7.55;7.55;2922026;;116506916
TLS;12444451;2026-02-23;4.05;4.05;3.84;3.88;3.88;799781;;73754329
TLSA;1203753;2026-02-23;1.28;1.30;1.21;1.25;1.25;140737;;111462617
TLYS;978925;2026-02-23;1.36;1.40;1.33;1.40;1.40;40196;;30473670
TM;1217248;2026-02-23;237.95;240.62;237.00;238.03;238.03;223688;;1347417202
TMC;15464893;2026-02-23;5.83;6.14;5.76;6.07;6.07;4096430;;413492045
TMCI;11795064;2026-02-23;1.85;2.03;1.83;2.01;2.01;721137;;63718073
TMDX;963380;2026-02-23;132.39;135.26;130.43;134.65;134.65;619588;;34174325
TME;18766500;2026-02-23;15.22;15.40;14.62;14.71;14.71;5713663;;3097809008
TMHC;1234795;2026-02-23;67.83;68.24;65.70;66.68;66.68;1045441;;96333668
TMKRU;12444528;2024-05-17;10.96;10.96;10.96;10.96;10.96;0;;2926927
TMO;372802;2026-02-23;508.01;518.92;505.80;516.44;516.44;1595030;;375708059
TMP;7962632;2026-02-23;82.80;83.61;78.61;78.99;78.99;82482;;14431880
TMQ;13756726;2026-02-23;3.79;4.05;3.66;4.01;4.01;6147375;;172545639
TMRC;13626521;2026-02-23;0.92;0.93;0.90;0.92;0.92;111291;;81447541
TMST;7962660;2024-02-26;20.01;20.53;20.01;20.40;20.40;352854;;43889467
TMTC;18134899;2026-02-23;2.20;2.20;2.20;2.20;2.20;0;;2182114
TMUS;515267;2026-02-23;217.14;220.97;216.84;219.95;219.95;5271008;;1101862739
TMX;749230;2022-10-28;37.87;37.87;37.87;37.87;37.87;0;;121500000
TNC;6767613;2026-02-23;83.30;83.36;81.35;82.30;82.30;111032;;18125969
TNDM;693227;2026-02-23;25.59;28.90;24.77;28.26;28.26;6607502;;68325927
TNET;797860;2026-02-23;37.65;37.73;33.67;33.85;33.85;986810;;47299186
TNGX;11818746;2026-02-23;12.45;13.60;12.31;12.73;12.73;4606004;;134593998
TNK;17663754;2026-02-23;72.00;72.37;70.35;71.82;71.82;525163;;34360637
TNL;116466;2026-02-23;75.88;75.88;72.56;74.45;74.45;725387;;62397734
TNON;16682824;2026-02-23;0.77;0.85;0.77;0.84;0.84;136622;;8605740
TNXP;11035175;2026-02-23;14.00;14.32;13.90;14.19;14.19;485475;;11776542
TNYA;11817603;2026-02-23;0.62;0.62;0.57;0.59;0.59;3796853;;166505885
TOL;200636;2026-02-23;162.00;163.22;156.77;158.44;158.44;903285;;95003000
TOMZ;16281428;2026-02-23;0.68;0.79;0.65;0.79;0.79;16666495;;20015205
TOP;16239129;2026-02-23;1.02;1.03;1.01;1.01;1.01;54043;;37044475
TOST;1307361;2026-02-23;26.70;26.70;24.99;25.07;25.07;14631154;;589000000
TOUR;18749324;2026-02-23;0.62;0.68;0.62;0.64;0.64;25887;;371531093
TOWR;625334;2019-10-08;31.00;31.00;31.00;31.00;31.00;0;;20690472
TPB;58275;2026-02-23;135.56;137.99;133.89;135.73;135.73;223775;;19070757
TPC;7962972;2026-02-23;86.42;87.25;83.80;84.99;84.99;367351;;52743248
TPCO;627811;2021-08-23;17.26;17.26;17.26;17.26;17.26;0;;36874348
TPCS;74307;2026-02-23;3.82;3.89;3.70;3.81;3.81;96975;;10011332
TPET;13665445;2026-02-23;0.40;0.41;0.38;0.40;0.40;2366164;;12300752
TPG;10383322;2026-02-23;44.04;44.19;41.28;42.34;42.34;4900916;;79499319
TPH;1234796;2026-02-23;46.31;46.62;46.30;46.33;46.33;2934959;;85953497
TPHS;9076158;2026-02-23;0.03;0.03;0.03;0.03;0.03;31562;;66247266
TPIC;180206;2026-02-23;0.13;0.13;0.13;0.13;0.13;0;;48730266
TPL;1093761;2026-02-23;513.99;547.20;502.18;502.85;502.85;1204461;;68941554
TPR;331230;2026-02-23;154.10;155.30;149.64;152.97;152.97;2422925;;202464223
TPST;11035402;2026-02-23;2.41;2.44;2.34;2.40;2.40;39481;;4440161
TPVG;10656482;2026-02-23;5.56;5.58;5.47;5.51;5.51;267088;;35349000
TPX;686753;2025-02-14;68.96;69.55;68.30;68.78;68.78;2937751;;173652870
TR;527072;2026-02-23;41.33;42.38;40.99;42.11;42.11;95540;;72986630
TRC;669774;2026-02-23;17.30;17.38;17.00;17.11;17.11;104219;;26893955
TRCO;650958;2019-09-27;46.66;46.66;46.66;46.66;46.66;0;;88410753
TRCY;998466;2026-02-23;20.10;20.10;19.67;19.90;19.90;3400;;8904915
TRDA;11817431;2026-02-23;11.26;11.49;10.60;11.29;11.29;135021;;38219232
TREC;9076223;2022-06-27;9.81;9.81;9.81;9.81;9.81;0;;23600000
TREE;780144;2026-02-23;38.48;38.60;32.97;33.24;33.24;727623;;13670696
TREN;13841923;2023-07-18;1.40;1.40;1.40;1.40;1.40;200;;32231083
TREX;991604;2026-02-23;41.61;41.75;38.91;40.28;40.28;2799484;;107254784
TRGP;625570;2026-02-23;230.29;233.28;227.82;231.87;231.87;1701809;;214951798
TRHC;494892;2023-11-03;10.50;10.50;10.50;10.50;10.50;0;;25422032
TRIN;10656468;2026-02-23;14.98;15.17;14.59;14.70;14.70;2347643;;40119009
TRIP;89539;2026-02-23;10.63;10.65;9.91;10.06;10.06;3389006;;114755221
TRKA;11034266;2023-12-15;0.19;0.19;0.13;0.13;0.13;7048726;;
TRLEF;18158109;2026-02-23;0.01;0.02;0.01;0.02;0.02;52301;;159488767
TRMB;627855;2026-02-23;67.01;67.19;64.85;65.42;65.42;1830569;;237920962
TRMD;18482572;2026-02-23;27.17;27.37;27.04;27.27;27.27;503780;;
TRMK;1234797;2026-02-23;44.46;44.88;42.35;43.02;43.02;508772;;59958255
TRML;17663756;2026-02-23;47.98;47.98;47.98;47.98;47.98;0;;
TRN;247970;2026-02-23;34.80;35.02;34.23;34.60;34.60;598493;;80180523
TRNO;6480979;2026-02-23;66.01;66.26;65.19;65.73;65.73;502367;;104178096
TRNS;60740;2026-02-23;78.30;79.00;75.75;78.00;78.00;194784;;9332188
TRON;18145444;2026-02-23;1.25;1.26;1.20;1.22;1.22;347098;;4927561
TROO;17598804;2026-02-23;3.89;3.95;3.41;3.51;3.51;253438;;101597998
TROW;378221;2026-02-23;94.84;95.07;92.20;93.06;93.06;2376588;;218072901
TROX;627774;2026-02-23;6.64;6.99;6.50;6.90;6.90;4660566;0.05;158557858
TRP;3240694;2026-02-23;62.50;63.47;62.38;63.12;63.12;1478939;;1040835168
TRS;6767747;2026-02-23;36.74;37.24;36.19;36.51;36.51;231837;;40645671
TRSSF;2265768;2026-02-23;0.56;0.63;0.54;0.56;0.56;286303;;305483308
TRST;10656438;2026-02-23;45.40;45.73;43.34;44.43;44.43;143988;;18424019
TRT;288723;2026-02-23;4.60;4.80;4.58;4.58;4.58;23318;;8749616
TRTN;6481010;2023-09-27;82.90;83.03;79.01;79.55;79.55;10767229;;54776000
TRTX;7962848;2026-02-23;8.49;8.60;8.32;8.34;8.34;716304;;78354052
TRU;700411;2026-02-23;75.41;76.20;70.92;71.23;71.23;1943061;;194200000
TRUE;81812;2026-02-18;2.54;2.54;2.54;2.54;2.54;0;;88940050
TRUP;640535;2026-02-23;28.94;28.95;27.11;27.16;27.16;335097;;43430169
TRV;262327;2026-02-23;305.00;309.37;303.73;305.39;305.39;1733739;;216237902
TRVG;18451292;2026-02-23;2.89;2.90;2.85;2.90;2.90;75750;;351536525
TRVI;1841447;2026-02-23;10.67;11.17;10.51;11.10;11.10;1006545;;128230134
TRX;18148329;2026-02-20;1.77;1.83;1.69;1.79;1.79;5024971;;
TS;18689459;2026-02-23;52.79;53.71;52.79;53.57;53.57;1201781;;1162757528
TSBK;9075896;2026-02-23;38.98;39.17;37.83;37.92;37.92;21416;;7884326
TSBX;15394224;2025-08-11;0.35;0.35;0.35;0.35;0.35;0;;23140691
TSC;988504;2022-09-08;30.58;30.58;30.58;30.58;30.58;4252;;31396278
TSCO;378228;2026-02-23;52.92;54.28;52.57;53.89;53.89;6225915;;526351286
TSE;530044;2026-02-23;0.30;0.32;0.25;0.27;0.27;1306656;;35993589
TSHA;1146378;2026-02-23;4.69;4.86;4.64;4.84;4.84;1305860;;273919373
TSLA;56317;2026-02-23;407.29;407.70;394.04;399.83;399.83;69139359;;3752431984
TSLX;10384247;2026-02-23;18.15;18.30;17.90;17.97;17.97;2308719;;94705150
TSM;1203609;2026-02-23;367.01;373.43;366.46;370.04;370.04;8880383;;5185800000
TSN;138054;2026-02-23;63.71;63.93;62.85;62.96;62.96;3293809;;352078966
TSP;11819631;2024-02-08;0.25;0.25;0.25;0.25;0.25;0;;224745672
TSQ;545597;2026-02-23;7.05;7.22;6.94;7.06;7.06;198195;;17221000
TSRI;333363;2026-02-23;13.38;13.38;13.38;13.38;13.38;0;;2169546
TSRO;349753;2019-01-18;74.95;74.97;74.94;74.96;74.96;1191003;;55046956
TSS;378227;2019-09-17;136.25;138.94;131.23;133.27;133.27;7594626;;176977106
TSSI;363007;2026-02-23;7.67;7.72;7.42;7.56;7.56;588776;;28845037
TST;122759;2019-08-07;6.18;6.48;6.16;6.44;6.44;508322;;5336639
TSVT;11795336;2025-05-13;5.00;5.00;5.00;5.00;5.00;0;;53229791
TT;378166;2026-02-23;464.00;466.83;459.22;459.94;459.94;1138824;;221331905
TTAN;18193990;2026-02-23;65.55;65.58;62.17;62.73;62.73;1901717;;
TTC;181580;2026-02-23;101.56;102.32;100.11;100.63;100.63;715878;;97904689
TTCF;3307745;2026-02-23;0.00;0.00;0.00;0.00;0.00;0;;82794581
TTD;650768;2026-02-23;24.91;25.00;24.05;24.17;24.17;14377396;;483594867
TTE;1333932;2026-02-23;78.00;78.63;77.68;77.83;77.83;647821;;2397679661
TTEC;6767597;2026-02-23;2.26;2.26;2.07;2.08;2.08;584183;;48549666
TTEK;1055095;2026-02-23;36.16;36.26;33.43;33.54;33.54;4118349;;260807561
TTGT;652015;2026-02-23;4.72;4.74;4.33;4.36;4.36;835408;;29235043
TTI;7962910;2026-02-23;11.13;11.41;10.87;11.01;11.01;1269502;;133746714
TTMI;626042;2026-02-23;106.01;108.63;104.70;106.85;106.85;1480260;;103404925
TTNP;11035849;2025-10-01;4.80;4.80;4.55;4.61;4.61;669443;;1330234
TTOO;728864;2026-02-23;0.00;0.01;0.00;0.01;0.01;25256;;21042952
TTPH;1077529;2020-07-28;2.24;2.27;2.18;2.20;2.20;282689;;7263236
TTRX;19778487;2026-02-23;3.49;3.49;3.33;3.44;3.44;1901;;29445183
TTSH;9075884;2026-02-23;3.40;3.42;3.33;3.42;3.42;8921;;44715001
TTWO;372538;2026-02-23;199.17;199.32;194.14;195.59;195.59;1937878;;185175456
TUEM;668563;2026-02-23;0.00;0.00;0.00;0.00;0.00;0;;3218279
TUP;125534;2024-09-18;0.51;0.51;0.51;0.51;0.51;0;;46530613
TUSK;825691;2026-02-23;2.23;2.27;2.18;2.25;2.25;151695;;48194035
TUYA;18786335;2026-02-23;2.22;2.35;2.22;2.32;2.32;2223820;;574592599
TV;18905012;2026-02-23;3.45;3.46;3.26;3.34;3.34;1001090;;111620184139
TVC;13669373;2026-02-23;24.47;24.57;24.42;24.46;24.46;172284;;
TVPT;625611;2019-05-30;15.70;15.75;15.49;15.75;15.75;4774700;;126523035
TVTX;11795142;2026-02-23;29.83;30.91;29.39;30.73;30.73;1560922;;92241550
TVTY;895523;2022-09-08;32.50;32.50;32.50;32.50;32.50;1170;;49732000
TW;10383306;2026-02-23;119.29;120.95;117.43;118.00;118.00;1603974;;211569728
TWCB;11819938;2023-07-25;10.24;10.24;10.24;10.24;10.24;0;;22468797
TWER;997799;2026-02-23;0.07;0.07;0.07;0.07;0.07;0;;394409
TWI;795301;2026-02-23;10.71;10.72;10.34;10.51;10.51;505767;;63951494
TWIN;231580;2026-02-23;17.05;17.75;16.46;17.04;17.04;71034;;14421658
TWKS;10383901;2024-11-13;4.47;4.47;4.47;4.47;4.47;0;;324726782
TWLO;670420;2026-02-23;111.15;111.15;106.12;108.50;108.50;2864114;;151612818
TWLVU;12444357;2026-02-23;10.29;10.29;10.29;10.29;10.29;900;;13300528
TWNK;6767411;2023-11-07;33.30;33.30;33.30;33.30;33.30;0;;134177696
TWO;6767703;2026-02-23;10.75;10.79;10.41;10.56;10.56;1477576;;105043188
TWOA;13901242;2024-03-27;6.09;12.97;5.59;10.70;10.70;61013;;9550705
TWOU;909826;2026-02-23;1.58;1.58;1.58;1.58;1.58;0;;2858478
TWST;1252815;2026-02-23;47.43;48.09;46.04;48.09;48.09;1120241;;61311704
TWTR;30388;2022-10-28;53.70;53.70;53.70;53.70;53.70;0;;766837000
TWX;121635;2018-06-15;98.77;98.77;98.77;98.77;98.77;8475;;782319431
TX;18659293;2026-02-23;43.58;44.12;43.18;43.33;43.33;210331;;2004743442
TXCB;11820041;2026-02-23;2.00;2.00;2.00;2.00;2.00;0;;
TXG;1250890;2026-02-23;18.48;18.92;18.32;18.89;18.89;2102893;;127752254
TXMD;692917;2026-02-23;2.25;2.33;2.24;2.28;2.28;21378;;11574362
TXN;252464;2026-02-23;218.90;222.79;218.90;219.86;219.86;7836518;;907550774
TXO;14821539;2026-02-23;12.83;12.95;12.50;12.71;12.71;177283;;54784292
TXRH;821877;2026-02-23;177.14;179.06;173.06;177.93;177.93;1021541;;66146079
TXT;378225;2026-02-23;100.40;100.77;97.55;98.80;98.80;1284542;;174162437
TYGO;11033261;2026-02-23;3.34;3.41;3.18;3.35;3.35;221468;;70352248
TYL;693134;2026-02-23;315.03;321.30;306.30;317.43;317.43;1080496;;42985340
TYME;809189;2022-09-16;0.29;0.32;0.28;0.31;0.31;2598790;;172206894
TYPE;344785;2019-10-11;19.84;19.84;19.84;19.84;19.84;0;;41288487
TYRA;11795296;2026-02-23;31.50;33.63;31.45;33.30;33.30;657832;;53372098
TZOO;515536;2026-02-23;5.38;5.69;5.25;5.39;5.39;328824;;10932337
TZUP;15296787;2025-12-15;4.90;4.92;4.47;4.55;4.55;262104;;16541342
U;1039024;2026-02-23;18.08;18.08;16.78;17.13;17.13;19015930;;432987611
UA;80553;2026-02-23;7.83;7.83;7.39;7.45;7.45;2781435;;444052000
UAL;219075;2026-02-23;111.30;113.50;106.70;107.17;107.17;5659798;;323430419
UAMY;16532306;2026-02-23;7.30;7.78;7.17;7.74;7.74;6541448;;108438984
UAN;1340565;2026-02-23;99.30;100.33;96.31;96.31;96.31;82384;;10569637
UAVS;11035089;2026-02-23;1.01;1.02;0.97;0.98;0.98;977230;;40072588
UBA;7962704;2023-08-17;21.53;21.70;21.08;21.14;21.14;4484692;;37833000
UBCP;15296789;2026-02-23;14.50;14.70;14.20;14.53;14.53;9000;;5774011
UBER;914943;2026-02-23;72.99;73.11;70.15;70.72;70.72;22844680;;2058115983
UBFO;9076032;2026-02-23;10.95;10.95;10.46;10.47;10.47;22526;;17575853
UBS;18557145;2026-02-23;42.42;42.57;41.24;41.53;41.53;2477763;;3462087722
UBSI;1234798;2026-02-23;44.13;44.47;42.12;42.54;42.54;742552;;140416592
UBX;893323;2026-02-23;0.20;0.20;0.20;0.20;0.20;0;;17212172
UCAR;9075830;2026-02-23;1.49;1.56;1.34;1.42;1.42;53236;;4419856
UCBI;6767457;2024-08-05;27.52;28.45;26.96;27.83;27.83;774256;;119202592
UCTT;1346700;2026-02-23;58.49;61.64;58.30;61.41;61.41;1574880;;45387088
UDMY;10384257;2026-02-23;4.77;4.77;4.59;4.69;4.69;1720433;;145421510
UDR;424210;2026-02-23;37.39;37.84;36.91;37.37;37.37;4183475;;328571965
UE;1067485;2026-02-23;21.09;21.18;20.91;20.92;20.92;748531;;125956087
UEC;7962592;2026-02-23;15.96;16.20;15.47;15.97;15.97;5165882;;483377402
UEEC;16682828;2026-02-20;0.06;0.06;0.05;0.06;0.06;14505;;248433222
UEIC;9075970;2026-02-23;4.12;4.12;3.92;3.98;3.98;22746;;13366106
UEPEP;14159431;2026-02-23;74.50;74.50;74.30;74.30;74.30;654;;276424515
UFCS;7962682;2026-02-23;38.59;38.97;37.95;38.03;38.03;177712;;25514329
UFI;249809;2026-02-23;4.14;4.17;4.00;4.00;4.00;21036;;18581051
UFPI;1242696;2026-02-23;109.87;109.87;106.11;106.32;106.32;390968;;58257224
UFPT;6767729;2026-02-23;233.53;244.73;232.11;241.79;241.79;133773;;7712444
UFS;890747;2021-11-30;55.49;55.49;55.49;55.49;55.49;0;;50245328
UG;512245;2026-02-23;6.66;6.66;6.50;6.54;6.54;5179;;4594319
UGI;1070710;2026-02-23;38.34;38.52;37.30;37.45;37.45;1438321;;214636337
UHAL;449042;2026-02-23;51.03;51.48;49.92;50.39;50.39;205930;;19607788
UHG;17663758;2026-02-23;1.19;1.28;1.14;1.15;1.15;9306755;;
UHS;378232;2026-02-23;229.91;233.65;229.79;232.60;232.60;600404;;68867000
UHT;16453531;2026-02-23;43.25;43.65;42.97;43.52;43.52;41110;;13848952
UI;503387;2026-02-23;742.05;753.00;723.24;726.30;726.30;93802;;60520794
UIS;717085;2026-02-23;2.21;2.23;2.13;2.13;2.13;1103176;;71306106
UL;18538672;2026-02-23;73.11;74.20;73.08;73.98;73.98;4884751;;2242197636
ULBI;739637;2026-02-23;5.90;5.96;5.75;5.81;5.81;15704;;16648947
ULCC;10384039;2026-02-23;5.10;5.20;4.80;4.88;4.88;3000436;;229609718
ULH;682408;2026-02-23;16.50;16.61;14.91;14.92;14.92;28024;;26330058
ULNV;11795218;2026-02-23;1.60;1.60;1.60;1.60;1.60;0;;508110000
ULTA;178804;2026-02-23;676.65;682.49;663.51;669.87;669.87;430859;;46372538
ULTI;373736;2026-02-23;12.50;12.63;12.12;12.43;12.43;39312;;31680399
UMBF;256663;2026-02-23;126.75;127.33;118.88;120.05;120.05;535266;;75954660
UMC;18786337;2026-02-23;10.40;10.53;10.33;10.42;10.42;6005250;;12560716404
UMEWF;13676404;2026-02-23;0.47;0.47;0.47;0.47;0.47;0;;114785005
UMH;7962602;2026-02-23;16.28;16.43;16.17;16.20;16.20;368745;;85230670
UMPQ;998459;2023-03-01;17.66;17.66;17.66;17.66;17.66;0;;217054000
UNAM;251597;2026-02-23;0.07;0.07;0.07;0.07;0.07;0;;5304863
UNB;9076036;2026-02-23;24.41;24.41;23.54;23.80;23.80;20003;;4582423
UNF;6767437;2026-02-23;235.89;236.61;231.36;234.05;234.05;108006;;18072533
UNFI;52168;2026-02-23;38.72;39.00;37.59;38.24;38.24;527601;;60524148
UNH;367714;2026-02-23;288.55;291.77;281.67;282.34;282.34;7217357;;905838620
UNIT;990739;2026-02-23;8.51;8.51;8.06;8.06;8.06;1833264;;148207358
UNM;378233;2026-02-23;74.02;74.54;70.65;70.84;70.84;2130040;;163753818
UNP;367644;2026-02-23;266.16;267.81;262.60;263.76;263.76;2701709;;593391460
UNTC;11817363;2026-02-23;32.10;33.01;32.10;32.86;32.86;36571;;9667000
UNTY;9075858;2026-02-23;54.19;54.70;51.56;52.10;52.10;41668;;10039444
UNVR;1234799;2023-07-31;35.99;36.15;35.94;36.14;36.14;5259018;;165800000
UNXP;13774436;2026-02-23;4.00;4.00;4.00;4.00;4.00;0;;29372951
UONE;653270;2026-02-23;11.67;12.28;10.30;10.80;10.80;31023;;4892806
UP;12444403;2026-02-23;0.62;0.62;0.55;0.62;0.62;4625986;;721707858
UPBD;17663760;2026-02-23;22.72;22.72;20.99;21.36;21.36;979605;;
UPL;700786;2019-08-07;0.17;0.18;0.11;0.14;0.14;14748106;;197840056
UPLD;668870;2026-02-23;1.04;1.05;0.92;0.94;0.94;157865;;28891348
UPS;106423;2026-02-23;116.17;116.35;114.47;115.02;115.02;5175496;;849101714
UPST;1204606;2026-02-23;28.68;29.01;27.04;27.26;27.26;6277941;;98061276
UPTD;13841933;2026-02-23;1.17;1.25;1.17;1.20;1.20;26270;;37765589
UPWK;898008;2026-02-23;13.10;13.13;12.41;12.51;12.51;5743219;;130380213
UPYY;13649395;2026-02-23;1.20;1.20;1.20;1.20;1.20;0;;17495211
URBN;46954;2026-02-23;67.65;67.97;64.59;65.90;65.90;1617187;;89678939
URG;14864210;2026-02-23;1.62;1.65;1.59;1.64;1.64;5375954;;376213626
URGN;15141565;2026-02-23;20.79;21.56;20.32;20.92;20.92;334742;;46808892
URI;102754;2026-02-23;900.55;904.63;877.15;882.70;882.70;543451;;62998147
URTH;10040353;2026-02-23;190.91;191.43;189.04;189.50;189.50;257502;;
USAC;11795030;2026-02-23;26.82;27.31;26.40;26.94;26.94;185417;;144972358
USAK;9076200;2022-09-15;31.71;31.71;31.71;31.71;31.71;0;;8876000
USAP;114434;2025-01-23;44.99;44.99;44.99;44.99;44.99;0;;9310069
USAS;18667302;2026-02-23;8.08;8.43;7.88;8.08;8.08;9700681;;237780097
USAU;11034987;2026-02-23;17.93;19.25;17.80;18.51;18.51;379899;;14390202
USB;378231;2026-02-23;58.63;58.87;55.52;55.81;55.81;9699139;;1554434067
USCB;12442280;2026-02-23;19.38;19.73;18.78;19.02;19.02;42259;;
USCR;819568;2021-08-26;73.99;73.99;73.99;73.99;73.99;0;;16977307
USDP;12444467;2026-02-23;0.00;0.00;0.00;0.00;0.00;91;;33758607
USEG;11035020;2026-02-23;1.03;1.05;1.00;1.01;1.01;1411625;;25287213
USFD;365184;2026-02-23;96.50;97.02;95.68;96.13;96.13;2873494;;220541957
USG;449068;2026-02-23;41.02;41.44;41.02;41.44;41.44;1584;;140099470
USGO;13992953;2026-02-23;11.02;11.59;11.02;11.22;11.22;55009;;13273195
USIO;15585652;2026-02-23;1.35;1.35;1.32;1.33;1.33;15795;;27307839
USLM;7962600;2026-02-23;107.73;107.73;105.01;107.50;107.50;58648;;28639399
USM;903238;2025-08-11;76.00;79.17;74.50;77.01;77.01;1000436;;86000000
USMD;157686;2026-02-23;24.67;24.67;24.67;24.67;24.67;32;;11393086
USNA;741592;2026-02-23;21.82;22.19;21.29;21.82;21.82;187765;;18280857
USPH;6767631;2026-02-23;84.83;85.31;82.50;83.55;83.55;144921;;15204119
USX;1035803;2023-06-30;6.15;6.15;6.13;6.14;6.14;4893254;;51602000
UTGN;16633092;2026-02-23;52.00;52.00;52.00;52.00;52.00;0;;3166267
UTHR;438343;2026-02-23;472.68;476.11;466.00;474.52;474.52;282427;;43056599
UTI;10656606;2026-02-23;30.56;32.36;30.16;32.16;32.16;1011776;;55020506
UTL;704075;2026-02-23;51.89;52.24;51.51;52.07;52.07;68021;;17983994
UTMD;515633;2026-02-23;66.46;67.47;66.27;66.94;66.94;16740;;3203672
UTZ;11795078;2026-02-23;9.55;9.73;9.29;9.53;9.53;2346295;;143781904
UUUU;767720;2026-02-23;21.04;21.29;19.99;21.02;21.02;7925835;;237286768
UVE;529179;2026-02-23;31.12;31.57;30.23;30.23;30.23;143117;;28048881
UVSP;7962774;2026-02-23;35.35;35.42;33.61;33.82;33.82;161293;;28475713
UVV;6767667;2026-02-23;53.79;53.88;52.98;53.49;53.49;204559;;24923496
UWHR;14864212;2026-02-23;10.75;10.75;10.75;10.75;10.75;0;;7198046
UWMC;11794910;2026-02-23;4.58;4.61;4.44;4.53;4.53;11026374;;1599885730
UXIN;16261173;2026-02-23;3.42;3.50;3.30;3.32;3.32;75347;;
UYSC;19315299;2026-02-23;10.30;10.30;10.30;10.30;10.30;6030;;7658348
V;107326;2026-02-23;319.04;320.51;304.70;306.52;306.52;13022886;;2062114537
VABK;10656658;2026-02-23;40.88;41.22;38.54;39.11;39.11;6834;;5370912
VAC;340222;2026-02-23;58.29;58.29;54.00;55.11;55.11;569854;;34613991
VACC;15296755;2026-02-23;0.64;0.64;0.58;0.58;0.58;33279;;40830353
VACH;19130561;2026-02-23;10.70;10.70;10.70;10.70;10.70;735;;31625000
VADP;11795146;2026-02-23;0.00;0.00;0.00;0.00;0.00;0;;182492221
VAL;17663762;2026-02-23;96.20;102.19;93.42;93.50;93.50;2010464;;
VALE;18662206;2026-02-23;16.84;17.07;16.77;16.92;16.92;21863593;;4539007568
VALN;18608534;2026-02-23;11.23;11.50;11.10;11.44;11.44;62642;;162521524
VALPQ;822750;2021-05-17;0.07;0.07;0.07;0.07;0.07;0;;199730533
VALU;208845;2026-02-23;37.00;37.00;36.26;36.26;36.26;1423;;9389873
VAPE;659172;2026-02-23;3.76;3.79;3.46;3.59;3.59;353737;;558110
VAPO;11035257;2026-02-23;2.17;2.17;2.17;2.17;2.17;0;;6244935
VAR;361284;2021-04-16;177.07;177.07;177.07;177.07;177.07;0;;91838813
VATE;625571;2026-02-23;5.09;5.29;4.99;5.19;5.19;7308;;13655062
VAXX;1397123;2026-02-23;0.00;0.00;0.00;0.00;0.00;1313;;
VBTX;7962612;2026-02-23;30.26;30.26;30.26;30.26;30.26;0;;54745471
VC;1009194;2026-02-23;92.91;95.31;91.64;95.07;95.07;746757;;26819486
VCEL;1253391;2026-02-23;38.03;38.65;37.39;38.25;38.25;510470;;50574026
VCIG;17721036;2026-02-23;0.32;0.32;0.28;0.29;0.29;693304;;498959
VCRA;9076293;2022-02-23;79.13;79.13;79.13;79.13;79.13;0;;34733000
VCSA;1307826;2025-05-01;5.39;5.39;5.39;5.39;5.39;0;;12054300
VCTR;10384115;2026-02-23;75.34;75.57;73.16;74.33;74.33;529367;;64935459
VCYT;1252953;2026-02-23;35.60;36.12;35.02;35.75;35.75;634657;;79049173
VEC;710316;2022-07-07;32.65;33.29;32.65;32.84;32.84;133607;;11726000
VECO;7962590;2026-02-23;29.08;29.22;28.06;28.73;28.73;914499;;60161823
VEEE;15585650;2026-02-23;0.45;0.48;0.44;0.48;0.48;2787587;;2237299
VEEV;199530;2026-02-23;177.98;179.28;171.71;172.17;172.17;2483341;;164381855
VEL;11818884;2026-02-23;18.84;19.05;18.54;18.66;18.66;180985;;38900030
VEON;17726076;2026-02-23;56.00;57.00;55.08;55.58;55.58;77093;;1756731135
VER;543421;2021-10-29;50.89;51.64;50.20;50.30;50.30;29651656;;229129954
VERA;11818470;2026-02-23;41.50;42.39;41.00;42.06;42.06;503427;;63928066
VERB;11036063;2025-08-29;13.98;14.92;13.24;14.50;14.50;249125;;1897955
VERI;1017399;2026-02-23;2.79;2.84;2.75;2.77;2.77;1320395;;91806023
VERO;11035616;2026-02-23;0.34;0.36;0.32;0.35;0.35;8375;;1859123
VERU;370817;2026-02-23;2.50;2.53;2.43;2.48;2.48;16593;;16050320
VERV;11795176;2025-07-25;11.13;11.13;11.13;11.13;11.13;0;;89143237
VERX;10383817;2026-02-23;12.50;12.51;11.87;12.03;12.03;2451658;;159527964
VERY;10656738;2024-07-01;11.43;11.43;11.43;11.43;11.43;0;;14875000
VFC;330907;2026-02-23;20.44;20.55;19.36;19.68;19.68;8221117;;391263343
VFF;2265767;2026-02-23;3.61;3.63;3.41;3.45;3.45;1063283;;115517766
VFS;17662014;2026-02-23;3.24;3.27;3.23;3.25;3.25;249196;;
VG;9076291;2026-02-23;9.52;9.70;9.24;9.43;9.43;5613098;;254666000
VGAS;16682830;2026-02-23;1.31;1.48;1.25;1.34;1.34;41802;;32049621
VGR;726203;2024-10-07;14.99;14.99;14.99;14.99;14.99;12;;157375597
VGZ;15141567;2026-02-23;2.75;3.04;2.74;2.96;2.96;1921702;;126209108
VHC;9076121;2026-02-23;17.02;17.02;16.00;16.01;16.01;12726;;4270840
VHI;11817160;2026-02-23;14.60;14.70;13.89;13.96;13.96;10534;;28302293
VIA;378236;2019-12-04;23.51;24.91;23.42;24.22;24.22;41869884;;403407483
VIAV;6767533;2026-02-23;27.65;28.31;26.72;27.37;27.37;4185943;;231389345
VICI;1338976;2026-02-23;30.15;30.46;30.01;30.22;30.22;8686665;;1068811371
VICR;1334839;2026-02-23;169.50;186.28;165.25;171.80;171.80;1057701;;44652632
VIDA;663113;2026-02-23;0.00;0.00;0.00;0.00;0.00;0;;67455867
VIDE;95336;2026-02-23;0.00;0.00;0.00;0.00;0.00;0;;5878290
VIGL;11818527;2025-08-05;8.05;8.05;8.05;8.05;8.05;0;;47701161
VII;12444439;2018-07-11;0.26;0.26;0.17;0.21;0.21;797148;;
VINC;1822742;2026-02-23;0.01;0.01;0.01;0.01;0.01;1;;5234277
VINP;1300439;2026-02-23;12.64;12.64;12.19;12.40;12.40;260635;;49580116
VIOT;19518233;2026-02-23;1.40;1.42;1.38;1.39;1.39;255500;;203824094
VIR;1291786;2026-02-23;7.54;7.79;7.26;7.43;7.43;2975623;;139125032
VIRC;54439;2026-02-23;6.13;6.17;6.05;6.05;6.05;62407;;15761141
VIRI;14509412;2026-02-23;2.95;3.02;2.73;2.75;2.75;24591;;1332178
VIRT;970570;2026-02-23;39.65;40.09;39.25;39.98;39.98;1138031;;94973489
VIRX;11034714;2026-02-23;0.01;0.01;0.01;0.01;0.01;0;;39744222
VISL;11820072;2026-02-23;1.50;1.50;1.50;1.50;1.50;366;;2467618
VIST;18708323;2026-02-23;58.97;59.08;56.48;56.65;56.65;629835;;95285451
VITL;1299760;2026-02-23;26.53;27.19;25.42;25.57;25.57;2209610;;44774520
VIV;18407938;2026-02-23;16.22;16.32;16.08;16.24;16.24;971858;;1626682604
VIVE;981944;2026-02-23;0.00;0.00;0.00;0.00;0.00;101;;10665410
VIVK;1342104;2026-02-23;0.02;0.02;0.01;0.01;0.01;1903656;;153996297
VIVO;6767603;2023-01-31;33.97;33.97;33.97;33.97;33.97;0;;43896000
VKTX;890836;2026-02-23;32.60;35.73;32.50;34.46;34.46;5660253;;115554295
VLCN;16363533;2026-02-23;10.57;10.57;10.57;10.57;10.57;0;;36423863
VLD;1212485;2025-08-18;5.68;6.80;5.21;5.90;5.90;46631;;12999611
VLDR;1085789;2023-02-13;1.26;1.26;1.26;1.26;1.26;0;;213518699
VLGEA;333215;2026-02-23;38.85;39.90;38.14;39.49;39.49;66360;;14753470
VLN;18365262;2026-02-20;1.49;1.55;1.47;1.51;1.51;617178;;106342415
VLO;410846;2026-02-23;200.63;204.26;195.70;197.39;197.39;2014475;;305009539
VLRS;18866279;2026-02-23;9.68;10.01;9.28;9.35;9.35;1180406;;898850497
VLRX;867483;2020-04-07;0.03;0.04;0.03;0.03;0.03;42502;;8331503
VLTA;12444313;2023-04-04;0.86;0.86;0.86;0.86;0.86;0;;67428190
VLY;1234800;2026-02-23;13.31;13.45;12.76;12.91;12.91;7974112;;557635558
VMC;378238;2026-02-23;303.02;311.14;300.49;310.79;310.79;1281157;;130580384
VMD;14864214;2026-02-23;8.24;8.31;8.11;8.29;8.29;376325;;
VMEO;1207431;2025-11-24;7.85;7.85;7.85;7.85;7.85;0;;167349604
VMGAU;11818572;2023-05-15;10.39;10.39;10.39;10.39;10.39;0;;23000000
VMI;449113;2026-02-23;469.07;470.13;453.05;457.35;457.35;143576;;19699639
VMW;83200;2023-11-22;142.48;142.48;142.48;142.48;142.48;200;;430395000
VNCE;198318;2026-02-23;2.95;2.96;2.73;2.73;2.73;71084;;13339426
VNDA;7962904;2026-02-23;8.04;9.09;7.80;8.15;8.15;47522821;;59108030
VNE;998442;2022-04-01;36.95;36.95;36.95;36.95;36.95;0;;111960000
VNET;18810350;2026-02-23;11.88;12.04;11.17;11.23;11.23;9130971;;
VNJA;12444299;2026-02-23;2.70;2.70;2.68;2.69;2.69;1300;;30000000
VNO;378237;2026-02-23;29.12;29.17;27.86;28.05;28.05;2009347;;190666367
VNOM;10383403;2026-02-23;45.74;46.03;44.73;44.96;44.96;4254818;;288540955
VNRX;1253243;2026-02-23;0.20;0.20;0.19;0.19;0.19;323879;;122801572
VNT;1033570;2026-02-23;41.04;41.39;40.26;40.43;40.43;805286;;141600000
VNTG;19218002;2026-02-23;0.83;0.85;0.83;0.85;0.85;28684;;
VOD;1205636;2026-02-23;15.64;15.71;15.55;15.56;15.56;5121268;;26388285902
VOLT;207946;2026-02-23;35.39;35.60;35.10;35.38;35.38;195245;;21981000
VOR;1872586;2026-02-23;13.55;15.98;13.55;15.42;15.42;1348447;;10410630
VORB;1334643;2023-08-18;0.00;0.00;0.00;0.00;0.00;0;;335416139
VOXX;672273;2025-04-01;7.50;7.50;7.50;7.50;7.50;0;;22527869
VOYA;354109;2026-02-23;74.21;74.21;68.92;69.22;69.22;1395370;;92763060
VOYG;19288452;2026-02-23;26.59;27.35;26.30;26.82;26.82;797814;;59547781
VPCC;1301816;2026-02-23;174.90;178.85;162.10;165.59;165.59;272620;;13504082
VPG;7962782;2026-02-23;47.57;47.57;45.52;46.81;46.81;237890;;12256197
VPLM;13511336;2026-02-23;0.01;0.01;0.01;0.01;0.01;307778;;3789570684
VR;449124;2024-02-26;25.61;25.61;25.61;25.61;25.61;0;;79329027
VRA;49797;2026-02-23;2.80;2.89;2.70;2.84;2.84;353150;;27955022
VRAR;13841935;2026-02-23;0.58;0.61;0.56;0.60;0.60;208528;;21076506
VRAY;1253251;2023-07-25;0.04;0.04;0.02;0.03;0.03;100663766;;181045785
VRCA;9075776;2026-02-23;5.77;5.79;5.38;5.61;5.61;67762;;9490035
VRDN;10384261;2026-02-23;27.32;28.45;27.26;28.07;28.07;1328549;;95442008
VRDR;12444417;2026-02-23;0.04;0.04;0.04;0.04;0.04;138000;;1298801621
VRE;949728;2026-02-23;18.89;18.89;18.75;18.81;18.81;20034074;;93426375
VREX;1253254;2026-02-23;13.53;13.62;13.27;13.31;13.31;257162;;41900000
VRM;12444499;2026-02-23;16.10;16.10;15.70;15.75;15.75;1479;;5199620
VRME;16682832;2026-02-23;1.06;1.06;0.99;1.03;1.03;125597;;10384698
VRML;1340692;2026-02-23;0.30;0.33;0.26;0.33;0.33;51226;;42655918
VRNA;10384221;2025-10-07;106.91;106.91;106.91;106.91;106.91;0;;681056022
VRNOF;2265763;2026-02-23;1.26;1.26;1.26;1.26;1.26;0;;361815879
VRNS;908839;2026-02-23;23.18;23.46;20.89;21.08;21.08;4020860;;117447726
VRNT;44422;2025-11-26;20.51;20.51;20.51;20.51;20.51;0;;60333678
VRRM;10383917;2026-02-23;18.96;19.00;18.28;18.57;18.57;2303701;;159564447
VRS;548204;2022-04-01;26.99;26.99;26.99;26.99;26.99;0;;29334000
VRSK;378235;2026-02-20;184.09;185.19;179.06;182.50;182.50;1568348;;137941888
VRSN;378234;2026-02-23;214.02;214.02;210.21;211.49;211.49;1055632;;91700000
VRT;10383332;2026-02-23;242.60;245.77;240.00;245.42;245.42;4019040;;382598464
VRTS;6767687;2026-02-23;145.94;149.50;136.13;138.39;138.39;110875;;6754405
VRTU;34429;2021-02-11;51.33;51.33;51.33;51.33;51.33;0;;30340986
VRTV;6767599;2023-11-30;169.99;169.99;169.99;169.99;169.99;0;;13480000
VRTX;344083;2026-02-23;475.08;487.60;475.08;481.01;481.01;1240657;;254034190
VSAC;13714919;2026-02-23;11.70;11.70;11.70;11.70;11.70;0;;4350765
VSAT;986214;2026-02-23;45.43;45.50;44.15;45.23;45.23;1066371;;135831401
VSBC;11794984;2026-02-23;0.01;0.01;0.01;0.01;0.01;0;;207030030
VSCO;1293027;2026-02-23;63.88;64.96;58.51;60.87;60.87;1855982;;80268924
VSEC;7962700;2026-02-23;227.78;227.78;220.34;222.28;222.28;384774;;20686361
VSH;1234801;2026-02-23;19.50;19.75;19.02;19.32;19.32;1318168;;123697092
VSLR;809892;2020-10-09;43.08;43.08;43.08;43.08;43.08;0;;125414499
VSM;375160;2019-10-14;52.99;52.99;52.99;52.99;52.99;0;;109269216
VST;708868;2026-02-23;170.64;171.84;165.21;167.80;167.80;4119527;;338825490
VSTA;18749326;2026-02-23;4.90;4.90;4.90;4.90;4.90;0;;15765930
VSTM;135964;2026-02-23;5.90;6.01;5.65;5.70;5.70;989106;;66776006
VSTO;158610;2024-11-27;44.63;44.63;44.63;44.63;44.63;0;;58427548
VTEX;18364800;2026-02-23;3.00;3.01;2.84;2.87;2.87;704258;;103947244
VTGN;13810662;2026-02-23;0.56;0.59;0.55;0.55;0.55;702385;;39620317
VTIQ;11794950;2022-12-09;10.07;10.07;10.06;10.06;10.06;480;;9525000
VTLE;7962658;2025-12-12;18.13;18.43;17.86;17.92;17.92;2717531;;38689952
VTMX;18760282;2026-02-23;36.04;36.26;35.25;35.91;35.91;68966;;884486436
VTNR;10656444;2024-10-07;0.08;0.09;0.05;0.05;0.05;20191906;;93514346
VTOL;10656416;2026-02-23;46.57;47.40;46.02;46.67;46.67;210726;;28920000
VTR;398980;2026-02-23;86.15;86.99;85.92;86.62;86.62;2361458;;474965224
VTRS;1251885;2026-02-23;15.86;16.07;15.79;15.95;15.95;9625615;;1151769872
VTS;14097474;2026-02-23;22.65;22.91;22.14;22.35;22.35;323988;;38673632
VTSI;1241344;2026-02-23;4.18;4.32;4.06;4.07;4.07;46448;;11242925
VTVT;817635;2026-02-23;34.02;35.91;34.00;35.13;35.13;15909;;3938259
VTYX;1822460;2026-02-23;13.96;13.97;13.94;13.95;13.95;3441129;;71358638
VUZI;1062014;2026-02-23;2.71;2.79;2.64;2.72;2.72;711301;;65965431
VVI;7962878;2024-12-31;43.04;43.23;42.32;42.51;42.51;141136;;21201906
VVNT;11794994;2023-03-09;11.99;12.02;11.99;12.00;12.00;5165704;;212501938
VVV;1059911;2026-02-23;38.41;38.97;37.92;38.90;38.90;1318015;;127315826
VVX;17663764;2026-02-23;67.76;68.89;67.01;67.94;67.94;426417;;
VWE;1338978;2025-04-23;0.00;0.00;0.00;0.00;0.00;1844;;62814389
VWFB;13841963;2026-02-23;12.90;12.90;12.90;12.90;12.90;0;;1911413
VWR;1071165;2017-11-21;33.25;33.26;33.24;33.25;33.25;2797942;;131869634
VWTR;9075756;2022-05-25;15.75;15.75;15.75;15.75;15.75;0;;18206000
VXRT;625536;2026-02-23;0.58;0.64;0.57;0.64;0.64;212247;;240069844
VYGR;1170785;2026-02-23;3.49;3.65;3.46;3.58;3.58;332904;;55600084
VYNE;14509364;2026-02-23;0.60;0.60;0.59;0.60;0.60;275339;;25472165
VYX;17663766;2026-02-23;9.39;9.53;8.73;8.76;8.76;1833178;;
VZ;101219;2026-02-23;49.35;50.48;49.25;49.68;49.68;30085094;;4217684168
VZIO;10384231;2024-12-03;11.35;11.35;11.35;11.35;11.35;0;;195300000
W;417451;2026-02-23;80.44;81.50;73.11;73.47;73.47;6367099;;130747862
WAB;749129;2026-02-23;265.00;265.81;260.70;262.93;262.93;532950;;170517190
WABC;6767779;2026-02-23;53.06;53.22;51.01;51.29;51.29;246866;;24933051
WAFD;1234802;2026-02-23;33.05;33.31;31.15;31.63;31.63;681347;;75863334
WAFU;16239131;2026-02-23;1.62;1.74;1.62;1.69;1.69;3672;;2922559
WAIR;359379;2020-01-09;11.04;11.04;11.04;11.04;11.04;0;;100167900
WAL;345773;2026-02-23;93.19;93.47;87.41;87.62;87.62;1974585;;110053667
WALD;17663768;2026-02-23;1.77;1.80;1.71;1.72;1.72;68007;;122692968
WAT;378240;2026-02-23;329.00;335.65;327.78;327.78;327.78;875190;;59534740
WATT;816792;2026-02-23;10.95;11.16;10.49;10.82;10.82;91525;;2175137
WB;18737380;2026-02-23;10.24;10.55;10.19;10.27;10.27;842314;;
WBA;87466;2025-08-28;11.98;11.98;11.98;11.98;11.98;0;;865560675
WBC;102132;2020-05-28;136.46;136.49;136.45;136.46;136.46;2613711;;51375551
WBD;120376;2026-02-23;28.82;28.99;28.74;28.92;28.92;12557404;;2477974509
WBEV;1397121;2022-12-13;0.14;0.14;0.14;0.14;0.14;0;;12615182
WBHC;14122331;2026-02-23;550.00;550.00;550.00;550.00;550.00;0;;12135530
WBMD;646643;2017-09-18;66.48;66.48;66.48;66.48;66.48;0;;37981018
WBS;1234803;2026-02-23;73.30;73.98;72.61;72.78;72.78;6476845;;161290301
WBT;9076203;2022-07-28;24.00;24.01;23.99;24.01;24.01;2188324;;143065161
WBX;18936322;2026-02-23;3.40;3.51;3.27;3.47;3.47;24941;;11868114
WCC;701296;2026-02-23;294.12;298.49;284.90;286.51;286.51;555641;;48661915
WCG;745218;2020-01-23;344.49;350.17;339.88;349.92;349.92;2063462;;50327612
WCIC;116367;2017-07-10;23.45;23.45;23.45;23.45;23.45;0;;26336838
WCN;13841965;2026-02-23;164.20;164.44;162.08;163.00;163.00;1857173;;255681232
WD;6767513;2026-02-23;63.00;63.32;60.59;61.26;61.26;265611;;34064232
WDAY;186213;2026-02-23;134.41;134.52;125.83;129.21;129.21;6601745;;263000000
WDC;250582;2026-02-23;283.62;294.82;278.18;280.42;280.42;7156546;;339037922
WDFC;6767467;2026-02-23;236.54;244.24;233.49;242.64;242.64;156601;;13486302
WDH;18810352;2026-02-23;1.89;1.91;1.79;1.83;1.83;752965;;3942801610
WDHR;705167;2026-02-23;0.00;0.00;0.00;0.00;0.00;0;;4671893989
WDQ;1390788;2026-02-23;3.23;3.37;3.13;3.13;3.13;559503;;62491594
WDS;18347623;2026-02-23;19.46;19.62;19.18;19.18;19.18;783163;;1898749771
WE;1298953;2024-06-11;0.04;0.08;0.03;0.06;0.06;44019;;19059636
WEAV;1397122;2026-02-23;5.43;5.48;4.87;4.93;4.93;4792640;;78025757
WEB;651626;2018-10-11;27.99;27.99;27.99;27.99;27.99;0;;50069055
WEBNF;17849262;2026-02-23;27.95;27.95;27.95;27.95;27.95;80;;3420353305
WEC;378244;2026-02-23;114.74;116.07;114.41;115.80;115.80;1633456;;325531361
WELL;378241;2026-02-23;208.71;211.50;207.38;209.54;209.54;2349705;;697752530
WELPP;14034212;2026-02-23;66.50;66.50;65.75;65.97;65.97;924;;33289327
WEN;217619;2026-02-23;7.92;8.02;7.74;7.77;7.77;10216805;;190339781
WERN;1067484;2026-02-23;35.15;35.22;32.67;32.80;32.80;1170431;;59830317
WES;745556;2026-02-23;41.05;41.46;40.75;41.20;41.20;1467257;;393667434
WEST;15204674;2026-02-23;4.92;4.96;4.80;4.90;4.90;148988;;96824910
WETF;7962630;2022-11-04;5.37;5.41;5.23;5.26;5.26;1013153;;143120000
WEX;749233;2026-02-23;156.78;157.83;149.50;151.67;151.67;410493;;34288525
WEYS;9075804;2026-02-23;31.95;32.59;31.10;31.10;31.10;9951;;9548388
WFC;58953;2026-02-23;88.17;88.60;83.78;85.15;85.15;20516775;;3139084542
WFCF;13901240;2026-02-23;12.45;12.45;12.45;12.45;12.45;377;;5111945
WFG;1242695;2026-02-23;66.95;67.66;65.12;65.75;65.75;326759;;109021000
WFM;90839;2017-08-29;41.99;41.99;41.99;41.99;41.99;0;;320251710
WFRD;117829;2026-02-23;104.44;107.06;104.00;104.96;104.96;898883;;71717593
WFT_old;449193;2019-12-13;0.02;0.02;0.02;0.02;0.02;3003175;;772632153
WGL;449198;2018-07-09;88.74;88.74;88.74;88.74;88.74;0;0.52;97838718
WGO;670940;2026-02-23;46.69;46.80;43.97;44.03;44.03;541890;;28220626
WGS;17663770;2026-02-23;80.42;87.93;79.01;87.08;87.08;1567919;;
WH;991363;2026-02-23;83.07;83.89;80.85;83.10;83.10;1897089;;75148844
WHD;6767475;2026-02-23;58.24;59.22;56.58;56.63;56.63;1010210;;79847464
WHEN;18134903;2026-02-23;0.00;0.00;0.00;0.00;0.00;1032276;;550834347495
WHF;10656548;2026-02-23;6.35;6.35;6.15;6.21;6.21;179958;;23243088
WHG;646168;2026-02-23;16.59;16.60;16.11;16.22;16.22;16567;;9408130
WHLM;15539361;2026-02-23;2.97;3.10;2.34;3.10;3.10;6024;;5157343484
WHLR;14821543;2026-02-23;1.59;1.66;1.53;1.64;1.64;50557;;14627
WHR;104227;2026-02-23;83.48;84.49;81.75;83.21;83.21;736458;;56518699
WIFI;651519;2021-06-02;13.99;13.99;13.99;13.99;13.99;0;;44751010
WILC;18557141;2026-02-23;27.45;27.52;25.83;26.73;26.73;1830;;13874334
WIMI;18765299;2026-02-23;1.79;1.89;1.73;1.73;1.73;32877;;9820805
WIN;625612;2020-07-10;0.00;0.34;0.34;0.34;0.34;0;;42997926
WINA;102395;2026-02-23;463.17;463.17;446.25;450.60;450.60;97654;;3562135
WING;1057792;2026-02-23;257.18;259.00;242.00;248.34;248.34;1182389;;27484570
WINH;97546;2026-02-23;0.30;0.30;0.30;0.30;0.30;550;;49989500
WINV;12444297;2026-02-23;12.55;12.55;12.55;12.55;12.55;0;;3095036
WIRE;983825;2024-07-03;289.84;289.84;289.84;289.84;289.84;266;;15788916
WISH;3242029;2026-02-23;7.93;8.00;7.73;7.99;7.99;153304;;26612092
WIT;1253414;2026-02-23;2.21;2.22;2.18;2.19;2.19;12420568;;10472136049
WIX;18599362;2026-02-23;65.50;66.01;62.58;62.80;62.80;2515601;;56107932
WK;618274;2026-02-23;60.90;61.02;57.29;57.59;57.59;1922058;;56834640
WKC;17663772;2026-02-23;24.88;25.11;23.93;25.05;25.05;1477700;;
WKEY;18749328;2026-02-23;6.95;7.08;6.79;6.99;6.99;47209;;4909932
WKHS;998526;2026-02-23;3.54;3.57;3.30;3.32;3.32;55240;;1996105
WKSP;16682834;2026-02-23;1.40;1.58;1.38;1.46;1.46;702251;;2965092
WLB;596565;2018-04-24;0.24;0.24;0.15;0.15;0.15;3753486;;18771643
WLDN;9075886;2026-02-23;116.68;117.25;109.39;110.37;110.37;274848;;14749882
WLFC;7962950;2026-02-23;205.61;206.00;197.50;197.65;197.65;28648;;6814154
WLK;700084;2026-02-23;93.84;95.23;91.76;93.02;93.02;1303184;;128569968
WLKP;1296417;2026-02-23;21.22;21.40;21.00;21.24;21.24;78284;;35245879
WLL;983824;2022-07-01;68.03;68.03;68.03;68.03;68.03;0;;39132000
WLLAW;17663774;2024-08-29;21.85;22.98;20.81;22.00;22.00;67905;;
WLLBW;17663776;2026-02-23;0.01;0.01;0.01;0.01;0.01;0;;
WLY;17663778;2026-02-23;29.70;29.94;28.81;29.07;29.07;410108;;
WLYW;13626523;2026-02-20;0.00;0.00;0.00;0.00;0.00;0;;330483033
WM;378239;2026-02-23;229.53;231.83;229.40;230.56;230.56;2156109;;403335781
WMAR;543710;2017-09-15;12.96;12.96;12.96;12.96;12.96;0;;25279858
WMB;344928;2026-02-23;73.10;73.87;72.63;72.98;72.98;4960195;;1221218867
WMG;1093102;2026-02-23;29.77;30.13;28.28;28.49;28.49;2432014;;522346168
WMGI_delisted;920932;2020-11-11;29.98;29.98;29.98;29.98;29.98;9689;;129934836
WMK;912450;2026-02-23;73.00;73.49;70.92;73.48;73.48;171756;;24744597
WMPN;12444395;2025-04-30;12.15;12.53;11.98;12.32;12.32;24969;;9208217
WMS;6480952;2026-02-23;170.43;171.33;166.24;168.47;168.47;438030;;77895585
WMT;239962;2026-02-23;123.52;126.80;122.96;125.81;125.81;25266734;;7970166964
WNC;109798;2026-02-23;11.43;11.53;10.74;10.84;10.84;455378;;40436437
WNDW;92543;2026-02-23;0.30;0.46;0.30;0.43;0.43;9492;;65779045
WNEB;9075960;2026-02-23;13.90;14.25;13.28;13.32;13.32;55190;;20491966
WNFT;13810664;2026-02-23;0.00;0.00;0.00;0.00;0.00;6083;;534750000
WNLV;17590529;2026-02-23;0.00;0.00;0.00;0.00;0.00;59000;;285159075
WNS;16363535;2025-10-16;76.40;76.48;76.39;76.48;76.48;2862500;;44170987
WOK;18266288;2026-02-23;1.40;1.44;1.40;1.40;1.40;17569;;103591276
WOLF;178872;2026-02-23;18.50;19.58;18.02;18.47;18.47;1112110;;45088678
WOOF;1340570;2026-02-23;2.56;2.56;2.46;2.46;2.46;839223;;266485000
WOR;332221;2026-02-23;57.02;57.02;55.30;55.72;55.72;100231;;49546581
WORK;949110;2021-07-27;45.20;45.20;45.20;45.20;45.20;0;;581646804
WOW;6767793;2025-12-30;5.20;5.21;5.20;5.20;5.20;573125;;85703763
WPC;449233;2026-02-23;72.50;73.74;72.25;73.06;73.06;1754927;;219145876
WPG;983823;2021-10-21;0.82;0.83;0.82;0.82;0.82;131481;;24459645
WPP;18662208;2026-02-23;18.58;18.64;18.04;18.32;18.32;776163;;1078802358
WPX;449237;2021-01-14;9.43;9.43;9.43;9.43;9.43;0;;561040585
WR;351692;2018-06-05;54.00;54.00;54.00;54.00;54.00;0;;215800074
WRAC;11818641;2024-02-29;10.54;10.54;10.50;10.50;10.50;21000;;5750000
WRAP;17605385;2026-02-23;1.67;1.67;1.58;1.58;1.58;294961;;45882902
WRB;1161717;2026-02-23;71.54;72.05;70.60;71.00;71.00;1771364;0.09;380021174
WRBY;11795112;2026-02-23;23.24;23.50;21.79;22.20;22.20;3280766;;122164813
WRD;18615206;2026-02-23;7.00;7.41;7.00;7.34;7.34;3370447;;826214105
WRE;983822;2022-10-19;17.50;17.80;17.37;17.57;17.57;364537;;87453000
WRI;449242;2021-08-03;32.18;32.46;31.40;31.44;31.44;26456004;;127626771
WRK;359889;2024-07-05;50.78;52.16;50.49;51.51;51.51;11862000;;258148056
WRLD;983821;2026-02-23;130.72;132.02;126.25;127.20;127.20;103538;;4936879
WRN;18602711;2026-02-23;3.23;3.32;3.17;3.24;3.24;1554052;;
WRPT;13658929;2026-02-20;0.05;0.05;0.05;0.05;0.05;19500;;139940000
WS;16318987;2026-02-23;43.90;44.42;43.03;43.95;43.95;180415;;50805635
WSBC;739365;2026-02-23;36.82;37.04;35.20;35.42;35.42;888447;;96045347
WSBF;7962978;2026-02-23;18.11;18.34;17.59;17.60;17.60;52408;;19998000
WSC;10383320;2026-02-23;22.97;22.97;21.82;22.53;22.53;1604087;;180854438
WSCI;65297;2018-11-07;7.00;7.00;6.98;6.99;6.99;28177;;2970283
WSFS;6767531;2026-02-23;67.35;67.88;64.91;65.36;65.36;461788;;54675949
WSM;198669;2026-02-23;211.78;211.78;201.79;201.88;201.88;1084313;;119380711
WSO;1014359;2026-02-23;409.98;413.48;398.31;411.71;411.71;260676;;40558420
WSR;983820;2026-02-23;15.26;15.37;15.15;15.25;15.25;235603;;51020124
WST;1167256;2026-02-23;238.32;245.28;236.44;244.22;244.22;906330;;72021491
WSTC;820561;2017-10-10;23.49;23.51;23.49;23.50;23.50;433405;;83660586
WSTL;543789;2026-02-23;5.65;5.65;5.42;5.43;5.43;14813;;11005558
WT;17663780;2026-02-23;16.33;16.83;16.17;16.72;16.72;2892618;;
WTBA;9075778;2026-02-23;25.36;25.36;24.02;24.50;24.50;87081;;16940785
WTFC;1234804;2026-02-23;156.14;157.50;147.88;149.31;149.31;400450;;66971158
WTI;7962742;2026-02-23;2.68;2.77;2.55;2.61;2.61;3640729;;148777224
WTM;6481060;2026-02-23;2235.00;2240.00;2182.34;2189.34;2189.34;14635;;2553106
WTRG;449267;2026-02-23;38.83;39.74;38.65;39.28;39.28;3741313;;282975521
WTRH;1241828;2026-02-23;0.00;0.00;0.00;0.00;0.00;0;;9188320
WTS;816791;2026-02-23;325.61;328.79;318.70;324.01;324.01;146568;;33352921
WTTR;7962596;2026-02-23;12.84;12.99;12.62;12.79;12.79;3294559;;121361644
WTW;378243;2026-02-23;301.81;303.98;290.90;291.52;291.52;888748;;95748613
WU;378242;2026-02-23;9.25;9.29;8.96;9.21;9.21;12516976;;313454809
WULF;17663782;2026-02-23;14.44;15.70;14.31;15.68;15.68;24983582;;
WVE;7962902;2026-02-23;13.49;14.02;13.25;13.50;13.50;2285717;;167181784
WVVI;15539359;2026-02-23;2.67;2.67;2.60;2.60;2.60;1979;;4964529
WW;564422;2026-02-23;22.41;22.77;21.66;22.01;22.01;90957;;9986928
WWACU;13950746;2023-11-07;6.69;6.69;3.15;3.15;3.15;1676;;10468054
WWD;449272;2026-02-23;393.51;395.83;388.89;392.77;392.77;409782;;59615869
WWE;641925;2023-09-11;99.51;101.94;98.07;100.65;100.65;1642037;;77861000
WWR;11034533;2026-02-23;0.88;0.88;0.85;0.87;0.87;822027;;117989464
WWW;983819;2026-02-23;17.93;18.08;16.96;17.30;17.30;1355303;;81967897
WY;57524;2026-02-23;25.61;25.71;24.89;25.13;25.13;4710161;;720665000
WYFI;19511619;2026-02-23;16.55;17.04;16.11;17.01;17.01;573892;;38259989
WYNN;378245;2026-02-23;113.78;114.16;105.24;107.25;107.25;2155486;0.25;104554301
WYY;15539357;2026-02-23;4.89;4.89;4.20;4.33;4.33;107240;;9311761
X;721031;2025-06-18;54.84;54.84;54.84;54.84;54.84;876;;226419128
XAIR;10656650;2026-02-23;1.03;1.04;0.99;1.01;1.01;141209;;10529344
XBIO;11036075;2026-02-23;2.23;2.31;2.21;2.26;2.26;7803;;2291056
XBIT;156298;2026-02-23;2.39;2.39;2.31;2.34;2.34;15585;;30487731
XCO;470616;2017-12-26;0.64;0.64;0.64;0.64;0.64;0;;21630873
XCRA;247530;2018-10-01;14.27;14.27;14.27;14.27;14.27;154;;54914881
XEC;378115;2021-10-04;87.20;87.20;87.20;87.20;87.20;0;;102818796
XEL;378246;2026-02-23;81.96;83.40;81.78;83.35;83.35;5219282;;591539773
XELA;9076106;2026-02-23;0.05;0.05;0.05;0.05;0.05;4;;6365363
XENE;1873185;2026-02-23;42.06;43.40;42.06;42.72;42.72;701326;;77275005
XENT;9076353;2022-09-16;28.24;28.24;28.24;28.24;28.24;14512;;33735000
XERS;7962946;2026-02-23;6.55;6.74;6.55;6.58;6.58;1552080;;165924289
XFIN;11818620;2024-10-01;11.35;11.49;9.03;9.24;9.24;22915;;6583986
XFOR;12442274;2026-02-23;3.12;3.25;3.10;3.16;3.16;251786;;87436688
XGN;1251651;2026-02-23;3.42;3.83;3.20;3.70;3.70;625619;;22663099
XHR;983818;2026-02-23;16.18;16.18;15.77;15.92;15.92;785154;;94805748
XHUA;662912;2026-02-23;0.00;0.00;0.00;0.00;0.00;0;;499911
XITO;13714921;2026-02-23;0.04;0.04;0.04;0.04;0.04;0;;760250000
XL;12444263;2018-09-13;57.59;57.59;57.59;57.59;57.59;0;0.22;
XLNX;396684;2022-02-14;194.92;194.92;194.92;194.92;194.92;353;;245840000
XLO;1872674;2026-02-23;0.55;0.56;0.53;0.55;0.55;203488;;52500328
XLRN;1291790;2021-11-22;178.75;178.75;178.75;178.75;178.75;0;;60549898
XM;10383310;2023-06-28;18.14;18.14;18.14;18.14;18.14;0;;599314127
XMTR;1262309;2026-02-23;56.04;57.45;52.18;57.15;57.15;1860695;;46123556
XNCR;781832;2026-02-23;11.39;11.79;11.23;11.57;11.57;539722;;71410469
XNET;18813910;2026-02-23;5.85;5.89;5.75;5.81;5.81;106243;;307351196
XOG_delisted;863612;2021-11-24;68.54;68.54;68.54;68.54;68.54;2;;25757478
XOM;121214;2026-02-23;148.15;151.27;148.13;150.76;150.76;15442664;;4166763453
XOMA;9075870;2026-02-23;25.54;26.24;24.83;25.32;25.32;86627;;12383103
XONE;823071;2026-02-23;49.60;49.60;49.59;49.60;49.60;56845;;22401254
XOS;11033988;2026-02-23;2.18;2.25;2.15;2.15;2.15;24124;;11334192
XOXO;651859;2018-12-21;34.99;34.99;34.99;34.99;34.99;0;;25927624
XP;18786339;2026-02-23;22.72;22.89;21.42;21.69;21.69;9861926;;434047695
XPDB;15071412;2024-03-14;19.16;20.79;16.20;19.40;19.40;18313;;17795678
XPEL;969955;2026-02-23;51.20;51.20;48.24;49.91;49.91;195338;;27640898
XPER;983817;2026-02-23;5.42;5.43;5.26;5.28;5.28;425846;;109510191
XPEV;3240027;2026-02-23;17.67;17.92;17.43;17.56;17.56;2307919;;1899177721
XPL;15394210;2026-02-23;0.76;0.77;0.74;0.76;0.76;218185;;90901324
XPO;364942;2026-02-23;207.53;208.16;200.81;201.18;201.18;1180007;;117147357
XPOF;11795048;2026-02-20;8.26;8.46;8.18;8.29;8.29;222888;;48907000
XPRO;6767535;2026-02-23;17.98;18.73;17.38;18.18;18.18;1910443;;113765561
XRAY;378126;2026-02-23;12.52;12.68;12.17;12.55;12.55;4717365;;199551969
XRX;378247;2026-02-23;1.85;1.85;1.74;1.76;1.76;4562249;;128040011
XSPY;734429;2019-09-05;0.09;0.09;0.09;0.09;0.09;0;;13501634
XTNT;11034241;2026-02-23;0.58;0.59;0.58;0.59;0.59;78394;;140004240
XXII;3241784;2026-02-23;5.55;5.78;4.80;4.80;4.80;28812;;466052
XYF;18151365;2026-02-23;4.98;4.98;4.78;4.80;4.80;190527;;250678439
XYL;124467;2026-02-23;127.77;129.53;127.01;127.26;127.26;1729028;;243469063
Y;449291;2022-10-28;847.79;847.79;847.79;847.79;847.79;0;;13837707
YAAS;19855653;2026-02-23;1.27;1.28;1.23;1.23;1.23;20284;;
YCQH;17598806;2026-02-23;1.20;1.20;1.20;1.20;1.20;0;;101400000
YELL;1136136;2026-02-23;0.03;0.03;0.03;0.03;0.03;1034;;52010000
YELP;440174;2026-02-23;21.02;21.03;20.10;20.20;20.20;1535727;;61491989
YETI;1234805;2026-02-23;47.28;47.30;44.56;45.21;45.21;1652540;;77808113
YEXT;795507;2026-02-23;5.51;5.54;5.36;5.44;5.44;3133463;;122626997
YGYI;858111;2023-12-06;0.01;0.01;0.01;0.01;0.01;0;;33975126
YHOO;257807;2017-06-26;52.58;52.58;52.58;52.58;52.58;0;;958198997
YI;18829760;2026-02-23;8.18;8.41;8.18;8.38;8.38;12303;;172877660
YJ;18813914;2026-02-23;1.38;1.45;1.37;1.39;1.39;4330;;
YMAB;11819090;2025-09-16;8.61;8.61;8.61;8.61;8.61;0;;45438420
YMM;18728560;2026-02-23;9.59;9.61;9.37;9.45;9.45;5182576;;20917884040
YNDX;1205993;2026-02-23;96.31;101.16;95.30;100.61;100.61;8850170;;235753600
YOGAQ;826179;2021-06-08;0.04;0.04;0.04;0.04;0.04;0;;17063972
YORW;998415;2026-02-23;32.84;33.68;32.84;33.05;33.05;64744;;14434680
YOSH;16261177;2026-02-23;0.26;0.26;0.21;0.22;0.22;351457;;5770340
YOTA;13511350;2026-02-23;2.00;2.00;2.00;2.00;2.00;0;;3682604
YOU;1334838;2026-02-23;34.00;34.01;32.49;32.73;32.73;2393779;;89569933
YOUL;19196750;2026-02-23;1.13;1.13;1.06;1.12;1.12;8165;;
YPF;18662210;2026-02-23;38.57;38.85;37.52;37.52;37.52;1163294;;393312793
YQ;18792168;2026-02-23;3.38;3.46;3.38;3.46;3.46;7899;;444312538
YS;16872320;2025-09-19;0.79;0.85;0.57;0.63;0.63;942216;;20766531
YSG;18765301;2026-02-23;4.13;4.30;4.13;4.23;4.23;52453;;2154119012
YSXT;19242687;2026-02-23;1.13;1.15;1.10;1.11;1.11;437668;;23437500
YTEN;11035607;2026-02-23;0.00;0.00;0.00;0.00;0.00;5;;657160
YTRA;16261175;2026-02-23;1.42;1.45;1.38;1.40;1.40;128957;;60219771
YUM;98663;2026-02-23;163.44;166.97;163.44;166.45;166.45;2542027;;276430130
YUMC;10383302;2026-02-23;54.98;56.51;54.36;55.19;55.19;1714386;;368718164
YUMM;14101628;2026-02-23;0.75;0.75;0.75;0.75;0.75;0;;449626500
YXT;18813912;2026-02-23;0.60;0.60;0.55;0.55;0.55;2226;;180226597
Z;647182;2026-02-23;44.86;45.76;42.59;42.83;42.83;4386425;;233629000
ZAGG;903954;2021-02-22;4.28;4.43;4.26;4.29;4.29;2735473;;29848506
ZAYO;694556;2020-03-11;34.99;34.99;34.99;34.99;34.99;0;;237615270
ZBH;378249;2026-02-23;98.69;99.58;98.13;99.46;99.46;1531975;;195652004
ZBRA;1167257;2026-02-23;252.32;253.20;230.00;231.32;231.32;1147616;;49191704
ZD;17663784;2026-02-23;31.34;31.48;29.46;29.55;29.55;719691;;
ZDGE;372279;2026-02-23;3.20;3.35;3.04;3.07;3.07;62823;;13010106
ZEN;747270;2022-11-21;77.48;77.49;77.47;77.48;77.48;3638435;;123576000
ZEPP;18810354;2026-02-23;21.27;23.28;21.27;22.80;22.80;54024;;231984611
ZETA;1314576;2026-02-23;15.87;15.95;14.68;14.98;14.98;10433618;;237447961
ZEUS;815280;2026-02-23;47.86;47.86;47.86;47.86;47.86;0;;11197621
ZEV;11035375;2026-02-23;0.00;0.00;0.00;0.00;0.00;20;;11985
ZFOX;13511452;2024-05-13;1.14;1.14;1.14;1.14;1.14;0;;124843024
ZGN;18641365;2026-02-23;11.37;11.37;10.89;11.08;11.08;787452;;252503479
ZGNX;816789;2022-03-15;26.68;26.68;26.68;26.68;26.68;94;;55905000
ZH;18737384;2026-02-23;3.47;3.54;3.35;3.35;3.35;344316;;
ZHYBF;17894538;2026-02-23;0.00;0.00;0.00;0.00;0.00;0;;17709718
ZI;1205635;2026-02-23;6.33;6.35;5.97;6.03;6.03;11527072;;305294644
ZIM;18525398;2026-02-23;28.88;29.00;28.43;28.66;28.66;3764811;;120423333
ZIMV;10656616;2026-02-23;18.99;18.99;18.99;18.99;18.99;0;;28200941
ZINCQ;287827;2016-10-10;0.02;0.02;0.02;0.02;0.02;0;;60352479
ZION;378250;2026-02-23;62.18;62.58;58.92;59.30;59.30;2153957;;147641034
ZIP;10384225;2026-02-23;2.31;2.33;2.19;2.26;2.26;792682;;85559439
ZIVO;15204676;2026-02-20;10.00;10.00;10.00;10.00;10.00;167;;3888595
ZIXI;9076299;2021-12-23;8.48;8.48;8.48;8.48;8.48;0;;52535091
ZJYL;18201370;2026-02-23;0.15;0.15;0.14;0.14;0.14;59684;;156547100
ZKH;18749330;2026-02-23;3.65;3.67;3.53;3.57;3.57;16530;;5601860619
ZKIN;16682836;2026-02-23;1.30;1.36;1.30;1.35;1.35;2852;;6612308
ZLAB;10383623;2026-02-23;19.54;20.21;19.51;19.72;19.72;585658;;96481731
ZM;963384;2026-02-23;89.50;89.50;82.79;86.06;86.06;6016262;;296100969
ZNGA;418866;2022-09-08;8.18;8.18;8.18;8.18;8.18;50182;;1124900000
ZNOG;9076094;2026-02-23;0.41;0.41;0.40;0.41;0.41;2250680;;1142454656
ZNTE;1816642;2026-02-23;3.04;3.10;2.90;2.95;2.95;1379079;;348304584
ZNTL;11795126;2026-02-23;2.40;2.52;2.35;2.45;2.45;749022;;72250779
ZOM;1164823;2025-03-04;0.09;0.10;0.09;0.10;0.10;790936;;979949668
ZS;896477;2026-02-23;157.44;157.61;141.56;143.28;143.28;5715552;;159471208
ZTO;18749332;2026-02-23;25.28;25.41;24.96;25.26;25.26;2100253;;804821281
ZTS;378251;2026-02-23;126.75;127.89;124.42;125.79;125.79;3726884;;422127709
ZUMZ;45730;2026-02-20;25.91;27.11;25.80;26.77;26.77;192406;;16949578
ZUO;994625;2025-02-14;10.02;10.02;10.02;10.02;10.02;0;;153700000
ZUUS;11795314;2026-02-23;0.89;0.89;0.89;0.89;0.89;0;;105515460
ZVIA;11820271;2026-02-23;1.65;1.65;1.53;1.56;1.56;1163001;;75003989
ZVO;901866;2026-02-23;22.61;22.69;22.22;22.22;22.22;1665;;34211000
ZVRA;17663786;2026-02-23;8.78;9.06;8.57;8.70;8.70;507089;;
ZVSA;15464897;2026-02-23;0.26;0.26;0.23;0.23;0.23;64141;;8095921
ZWS;17663788;2026-02-23;50.74;50.74;49.35;49.93;49.93;503066;;
ZY;1243193;2022-11-02;2.43;2.43;2.43;2.43;2.43;85;;102608689
ZYBT;19189839;2026-02-23;0.90;0.95;0.82;0.86;0.86;5888;;45666376
ZYME;17663790;2026-02-23;22.48;23.39;21.93;22.99;22.99;468384;;57892785
ZYNE;901704;2023-10-11;1.30;1.30;1.30;1.30;1.30;0;;50150138
ZYXI;171401;2026-02-23;0.12;0.12;0.12;0.12;0.12;0;;30388635
