ticker,company_name,simfin_id,source,source_dataset_income,source_dataset_balance,source_dataset_shareprices,fetched_at_utc,report_date,publish_date,fiscal_year,fiscal_period,price_date,close,adj_close,volume,shares_outstanding_latest,shares_basic,shares_diluted,revenue,gross_profit,operating_income,net_income,net_income_common,total_assets,total_liabilities,total_equity,short_term_debt,long_term_debt,total_debt_simple,cash_and_equivalents,total_current_assets,total_current_liabilities,current_ratio_simple,eps_simple,pe_simple
MMM,3M CO,22219.0,simfin,us-income-quarterly,us-balance-quarterly,us-shareprices-latest,2026-04-15T23:13:34+00:00,2025-03-31,2025-04-22,2025.0,Q1,2026-04-13,152.79,152.79,2489292.0,526700000.0,543800000.0,547700000.0,5954000000.0,2476000000.0,1246000000.0,1116000000.0,1116000000.0,39951000000.0,35428000000.0,4523000000.0,1169000000.0,12307000000.0,13476000000.0,7024000000.0,15657000000.0,9451000000.0,1.6566500899375727,2.0376118312945044,74.98484139784945
AOS,Smith A O Corp,445771.0,simfin,us-income-quarterly,us-balance-quarterly,us-shareprices-latest,2026-04-15T23:13:34+00:00,2025-03-31,2025-04-29,2025.0,Q1,2026-04-14,66.93,66.93,1057482.0,25863159.0,143579588.0,144407720.0,963900000.0,375400000.0,182800000.0,136600000.0,136600000.0,3267700000.0,1412600000.0,1855100000.0,10000000.0,259800000.0,269800000.0,200200000.0,1422100000.0,882100000.0,1.6121754903072214,0.945932807470404,70.75555416983894
ABT,ABBOTT LABORATORIES,63877.0,simfin,us-income-quarterly,us-balance-quarterly,us-shareprices-latest,2026-04-15T23:13:34+00:00,2025-03-31,2025-04-30,2025.0,Q1,2026-04-14,101.05,101.05,11678969.0,1737682887.0,1739206000.0,1747220000.0,10358000000.0,5890000000.0,1693000000.0,1325000000.0,1325000000.0,81448000000.0,32384000000.0,49064000000.0,506000000.0,12736000000.0,13242000000.0,6844000000.0,23153000000.0,13004000000.0,1.7804521685635188,0.7583475463879763,133.25024981132074
ABBV,AbbVie Inc.,61199.0,simfin,us-income-quarterly,us-balance-quarterly,us-shareprices-latest,2026-04-15T23:13:34+00:00,2025-03-31,2025-05-09,2025.0,Q1,2026-04-14,210.26,210.26,6196410.0,1768169012.0,1768000000.0,1772000000.0,13343000000.0,9341000000.0,3981000000.0,1286000000.0,1286000000.0,136165000000.0,134703000000.0,1462000000.0,5362000000.0,64527000000.0,69889000000.0,5176000000.0,27675000000.0,36403000000.0,0.7602395406971952,0.7257336343115124,289.7206220839813
ACN,Accenture plc,61372.0,simfin,us-income-quarterly,us-balance-quarterly,us-shareprices-latest,2026-04-15T23:13:34+00:00,2025-02-28,2025-03-20,2025.0,Q2,2026-04-14,190.37,190.37,4479445.0,665442713.0,626824946.0,634211978.0,16659301000.0,4974988000.0,2244714000.0,1788075000.0,1788075000.0,59869756000.0,29687808000.0,30181948000.0,115179000.0,5042111000.0,5157290000.0,8495500000.0,25449213000.0,19043423000.0,1.3363780765674322,2.8193649158736007,67.52229870215736
ADBE,Adobe Systems,14099.0,simfin,us-income-quarterly,us-balance-quarterly,us-shareprices-latest,2026-04-15T23:13:34+00:00,2025-02-28,2025-03-26,2025.0,Q1,2026-04-13,240.11,240.11,6083938.0,404200000.0,436000000.0,438000000.0,5714000000.0,5092000000.0,2163000000.0,1811000000.0,1811000000.0,29955000000.0,16860000000.0,13095000000.0,,6155000000.0,6155000000.0,7435000000.0,10855000000.0,9799000000.0,1.107766098581488,4.134703196347032,58.07188293760354
AMD,ADVANCED MICRO DEVICES INC,191397.0,simfin,us-income-quarterly,us-balance-quarterly,us-shareprices-latest,2026-04-15T23:13:34+00:00,2025-03-31,2025-05-07,2025.0,Q1,2026-04-14,255.07,255.07,25366933.0,1630410843.0,1620000000.0,1626000000.0,7438000000.0,3736000000.0,806000000.0,709000000.0,709000000.0,71550000000.0,13669000000.0,57881000000.0,947000000.0,3217000000.0,4164000000.0,7310000000.0,21595000000.0,7703000000.0,2.8034532000519277,0.4360393603936039,584.9701269393512
AES,AES CORP,62329.0,simfin,,,us-shareprices-latest,2026-04-15T23:13:34+00:00,,,,,2026-04-14,14.4,14.4,6774965.0,712558860.0,,,,,,,,,,,,,0.0,,,,,,
AFL,AFLAC INC,62581.0,simfin,,,us-shareprices-latest,2026-04-15T23:13:34+00:00,,,,,2026-04-14,111.94,111.94,1574116.0,516369452.0,,,,,,,,,,,,,0.0,,,,,,
A,AGILENT TECHNOLOGIES INC,45846.0,simfin,us-income-quarterly,us-balance-quarterly,us-shareprices-latest,2026-04-15T23:13:34+00:00,2025-01-31,2025-03-03,2025.0,Q1,2026-04-14,120.39,120.39,2550275.0,282602317.0,285000000.0,287000000.0,1681000000.0,899000000.0,376000000.0,318000000.0,318000000.0,11914000000.0,5887000000.0,6027000000.0,16000000.0,3347000000.0,3363000000.0,1467000000.0,4107000000.0,1869000000.0,2.197431781701445,1.10801393728223,108.6538679245283
APD,AIR PRODUCTS & CHEMICALS INC /DE/,185217.0,simfin,us-income-annual,us-balance-annual,us-shareprices-latest,2026-04-15T23:13:34+00:00,2024-09-30,2024-11-21,2024.0,FY,2026-04-14,296.63,296.63,970136.0,222656008.0,222500000.0,222800000.0,12100600000.0,3931900000.0,2832300000.0,3828200000.0,3828200000.0,39574600000.0,20900900000.0,18673700000.0,694900000.0,13533000000.0,14227900000.0,2984700000.0,7583200000.0,4179600000.0,1.8143363001244137,17.18222621184919,17.26376991797712
ABNB,"Airbnb, Inc.",1214552.0,simfin,us-income-quarterly,us-balance-quarterly,us-shareprices-latest,2026-04-15T23:13:34+00:00,2025-03-31,2025-05-01,2025.0,Q1,2026-04-14,133.85,133.85,3112379.0,635000000.0,635000000.0,665000000.0,2272000000.0,1766000000.0,38000000.0,154000000.0,154000000.0,25056000000.0,17119000000.0,7937000000.0,1996000000.0,,1996000000.0,11492000000.0,21295000000.0,16730000000.0,1.2728631201434548,0.23157894736842105,577.9886363636364
AKAM,AKAMAI TECHNOLOGIES INC,69211.0,simfin,us-income-quarterly,us-balance-quarterly,us-shareprices-latest,2026-04-15T23:13:34+00:00,2025-03-31,2025-05-09,2025.0,Q1,2026-04-14,88.84,88.84,8640849.0,144888114.0,149052000.0,151064000.0,1015139000.0,596194000.0,154944000.0,123171000.0,123171000.0,9982190000.0,5397629000.0,4584561000.0,,3547714000.0,3547714000.0,1344250000.0,2397991000.0,626348000.0,3.828528230312861,0.8153564052322194,108.95848665676175
ALB,ALBEMARLE CORP,132877.0,simfin,us-income-quarterly,us-balance-quarterly,us-shareprices-latest,2026-04-15T23:13:34+00:00,2025-03-31,2025-04-30,2025.0,Q1,2026-04-14,189.86,189.86,1803544.0,117847220.0,117603000.0,117603000.0,1076881000.0,156299000.0,18698000.0,41348000.0,41348000.0,16999258000.0,6724916000.0,10274342000.0,410477000.0,3128655000.0,3539132000.0,1518511000.0,4107282000.0,1944393000.0,2.1123723444797426,0.35158967033153915,540.0044882461062
ARE,Alexandria Real Estate Equities Inc,445788.0,simfin,us-income-quarterly,us-balance-quarterly,us-shareprices-latest,2026-04-15T23:13:34+00:00,2025-03-31,2025-04-28,2025.0,Q1,2026-04-14,45.39,45.39,2769080.0,173300361.0,170522000.0,170522000.0,758158000.0,531763000.0,159026000.0,-8939000.0,-11599000.0,37600428000.0,15600870000.0,21999558000.0,150807000.0,12940027000.0,13090834000.0,476430000.0,490629000.0,2660843000.0,0.1843885565589552,-0.06802054866820703,-667.298351582033
ALGN,Align Technology Inc,445691.0,simfin,us-income-quarterly,us-balance-quarterly,us-shareprices-latest,2026-04-15T23:13:34+00:00,2025-03-31,2025-05-08,2025.0,Q1,2026-04-14,184.69,184.69,879281.0,71282132.0,73562000.0,73615000.0,979262000.0,680108000.0,135278000.0,93230000.0,93230000.0,6102820000.0,2308577000.0,3794243000.0,,,0.0,873012000.0,2402029000.0,2090729000.0,1.1488954331240442,1.2664538477212524,145.83239676069937
ALLE,Allegion plc,69109.0,simfin,us-income-quarterly,us-balance-quarterly,us-shareprices-latest,2026-04-15T23:13:34+00:00,2025-03-31,2025-04-24,2025.0,Q1,2026-04-14,147.02,147.02,522457.0,86145484.0,86300000.0,86700000.0,941900000.0,422500000.0,196400000.0,148200000.0,148200000.0,4564100000.0,2957200000.0,1606900000.0,25000000.0,1972000000.0,1997000000.0,494500000.0,1461700000.0,672400000.0,2.1738548483045808,1.7093425605536332,86.00967611336033
LNT,ALLIANT ENERGY CORP,119577.0,simfin,us-income-annual,us-balance-annual,us-shareprices-latest,2026-04-15T23:13:34+00:00,2024-12-31,2025-02-21,2024.0,FY,2026-04-14,72.3,72.3,1456533.0,257140829.0,256500000.0,256800000.0,3981000000.0,2516000000.0,946000000.0,690000000.0,690000000.0,22714000000.0,15710000000.0,7004000000.0,1729000000.0,8677000000.0,10406000000.0,81000000.0,1184000000.0,2715000000.0,0.43609576427255986,2.6869158878504673,26.908173913043477
ALL,ALLSTATE CORP,68840.0,simfin,,,us-shareprices-latest,2026-04-15T23:13:34+00:00,,,,,2026-04-14,214.88,214.88,1114739.0,259535842.0,,,,,,,,,,,,,0.0,,,,,,
GOOGL,,,simfin,,,us-shareprices-latest,2026-04-15T23:13:34+00:00,,,,,,,,,,,,,,,,,,,,,,0.0,,,,,,
GOOG,Alphabet (Google),18.0,simfin,us-income-quarterly,us-balance-quarterly,us-shareprices-latest,2026-04-15T23:13:34+00:00,2025-03-31,2025-04-25,2025.0,Q1,2026-04-13,319.21,319.21,12141562.0,12581000000.0,12581000000.0,12696000000.0,90234000000.0,53873000000.0,30606000000.0,34540000000.0,34540000000.0,475374000000.0,130107000000.0,345267000000.0,,10886000000.0,10886000000.0,95328000000.0,162052000000.0,91654000000.0,1.7680843171056364,2.7205419029615627,117.33324145917776
MO,"ALTRIA GROUP, INC.",133574.0,simfin,us-income-annual,us-balance-annual,us-shareprices-latest,2026-04-15T23:13:34+00:00,2023-12-31,2024-02-27,2023.0,FY,2026-04-14,65.62,65.62,8934457.0,1671898087.0,1777000000.0,1777000000.0,24483000000.0,18265000000.0,11547000000.0,8130000000.0,8130000000.0,38570000000.0,42060000000.0,-3490000000.0,1121000000.0,25112000000.0,26233000000.0,3686000000.0,5585000000.0,11319000000.0,0.493418146479371,4.57512661789533,14.342772447724476
AMZN,AMAZON COM INC,62747.0,simfin,us-income-quarterly,us-balance-quarterly,us-shareprices-latest,2026-04-15T23:13:34+00:00,2025-03-31,2025-05-02,2025.0,Q1,2026-04-14,249.02,249.02,72313050.0,10734920870.0,10603000000.0,10793000000.0,155667000000.0,78691000000.0,18405000000.0,17127000000.0,17127000000.0,643256000000.0,337389000000.0,305867000000.0,,53374000000.0,53374000000.0,94565000000.0,184645000000.0,176171000000.0,1.0481009927854188,1.5868618549059577,156.92607345127576
AMCR,Amcor plc,6475603.0,simfin,us-income-quarterly,us-balance-quarterly,us-shareprices-latest,2026-04-15T23:13:34+00:00,2025-03-31,2025-05-01,2025.0,Q3,2026-04-14,41.01,41.01,3524529.0,462045690.0,288600000.0,289200000.0,3333000000.0,654000000.0,324000000.0,196000000.0,196000000.0,18042000000.0,14183000000.0,3859000000.0,159000000.0,8638000000.0,8797000000.0,2045000000.0,6702000000.0,3940000000.0,1.701015228426396,0.677731673582296,60.51067346938775
AEE,AMEREN CORP,68703.0,simfin,us-income-quarterly,us-balance-quarterly,us-shareprices-latest,2026-04-15T23:13:34+00:00,2025-03-31,2025-05-05,2025.0,Q1,2026-04-14,111.86,111.86,1011504.0,276424515.0,270000000.0,271400000.0,2097000000.0,1426000000.0,430000000.0,289000000.0,289000000.0,45665000000.0,33317000000.0,12348000000.0,1269000000.0,18354000000.0,19623000000.0,23000000.0,2455000000.0,2863000000.0,0.857492141110723,1.0648489314664702,105.04776470588234
AEP,AMERICAN ELECTRIC POWER CO INC,66050.0,simfin,us-income-quarterly,us-balance-quarterly,us-shareprices-latest,2026-04-15T23:13:34+00:00,2024-09-30,2024-11-06,2024.0,Q3,2026-04-14,135.46,135.46,3155175.0,540861473.0,532208876.0,533600842.0,5420100000.0,3760900000.0,1351500000.0,959600000.0,959600000.0,100119100000.0,73394500000.0,26724600000.0,,39147700000.0,39147700000.0,245800000.0,6020800000.0,10647600000.0,0.565460761110485,1.7983479868646834,75.32468742947061
AXP,AMERICAN EXPRESS CO,413080.0,simfin,,,us-shareprices-latest,2026-04-15T23:13:34+00:00,,,,,2026-04-14,326.96,326.96,2169815.0,686614005.0,,,,,,,,,,,,,0.0,,,,,,
AIG,AMERICAN INTERNATIONAL GROUP INC,251769.0,simfin,,,us-shareprices-latest,2026-04-15T23:13:34+00:00,,,,,2026-04-14,77.02,77.02,3477375.0,536559663.0,,,,,,,,,,,,,0.0,,,,,,
AMT,AMERICAN TOWER CORP /MA/,68339.0,simfin,us-income-annual,us-balance-annual,us-shareprices-latest,2026-04-15T23:13:34+00:00,2021-12-31,2022-02-25,2021.0,FY,2026-04-14,176.41,176.41,2701613.0,466084820.0,455224000.0,456977000.0,9356900000.0,6674900000.0,3132000000.0,2567700000.0,2567700000.0,69887900000.0,60818300000.0,9069600000.0,4568700000.0,38685500000.0,43254200000.0,1949900000.0,3729400000.0,9067300000.0,0.41130215168793355,5.618882350752883,31.395923421739298
AWK,"American Water Works Company, Inc.",168302.0,simfin,us-income-annual,us-balance-annual,us-shareprices-latest,2026-04-15T23:13:34+00:00,2024-12-31,2025-02-19,2024.0,FY,2026-04-14,133.39,133.39,1880183.0,195208666.0,195000000.0,195000000.0,4684000000.0,,1718000000.0,1051000000.0,1051000000.0,32830000000.0,22498000000.0,10335000000.0,1516000000.0,12521000000.0,14037000000.0,96000000.0,1215000000.0,3150000000.0,0.38571428571428573,5.38974358974359,24.748858230256893
AMP,AMERIPRISE FINANCIAL INC,67872.0,simfin,us-income-quarterly,us-balance-quarterly,us-shareprices-latest,2026-04-15T23:13:34+00:00,2025-03-31,2025-05-02,2025.0,Q1,2026-04-14,461.99,461.99,509208.0,92905713.0,98500000.0,100000000.0,4481000000.0,,1511000000.0,583000000.0,583000000.0,179059000000.0,173633000000.0,5426000000.0,201000000.0,5976000000.0,6177000000.0,10360000000.0,87711000000.0,157227000000.0,0.5578621992405884,5.83,79.24356775300171
AME,AMETEK INC/,67669.0,simfin,us-income-quarterly,us-balance-quarterly,us-shareprices-latest,2026-04-15T23:13:34+00:00,2025-03-31,2025-05-01,2025.0,Q1,2026-04-14,234.36,234.36,1003391.0,228977202.0,230668000.0,231542000.0,1731971000.0,625000000.0,454829000.0,351758000.0,351758000.0,14877096000.0,4907150000.0,9969946000.0,471521000.0,1459445000.0,1930966000.0,399001000.0,2760796000.0,1962559000.0,1.4067327402641143,1.5191973810367017,154.26566878365242
AMGN,AMGEN INC,65735.0,simfin,us-income-quarterly,us-balance-quarterly,us-shareprices-latest,2026-04-15T23:13:34+00:00,2025-03-31,2025-05-02,2025.0,Q1,2026-04-14,350.95,350.95,2106396.0,539067675.0,538000000.0,541000000.0,8149000000.0,5181000000.0,1178000000.0,1730000000.0,1730000000.0,89367000000.0,83160000000.0,6207000000.0,3368000000.0,54013000000.0,57381000000.0,8810000000.0,26929000000.0,23008000000.0,1.1704189847009736,3.1977818853974123,109.7479479768786
APH,AMPHENOL CORP /DE/,65820.0,simfin,us-income-quarterly,us-balance-quarterly,us-shareprices-latest,2026-04-15T23:13:34+00:00,2025-03-31,2025-04-25,2025.0,Q1,2026-04-14,148.72,148.72,8184561.0,1229214930.0,1209800000.0,1266200000.0,4811000000.0,1644000000.0,1068800000.0,737800000.0,737800000.0,22902100000.0,12529700000.0,10372400000.0,350800000.0,6816100000.0,7166900000.0,1671700000.0,9133200000.0,4591000000.0,1.9893705075147026,0.582688358869057,255.23077256709135
ADI,ANALOG DEVICES INC,65917.0,simfin,us-income-quarterly,us-balance-quarterly,us-shareprices-latest,2026-04-15T23:13:34+00:00,2025-01-31,2025-02-19,2025.0,Q1,2026-04-14,348.6,348.6,2300493.0,488204157.0,496116000.0,498668000.0,2423174000.0,1430303000.0,555200000.0,391316000.0,391316000.0,47967546000.0,12897011000.0,35070535000.0,948258000.0,6618556000.0,7566814000.0,2721454000.0,5733076000.0,2970996000.0,1.9296814940174944,0.7847225007419766,444.233470647763
AON,Aon plc,67471.0,simfin,us-income-quarterly,us-balance-quarterly,us-shareprices-latest,2026-04-15T23:13:34+00:00,2025-03-31,2025-04-25,2025.0,Q1,2026-04-14,323.02,323.02,1201604.0,214254496.0,216400000.0,217900000.0,4729000000.0,2398000000.0,1660000000.0,965000000.0,965000000.0,50304000000.0,43030000000.0,7272000000.0,1348000000.0,16284000000.0,17632000000.0,1330000000.0,24414000000.0,23333000000.0,1.0463292332747611,4.4286369894446995,72.93892020725389
APA,APACHE CORP,254576.0,simfin,us-income-quarterly,us-balance-quarterly,us-shareprices-latest,2026-04-15T23:13:34+00:00,2024-06-30,2024-08-02,2024.0,Q2,2026-04-14,37.03,37.03,7769601.0,1000.0,308000000.0,308000000.0,1893000000.0,1441000000.0,815000000.0,464000000.0,464000000.0,17285000000.0,10809000000.0,6476000000.0,2000000.0,4814000000.0,4816000000.0,151000000.0,3208000000.0,2115000000.0,1.5167848699763593,1.5064935064935066,24.580258620689655
APO,Apollo Global Management LLC,817726.0,simfin,us-income-annual,us-balance-annual,us-shareprices-latest,2026-04-15T23:13:34+00:00,2022-12-31,2023-03-01,2022.0,FY,2026-04-14,114.82,114.82,5984439.0,579000000.0,584300000.0,584300000.0,3551356000.0,1608167000.0,960108000.0,933867000.0,897211000.0,13793947000.0,9295046000.0,4498901000.0,,2864107000.0,2864107000.0,9325364000.0,11130056000.0,3445291000.0,3.2305126040151615,1.5355314051001199,74.77541626217244
AAPL,APPLE INC,111052.0,simfin,us-income-quarterly,us-balance-quarterly,us-shareprices-latest,2026-04-15T23:13:34+00:00,2025-03-31,2025-05-02,2025.0,Q2,2026-04-14,258.83,258.83,46952470.0,14681140000.0,14994082000.0,15056133000.0,95359000000.0,44867000000.0,29589000000.0,24780000000.0,24780000000.0,331233000000.0,264437000000.0,66796000000.0,5982000000.0,92204000000.0,98186000000.0,48498000000.0,118674000000.0,130933000000.0,0.9063719612320805,1.6458409340565734,157.2630712021792
AMAT,APPLIED MATERIALS INC /DE,67102.0,simfin,us-income-quarterly,us-balance-quarterly,us-shareprices-latest,2026-04-15T23:13:34+00:00,2025-01-31,2025-02-20,2025.0,Q1,2026-04-14,395.64,395.64,5290954.0,793609867.0,814000000.0,819000000.0,7166000000.0,3496000000.0,2175000000.0,1185000000.0,1185000000.0,33338000000.0,14713000000.0,18625000000.0,799000000.0,5461000000.0,6260000000.0,8213000000.0,20694000000.0,8420000000.0,2.4577197149643704,1.4468864468864469,273.4423291139241
APP,AppLovin Corporation,10383326.0,simfin,us-income-quarterly,us-balance-quarterly,us-shareprices-latest,2026-04-15T23:13:34+00:00,2025-03-31,2025-05-07,2025.0,Q1,2026-04-14,433.51,433.51,3136246.0,337278000.0,339837238.0,344877542.0,1484021000.0,1212789000.0,852414000.0,576419000.0,576275000.0,5706701000.0,5131280000.0,575421000.0,200000000.0,3509964000.0,3709964000.0,551024000.0,2367334000.0,1409224000.0,1.679884816040601,1.670955425679762,259.43839873744304
APTV,Aptiv PLC,378125.0,simfin,us-income-quarterly,us-balance-quarterly,us-shareprices-latest,2026-04-15T23:13:34+00:00,2025-03-31,2025-05-01,2025.0,Q1,2026-04-14,59.07,59.07,2919019.0,212748401.0,230160000.0,230530000.0,4825000000.0,920000000.0,485000000.0,-11000000.0,-11000000.0,23102000000.0,13848000000.0,9254000000.0,241000000.0,7646000000.0,7887000000.0,1100000000.0,7738000000.0,4794000000.0,1.6141009595327493,-0.04771613239057823,-1237.9461000000001
ACGL,Arch Capital Group LTD,445596.0,simfin,,,us-shareprices-latest,2026-04-15T23:13:34+00:00,,,,,2026-04-14,96.2,96.2,1838459.0,355803320.0,,,,,,,,,,,,,0.0,,,,,,
ADM,ARCHER DANIELS MIDLAND CO,66997.0,simfin,us-income-quarterly,us-balance-quarterly,us-shareprices-latest,2026-04-15T23:13:34+00:00,2025-03-31,2025-05-06,2025.0,Q1,2026-04-14,68.84,68.84,2806926.0,481201844.0,483000000.0,483000000.0,20175000000.0,1180000000.0,248000000.0,295000000.0,295000000.0,53402000000.0,31020000000.0,22382000000.0,3469000000.0,7596000000.0,11065000000.0,897000000.0,27882000000.0,20171000000.0,1.382281493232859,0.6107660455486542,112.71091525423729
ARES,Ares Management Corporation,10383304.0,simfin,us-income-annual,us-balance-annual,us-shareprices-latest,2026-04-15T23:13:34+00:00,2020-12-31,2021-02-25,2020.0,FY,2026-04-14,112.61,112.61,4039865.0,182999515.0,135065436.0,149508498.0,1764046000.0,,333679000.0,296400000.0,152142000.0,15168992000.0,12697218000.0,2471774000.0,,764907000.0,764907000.0,1062189000.0,3895909000.0,1873869000.0,2.0790722297022897,1.017614396741515,110.66077716725165
ANET,"Arista Networks, Inc.",536189.0,simfin,us-income-quarterly,us-balance-quarterly,us-shareprices-latest,2026-04-15T23:13:34+00:00,2025-03-31,2025-05-07,2025.0,Q1,2026-04-14,154.37,154.37,7043339.0,1256537906.0,1260000000.0,1279200000.0,2004800000.0,1276100000.0,858800000.0,813800000.0,813800000.0,14514600000.0,4395500000.0,10119100000.0,,,0.0,8149600000.0,12276300000.0,3121600000.0,3.93269477191184,0.6361788617886179,242.65188498402554
AJG,GALLAGHER ARTHUR J & CO,66898.0,simfin,us-income-quarterly,us-balance-quarterly,us-shareprices-latest,2026-04-15T23:13:34+00:00,2025-03-31,2025-05-02,2025.0,Q1,2026-04-14,219.91,219.91,1123671.0,257100000.0,254800000.0,254800000.0,3727400000.0,,1046900000.0,704400000.0,704400000.0,74095700000.0,51742000000.0,22353700000.0,515000000.0,12419800000.0,12934800000.0,16691800000.0,53439100000.0,37036000000.0,1.4428961010908306,2.7645211930926217,79.54722884724588
AIZ,ASSURANT INC,66661.0,simfin,,,us-shareprices-latest,2026-04-15T23:13:34+00:00,,,,,2026-04-14,222.27,222.27,266011.0,49699769.0,,,,,,,,,,,,,0.0,,,,,,
T,AT&T INC.,66790.0,simfin,us-income-annual,us-balance-annual,us-shareprices-latest,2026-04-15T23:13:34+00:00,2024-12-31,2025-02-12,2024.0,FY,2026-04-14,25.62,25.62,39408681.0,7000577201.0,7199000000.0,7204000000.0,122336000000.0,95364000000.0,24124000000.0,10948000000.0,10746000000.0,394795000000.0,274570000000.0,120225000000.0,5089000000.0,118443000000.0,123532000000.0,3298000000.0,31168000000.0,46872000000.0,0.6649598907663424,1.491671293725708,17.17536571747627
ATO,Atmos Energy Corp,445830.0,simfin,us-income-quarterly,us-balance-quarterly,us-shareprices-latest,2026-04-15T23:13:34+00:00,2025-03-31,2025-05-07,2025.0,Q2,2026-04-14,188.16,188.16,494815.0,165438946.0,159177000.0,160426000.0,1950502000.0,1171269000.0,628939000.0,485576000.0,485576000.0,26980381000.0,13842416000.0,13137965000.0,20130000.0,8486334000.0,8506464000.0,545120000.0,1591283000.0,1725796000.0,0.9220574158243501,3.026791168513832,62.16484373198016
ADSK,AUTODESK INC,185035.0,simfin,us-income-annual,us-balance-annual,us-shareprices-latest,2026-04-15T23:13:34+00:00,2025-01-31,2025-03-06,2024.0,FY,2026-04-14,228.59,228.59,1759846.0,211000000.0,215000000.0,217000000.0,6131000000.0,5553000000.0,1369000000.0,1112000000.0,1112000000.0,10833000000.0,8212000000.0,2621000000.0,300000000.0,1987000000.0,2287000000.0,1886000000.0,3482000000.0,5093000000.0,0.6836834871392107,5.124423963133641,44.60794064748202
ADP,AUTOMATIC DATA PROCESSING INC,591496.0,simfin,us-income-quarterly,us-balance-quarterly,us-shareprices-latest,2026-04-15T23:13:34+00:00,2025-03-31,2025-05-01,2025.0,Q3,2026-04-14,195.08,195.08,2392966.0,402644364.0,406900000.0,408500000.0,5553000000.0,3018300000.0,1633000000.0,1249500000.0,1249500000.0,56448600000.0,50593300000.0,5855300000.0,1000700000.0,2982500000.0,3983200000.0,2680600000.0,46536800000.0,45845400000.0,1.0150811204613768,3.05875152998776,63.77765506202482
AZO,AUTOZONE INC,58197.0,simfin,us-income-quarterly,us-balance-quarterly,us-shareprices-latest,2026-04-15T23:13:34+00:00,2025-02-28,2025-03-21,2025.0,Q2,2026-04-14,3508.5,3508.5,188326.0,16476820.0,16788000.0,17245000.0,3952012000.0,2128401000.0,706767000.0,487923000.0,487923000.0,18116279000.0,22574052000.0,-4457773000.0,,9052099000.0,9052099000.0,300905000.0,7802598000.0,9267357000.0,0.8419442565987261,28.293592345607422,124.00334171580351
AVB,AVALONBAY COMMUNITIES INC,66223.0,simfin,us-income-quarterly,us-balance-quarterly,us-shareprices-latest,2026-04-15T23:13:34+00:00,2025-03-31,2025-05-08,2025.0,Q1,2026-04-14,171.0,171.0,739948.0,140083473.0,142113283.0,142486558.0,745880000.0,,239351000.0,236597000.0,236597000.0,21215714000.0,9299431000.0,11916283000.0,942830000.0,7360607000.0,8303437000.0,53255000.0,612584000.0,1703735000.0,0.3595535690703073,1.6604864579576692,102.98186966867712
AVY,Avery Dennison Corp,66346.0,simfin,us-income-quarterly,us-balance-quarterly,us-shareprices-latest,2026-04-15T23:13:34+00:00,2025-03-31,2025-04-29,2025.0,Q1,2026-04-14,170.85,170.85,396956.0,76877940.0,79200000.0,79400000.0,2148300000.0,621500000.0,274500000.0,166300000.0,166300000.0,8354700000.0,6184200000.0,2170500000.0,877500000.0,2581600000.0,3459100000.0,195900000.0,3030400000.0,2952800000.0,1.0262801408832294,2.0944584382871536,81.5723992784125
AXON,"AXON ENTERPRISE, INC.",493957.0,simfin,us-income-annual,us-balance-annual,us-shareprices-latest,2026-04-15T23:13:34+00:00,2022-12-31,2023-02-28,2022.0,FY,2026-04-14,380.86,380.86,1529738.0,80397675.0,71093000.0,72534000.0,1187143000.0,726113000.0,92973000.0,146930000.0,146930000.0,2851894000.0,1583403000.0,1268491000.0,,673967000.0,673967000.0,974693000.0,1805278000.0,602646000.0,2.995586131825317,2.025670719938236,188.01673749404478
BKR,Baker Hughes Company,679135.0,simfin,us-income-quarterly,us-balance-quarterly,us-shareprices-latest,2026-04-15T23:13:34+00:00,2025-03-31,2025-04-23,2025.0,Q1,2026-04-14,61.49,61.49,6366303.0,988236510.0,992000000.0,999000000.0,6427000000.0,1475000000.0,752000000.0,402000000.0,402000000.0,38110000000.0,20904000000.0,17206000000.0,55000000.0,5969000000.0,6024000000.0,3277000000.0,16841000000.0,12594000000.0,1.3372240749563284,0.4024024024024024,152.80723880597017
BALL,BALL CORP,247618.0,simfin,us-income-quarterly,us-balance-quarterly,us-shareprices-latest,2026-04-15T23:13:34+00:00,2025-03-31,2025-05-06,2025.0,Q1,2026-04-14,63.51,63.51,1886021.0,266077175.0,283292000.0,285067000.0,3097000000.0,604000000.0,305000000.0,179000000.0,179000000.0,18039000000.0,12470000000.0,5569000000.0,583000000.0,6134000000.0,6717000000.0,449000000.0,5040000000.0,4845000000.0,1.0402476780185759,0.6279225585564095,101.14304564245809
BAC,BANK OF AMERICA CORP /DE/,71941.0,simfin,,,us-shareprices-latest,2026-04-15T23:13:34+00:00,,,,,2026-04-14,53.35,53.35,38753708.0,7176682170.0,,,,,,,,,,,,,0.0,,,,,,
BAX,BAXTER INTERNATIONAL INC,254808.0,simfin,us-income-quarterly,us-balance-quarterly,us-shareprices-latest,2026-04-15T23:13:34+00:00,2025-03-31,2025-05-06,2025.0,Q1,2026-04-14,17.59,17.59,5729176.0,514490045.0,512000000.0,514000000.0,2625000000.0,861000000.0,58000000.0,126000000.0,126000000.0,21304000000.0,14250000000.0,7054000000.0,662000000.0,9412000000.0,10074000000.0,2294000000.0,7035000000.0,3481000000.0,2.0209709853490376,0.245136186770428,71.75603174603175
BDX,BECTON DICKINSON & CO,71373.0,simfin,us-income-quarterly,us-balance-quarterly,us-shareprices-latest,2026-04-15T23:13:34+00:00,2025-03-31,2025-05-01,2025.0,Q2,2026-04-14,155.73,155.73,2889565.0,362191581.0,365436696.0,366001464.0,5272000000.0,2257000000.0,637000000.0,308000000.0,308000000.0,54467000000.0,29226000000.0,25241000000.0,1604000000.0,17666000000.0,19270000000.0,683000000.0,8665000000.0,7691000000.0,1.12664152905994,0.8415266885380546,185.0565194438961
BRK.B,,,simfin,,,us-shareprices-latest,2026-04-15T23:13:34+00:00,,,,,,,,,,,,,,,,,,,,,,0.0,,,,,,
BBY,BEST BUY CO INC,71192.0,simfin,us-income-annual,us-balance-annual,us-shareprices-latest,2026-04-15T23:13:34+00:00,2025-01-31,2025-03-19,2024.0,FY,2026-04-14,62.06,62.06,2916104.0,209112577.0,215200000.0,216600000.0,41528000000.0,9385000000.0,1734000000.0,927000000.0,927000000.0,14782000000.0,11974000000.0,2808000000.0,10000000.0,1144000000.0,1154000000.0,1578000000.0,8224000000.0,8016000000.0,1.0259481037924152,4.2797783933518,14.50075080906149
TECH,BIO-TECHNE Corp,176917.0,simfin,us-income-quarterly,us-balance-quarterly,us-shareprices-latest,2026-04-15T23:13:34+00:00,2025-03-31,2025-05-08,2025.0,Q3,2026-04-14,58.66,58.66,2491399.0,156453292.0,157372000.0,158944000.0,316181000.0,214556000.0,38708000.0,22588000.0,22588000.0,2644259000.0,626234000.0,2018025000.0,,330000000.0,330000000.0,140670000.0,627240000.0,169204000.0,3.707004562539893,0.14211294543990335,412.7702780237294
BIIB,BIOGEN INC.,71079.0,simfin,us-income-quarterly,us-balance-quarterly,us-shareprices-latest,2026-04-15T23:13:34+00:00,2025-03-31,2025-05-01,2025.0,Q1,2026-04-14,178.96,178.96,1550555.0,146758528.0,146100000.0,146600000.0,2431000000.0,1801700000.0,795100000.0,240500000.0,240500000.0,28033100000.0,11054400000.0,16978700000.0,6297800000.0,,6297800000.0,2598300000.0,7626000000.0,9846100000.0,0.774519860655488,1.640518417462483,109.08746777546779
BLK,"BlackRock, Inc.",914.0,simfin,us-income-quarterly,us-balance-quarterly,us-shareprices-latest,2026-04-15T23:13:34+00:00,2024-06-30,2024-08-06,2024.0,Q2,2026-04-13,1023.65,1023.65,929368.0,148128478.0,148400000.0,149700000.0,4805000000.0,2912000000.0,1800000000.0,1495000000.0,1495000000.0,125271000000.0,83032000000.0,42239000000.0,,9857000000.0,9857000000.0,10228000000.0,73668000000.0,59051000000.0,1.2475317945504734,9.986639946559785,102.50194314381271
BX,Blackstone Group L.P.,498254.0,simfin,us-income-quarterly,us-balance-quarterly,us-shareprices-latest,2026-04-15T23:13:34+00:00,2025-03-31,2025-05-02,2025.0,Q1,2026-04-14,126.33,126.33,8505812.0,742180737.0,771796385.0,772434602.0,3289458000.0,1961177000.0,1616700000.0,614852000.0,614852000.0,45255629000.0,25390726000.0,19864903000.0,,,0.0,32646408000.0,39314644000.0,24453357000.0,1.6077401560857267,0.7959923058962084,158.70756421164768
XYZ,,,simfin,,,us-shareprices-latest,2026-04-15T23:13:34+00:00,,,,,,,,,,,,,,,,,,,,,,0.0,,,,,,
BK,Bank of New York Mellon Corp,467599.0,simfin,,,us-shareprices-latest,2026-04-15T23:13:34+00:00,,,,,2026-04-14,130.51,130.51,3659791.0,686907398.0,,,,,,,,,,,,,0.0,,,,,,
BA,BOEING CO,70844.0,simfin,us-income-quarterly,us-balance-quarterly,us-shareprices-latest,2026-04-15T23:13:34+00:00,2025-03-31,2025-04-23,2025.0,Q1,2026-04-14,223.77,223.77,4801355.0,785347096.0,753400000.0,753400000.0,19496000000.0,2417000000.0,461000000.0,-37000000.0,-123000000.0,156494000000.0,159819000000.0,-3325000000.0,7930000000.0,45688000000.0,53618000000.0,23674000000.0,127662000000.0,103654000000.0,1.2316167248731356,-0.16325988850544199,-1370.6367317073173
BKNG,Booking Holdings Inc.,261036.0,simfin,us-income-quarterly,us-balance-quarterly,us-shareprices-latest,2026-04-15T23:13:34+00:00,2025-03-31,2025-04-29,2025.0,Q1,2026-04-14,181.12,181.12,5494607.0,791833650.0,821125000.0,827325000.0,4762000000.0,,1094000000.0,333000000.0,333000000.0,27191000000.0,33303000000.0,-6112000000.0,655000000.0,15369000000.0,16024000000.0,15578000000.0,19950000000.0,16394000000.0,1.2169086251067465,0.4025020397062823,449.98529729729734
BSX,BOSTON SCIENTIFIC CORP,239516.0,simfin,us-income-quarterly,us-balance-quarterly,us-shareprices-latest,2026-04-15T23:13:34+00:00,2025-03-31,2025-05-01,2025.0,Q1,2026-04-14,63.82,63.82,11806315.0,1483885456.0,1477200000.0,1493100000.0,4663000000.0,3210000000.0,937000000.0,675000000.0,675000000.0,40140000000.0,17694000000.0,22445000000.0,777000000.0,10532000000.0,11309000000.0,725000000.0,7335000000.0,5058000000.0,1.4501779359430604,0.45207956600361665,141.16984
BMY,BRISTOL MYERS SQUIBB CO,255210.0,simfin,us-income-quarterly,us-balance-quarterly,us-shareprices-latest,2026-04-15T23:13:34+00:00,2025-03-31,2025-04-24,2025.0,Q1,2026-04-14,58.08,58.08,7567011.0,2036473705.0,2031000000.0,2040000000.0,11201000000.0,8168000000.0,3497000000.0,2455000000.0,2455000000.0,92426000000.0,74980000000.0,17447000000.0,3554000000.0,46157000000.0,49711000000.0,12126000000.0,31127000000.0,24070000000.0,1.2931865392604902,1.2034313725490196,48.26199592668024
AVGO,Broadcom Inc.,686523.0,simfin,us-income-quarterly,us-balance-quarterly,us-shareprices-latest,2026-04-15T23:13:34+00:00,2025-01-31,2025-03-12,2025.0,Q1,2026-04-13,379.75,379.75,23735494.0,4734668184.0,4695000000.0,4836000000.0,14916000000.0,11643000000.0,6446000000.0,5503000000.0,5503000000.0,165358000000.0,95569000000.0,69789000000.0,5653000000.0,60926000000.0,66579000000.0,9307000000.0,20990000000.0,20910000000.0,1.0038259206121474,1.1379239040529363,333.7217881155733
BR,"BROADRIDGE FINANCIAL SOLUTIONS, INC.",143497.0,simfin,us-income-quarterly,us-balance-quarterly,us-shareprices-latest,2026-04-15T23:13:34+00:00,2025-03-31,2025-05-01,2025.0,Q3,2026-04-14,158.61,158.61,1165860.0,116748715.0,117200000.0,118500000.0,1811700000.0,575800000.0,344900000.0,243200000.0,243200000.0,8299700000.0,5917300000.0,2382400000.0,,3433600000.0,3433600000.0,317200000.0,1665600000.0,1699100000.0,0.9802836795950798,2.052320675105485,77.28324424342107
BRO,BROWN & BROWN INC,245531.0,simfin,us-income-annual,us-balance-annual,us-shareprices-latest,2026-04-15T23:13:34+00:00,2024-12-31,2025-02-13,2024.0,FY,2026-04-14,66.54,66.54,1918970.0,340420023.0,282000000.0,284000000.0,4805000000.0,2399000000.0,1467000000.0,993000000.0,993000000.0,17612000000.0,11175000000.0,6437000000.0,225000000.0,3599000000.0,3824000000.0,675000000.0,6924000000.0,6314000000.0,1.096610706366804,3.4964788732394365,19.03057401812689
BF.B,,,simfin,,,us-shareprices-latest,2026-04-15T23:13:34+00:00,,,,,,,,,,,,,,,,,,,,,,0.0,,,,,,
BLDR,"Builders FirstSource, Inc.",826504.0,simfin,us-income-quarterly,us-balance-quarterly,us-shareprices-latest,2026-04-15T23:13:34+00:00,2025-03-31,2025-05-01,2025.0,Q1,2026-04-14,87.77,87.77,1197076.0,110605069.0,113675000.0,114339000.0,3657496000.0,1115241000.0,184441000.0,96304000.0,96304000.0,11447615000.0,7073455000.0,4374160000.0,7244000.0,4472260000.0,4479504000.0,115371000.0,3280405000.0,1801456000.0,1.8209742563792843,0.8422672928746971,104.20682453480644
BG,Bunge LTD,445920.0,simfin,us-income-quarterly,us-balance-quarterly,us-shareprices-latest,2026-04-15T23:13:34+00:00,2023-09-30,2023-10-26,2023.0,Q3,2026-04-14,122.33,122.33,1726307.0,149195908.0,149195908.0,151216856.0,14227000000.0,1045000000.0,598000000.0,373000000.0,373000000.0,25133000000.0,13987000000.0,11146000000.0,1532000000.0,4462000000.0,5994000000.0,2173000000.0,16624000000.0,8245000000.0,2.0162522741055184,2.466656230440342,49.59345306831099
BXP,BOSTON PROPERTIES INC,70579.0,simfin,us-income-annual,us-balance-annual,us-shareprices-latest,2026-04-15T23:13:34+00:00,2024-12-31,2025-02-27,2024.0,FY,2026-04-14,55.03,55.03,1590255.0,158629124.0,157468000.0,157793000.0,3407719000.0,2085593000.0,1021931000.0,14272000.0,14272000.0,26084980000.0,18137324000.0,7947656000.0,870885000.0,11443890000.0,12314775000.0,1254882000.0,1536375000.0,6114540000.0,0.251265835205919,0.09044761174450071,608.4184970571749
CHRW,C. H. Robinson Worldwide,378101.0,simfin,us-income-quarterly,us-balance-quarterly,us-shareprices-latest,2026-04-15T23:13:34+00:00,2025-03-31,2025-05-02,2025.0,Q1,2026-04-14,168.51,168.51,1578121.0,118620833.0,120969000.0,121932000.0,4046740000.0,673088000.0,176853000.0,135302000.0,135302000.0,5226114000.0,3491389000.0,1734725000.0,467854000.0,922087000.0,1389941000.0,129942000.0,2923725000.0,2263365000.0,1.291760277286253,1.1096512810418921,151.8585188689007
CDNS,CADENCE DESIGN SYSTEMS INC,107614.0,simfin,us-income-quarterly,us-balance-quarterly,us-shareprices-latest,2026-04-15T23:13:34+00:00,2025-03-31,2025-04-30,2025.0,Q1,2026-04-14,292.37,292.37,2149369.0,272651000.0,271973000.0,273631000.0,1242366000.0,1075233000.0,361411000.0,273579000.0,273579000.0,9013486000.0,4237229000.0,4776257000.0,,2477159000.0,2477159000.0,2777674000.0,3998087000.0,1300767000.0,3.073638091987266,0.999809963052432,292.4255716630297
CPT,Camden Property Trust,446323.0,simfin,us-income-quarterly,us-balance-quarterly,us-shareprices-latest,2026-04-15T23:13:34+00:00,2023-09-30,2023-10-27,2023.0,Q3,2026-04-14,101.78,101.78,1053222.0,103408210.0,108683000.0,108706000.0,391855000.0,251750000.0,83513000.0,47963000.0,47963000.0,9214464000.0,4279485000.0,4934979000.0,,3653128000.0,3653128000.0,14600000.0,26657000.0,451016000.0,0.05910433332742076,0.4412175960848527,230.67982986885724
CPB,CAMPBELL SOUP CO,249099.0,simfin,us-income-quarterly,us-balance-quarterly,us-shareprices-latest,2026-04-15T23:13:34+00:00,2025-01-31,2025-03-05,2025.0,Q2,2026-04-14,20.0,20.0,11234308.0,298134245.0,298000000.0,299000000.0,2685000000.0,819000000.0,332000000.0,173000000.0,173000000.0,15910000000.0,11998000000.0,3912000000.0,1179000000.0,6496000000.0,7675000000.0,829000000.0,3181000000.0,3413000000.0,0.9320246117784939,0.5785953177257525,34.56647398843931
COF,Capital One Financial,378103.0,simfin,,,us-shareprices-latest,2026-04-15T23:13:34+00:00,,,,,2026-04-14,199.84,199.84,3357508.0,621931593.0,,,,,,,,,,,,,0.0,,,,,,
CAH,CARDINAL HEALTH INC,159950.0,simfin,us-income-quarterly,us-balance-quarterly,us-shareprices-latest,2026-04-15T23:13:34+00:00,2025-03-31,2025-05-01,2025.0,Q3,2026-04-14,214.95,214.95,1361354.0,235316016.0,240000000.0,241000000.0,54878000000.0,2123000000.0,656000000.0,506000000.0,506000000.0,49871000000.0,51769000000.0,-1898000000.0,543000000.0,7136000000.0,7679000000.0,3326000000.0,34595000000.0,36662000000.0,0.9436200971032677,2.099585062240664,102.37737154150197
CCL,CARNIVAL CORP,288836.0,simfin,us-income-quarterly,us-balance-quarterly,us-shareprices-latest,2026-04-15T23:13:34+00:00,2025-02-28,2025-03-25,2025.0,Q1,2026-04-14,28.69,28.69,19986187.0,1236706612.0,1309000000.0,1232000000.0,5810000000.0,2902000000.0,542000000.0,-79000000.0,-79000000.0,48535000000.0,39352000000.0,9183000000.0,1531000000.0,25487000000.0,27018000000.0,833000000.0,2977000000.0,11578000000.0,0.25712558300224564,-0.06412337662337662,-447.4187341772152
CARR,Carrier Global Corp,1169063.0,simfin,us-income-quarterly,us-balance-quarterly,us-shareprices-latest,2026-04-15T23:13:34+00:00,2025-03-31,2025-05-01,2025.0,Q1,2026-04-14,64.66,64.66,4223001.0,835843882.0,866900000.0,878300000.0,5218000000.0,1445000000.0,563000000.0,410000000.0,410000000.0,36447000000.0,22249000000.0,14198000000.0,104000000.0,11080000000.0,11184000000.0,1698000000.0,8444000000.0,7011000000.0,1.2043930965625447,0.4668108846635546,138.51433658536584
CVNA,CARVANA CO.,717670.0,simfin,us-income-quarterly,us-balance-quarterly,us-shareprices-latest,2026-04-15T23:13:34+00:00,2025-03-31,2025-05-07,2025.0,Q1,2026-04-14,374.21,374.21,4786866.0,218845668.0,134058000.0,142587000.0,4232000000.0,929000000.0,394000000.0,216000000.0,216000000.0,8878000000.0,7105000000.0,1773000000.0,372000000.0,5269000000.0,5641000000.0,1858000000.0,5137000000.0,1347000000.0,3.81365998515219,1.5148646089755728,247.02537625
CAT,CATERPILLAR INC,253953.0,simfin,us-income-quarterly,us-balance-quarterly,us-shareprices-latest,2026-04-15T23:13:34+00:00,2025-03-31,2025-05-07,2025.0,Q1,2026-04-14,794.25,794.25,1813281.0,465287332.0,474900000.0,477100000.0,14249000000.0,5284000000.0,2905000000.0,2003000000.0,2003000000.0,84974000000.0,66904000000.0,18070000000.0,3454000000.0,17201000000.0,20655000000.0,3562000000.0,43019000000.0,32595000000.0,1.3198036508666973,4.198281282749948,189.18456065901148
CBOE,"CBOE Holdings, Inc.",120616.0,simfin,us-income-quarterly,us-balance-quarterly,us-shareprices-latest,2026-04-15T23:13:34+00:00,2025-03-31,2025-05-02,2025.0,Q1,2026-04-14,300.75,300.75,639293.0,104667696.0,104700000.0,105100000.0,1195000000.0,565200000.0,354100000.0,250600000.0,249400000.0,8667300000.0,4215200000.0,4452100000.0,,1441500000.0,1441500000.0,1153100000.0,3361900000.0,2097900000.0,1.602507269173936,2.3729781160799237,126.73947473937451
CBRE,CBRE Group,378105.0,simfin,us-income-quarterly,us-balance-quarterly,us-shareprices-latest,2026-04-15T23:13:34+00:00,2025-03-31,2025-04-24,2025.0,Q1,2026-04-14,147.07,147.07,1630636.0,295158554.0,300288602.0,302914671.0,8910000000.0,1645000000.0,276000000.0,163000000.0,163000000.0,26366000000.0,17362000000.0,9004000000.0,3442000000.0,3207000000.0,6649000000.0,1382000000.0,10831000000.0,10868000000.0,0.9965955097534045,0.5381053333002811,273.31080161944783
CDW,CDW Corp,683318.0,simfin,us-income-quarterly,us-balance-quarterly,us-shareprices-latest,2026-04-15T23:13:34+00:00,2025-03-31,2025-05-07,2025.0,Q1,2026-04-14,130.04,130.04,987417.0,128993588.0,132500000.0,133500000.0,5199100000.0,1122300000.0,361400000.0,224900000.0,224900000.0,15018500000.0,12695400000.0,2323100000.0,230600000.0,5622400000.0,5853000000.0,688100000.0,7651600000.0,5781500000.0,1.3234627691775491,1.6846441947565542,77.1913739439751
COR,"CENCORA, INC.",187024.0,simfin,us-income-annual,us-balance-annual,us-shareprices-latest,2026-04-15T23:13:34+00:00,2024-09-30,2024-11-26,2024.0,FY,2026-04-14,319.9,319.9,1081243.0,194530682.0,198503000.0,200284000.0,293958599000.0,9910029000.0,2929879000.0,1509120000.0,1509120000.0,67101667000.0,66314925000.0,786742000.0,576331000.0,3811745000.0,4388076000.0,3132648000.0,47717813000.0,58865751000.0,0.8106209840081714,7.53490044137325,42.455769985156905
CNC,Centene Corporation,378107.0,simfin,us-income-quarterly,us-balance-quarterly,us-shareprices-latest,2026-04-15T23:13:34+00:00,2025-03-31,2025-04-25,2025.0,Q1,2026-04-14,37.26,37.26,3013779.0,491771000.0,496214000.0,498180000.0,46620000000.0,9419000000.0,1534000000.0,1311000000.0,1311000000.0,87044000000.0,59025000000.0,28019000000.0,12000000.0,18308000000.0,18320000000.0,17287000000.0,41288000000.0,37143000000.0,1.1115957246318284,2.6315789473684212,14.158799999999998
CNP,CenterPoint Energy,378108.0,simfin,us-income-annual,us-balance-annual,us-shareprices-latest,2026-04-15T23:13:34+00:00,2024-12-31,2025-02-20,2024.0,FY,2026-04-14,42.9,42.9,3932697.0,652871584.0,643000000.0,644000000.0,8643000000.0,6925000000.0,1990000000.0,1019000000.0,1019000000.0,43768000000.0,33102000000.0,10666000000.0,566000000.0,20089000000.0,20655000000.0,585000000.0,4381000000.0,4045000000.0,1.0830655129789863,1.5822981366459627,27.112463199214915
CF,"CF Industries Holdings, Inc.",119051.0,simfin,us-income-quarterly,us-balance-quarterly,us-shareprices-latest,2026-04-15T23:13:34+00:00,2025-03-31,2025-05-08,2025.0,Q1,2026-04-14,118.96,118.96,3380190.0,153668821.0,168600000.0,168800000.0,1663000000.0,572000000.0,474000000.0,310000000.0,310000000.0,13308000000.0,6011000000.0,7297000000.0,,2972000000.0,2972000000.0,1406000000.0,2433000000.0,1656000000.0,1.4692028985507246,1.8364928909952607,64.77563870967741
CRL,CHARLES RIVER LABORATORIES INTERNATIONAL INC,187129.0,simfin,us-income-quarterly,us-balance-quarterly,us-shareprices-latest,2026-04-15T23:13:34+00:00,2025-03-31,2025-05-07,2025.0,Q1,2026-04-14,179.31,179.31,774572.0,49227800.0,50677000.0,50853000.0,984168000.0,317732000.0,74669000.0,25469000.0,25469000.0,7582366000.0,4340584000.0,3241782000.0,,2510754000.0,2510754000.0,229356000.0,1506358000.0,1051055000.0,1.433186655312995,0.5008357422374294,358.0215724999019
SCHW,Charles Schwab Corporation,378109.0,simfin,,,us-shareprices-latest,2026-04-15T23:13:34+00:00,,,,,2026-04-14,98.38,98.38,11566135.0,1813567665.0,,,,,,,,,,,,,0.0,,,,,,
CHTR,Charter Communications,378110.0,simfin,us-income-quarterly,us-balance-quarterly,us-shareprices-latest,2026-04-15T23:13:34+00:00,2025-03-31,2025-04-25,2025.0,Q1,2026-04-14,215.57,215.57,2428723.0,126631550.0,141591396.0,144574684.0,13735000000.0,,3237000000.0,1217000000.0,1217000000.0,150954000000.0,129238000000.0,21716000000.0,1799000000.0,91970000000.0,93769000000.0,796000000.0,4968000000.0,13672000000.0,0.3633703920421299,8.41779463962031,25.608845217649957
CVX,CHEVRON CORP,248396.0,simfin,us-income-quarterly,us-balance-quarterly,us-shareprices-latest,2026-04-15T23:13:34+00:00,2025-03-31,2025-05-08,2025.0,Q1,2026-04-14,187.02,187.02,12068106.0,1995385539.0,1744628000.0,1751441000.0,47610000000.0,19000000000.0,5806000000.0,3500000000.0,3500000000.0,256397000000.0,106317000000.0,150080000000.0,4076000000.0,25605000000.0,29681000000.0,4638000000.0,38602000000.0,35702000000.0,1.0812279424121898,1.99835449781066,93.58699880571429
CMG,CHIPOTLE MEXICAN GRILL INC,80874.0,simfin,us-income-quarterly,us-balance-quarterly,us-shareprices-latest,2026-04-15T23:13:34+00:00,2025-03-31,2025-04-24,2025.0,Q1,2026-04-14,34.92,34.92,8960769.0,1302423000.0,1354518000.0,1360719000.0,2875253000.0,1168783000.0,485418000.0,386599000.0,386599000.0,9044094000.0,5553222000.0,3490872000.0,,,0.0,725597000.0,972523000.0,1091538000.0,0.8909657748974383,0.28411376632500907,122.90851109288954
CB,Chubb Limited,378112.0,simfin,,,us-shareprices-latest,2026-04-15T23:13:34+00:00,,,,,2026-04-14,325.74,325.74,1255374.0,390156552.0,,,,,,,,,,,,,0.0,,,,,,
CHD,Church & Dwight,378113.0,simfin,us-income-quarterly,us-balance-quarterly,us-shareprices-latest,2026-04-15T23:13:34+00:00,2025-03-31,2025-05-01,2025.0,Q1,2026-04-14,95.53,95.53,2558126.0,236694241.0,245800000.0,248000000.0,1467100000.0,659600000.0,295300000.0,220100000.0,220100000.0,8955900000.0,4404900000.0,4551000000.0,,2205200000.0,2205200000.0,1074500000.0,2358800000.0,1208000000.0,1.9526490066225166,0.8875,107.63943661971831
CIEN,CIENA CORP,49697.0,simfin,us-income-quarterly,us-balance-quarterly,us-shareprices-latest,2026-04-15T23:13:34+00:00,2025-01-31,2025-03-12,2025.0,Q1,2026-04-14,467.19,467.19,3352201.0,141398427.0,142880000.0,145944000.0,1072260000.0,471821000.0,82207000.0,44572000.0,44572000.0,5572902000.0,2779523000.0,2793379000.0,11580000.0,1531084000.0,1542664000.0,1212069000.0,3491711000.0,943522000.0,3.7007202799722743,0.3054048128049115,1529.7401364085074
CI,CIGNA Corp.,378114.0,simfin,,,us-shareprices-latest,2026-04-15T23:13:34+00:00,,,,,2026-04-14,272.6,272.6,848714.0,263528277.0,,,,,,,,,,,,,0.0,,,,,,
CINF,CINCINNATI FINANCIAL CORP,248488.0,simfin,,,us-shareprices-latest,2026-04-15T23:13:34+00:00,,,,,2026-04-14,163.35,163.35,619154.0,155617576.0,,,,,,,,,,,,,0.0,,,,,,
CTAS,CINTAS CORP,331923.0,simfin,us-income-quarterly,us-balance-quarterly,us-shareprices-latest,2026-04-15T23:13:34+00:00,2025-02-28,2025-04-03,2025.0,Q3,2026-04-14,176.14,176.14,2061489.0,399889646.0,403769000.0,410307000.0,2609159000.0,1319341000.0,609853000.0,463497000.0,463497000.0,9611136000.0,5018888000.0,4592248000.0,449915000.0,2027477000.0,2477392000.0,243428000.0,3341428000.0,1941146000.0,1.721368717242289,1.1296346394285255,155.92652159560902
CSCO,"CISCO SYSTEMS, INC.",82202.0,simfin,us-income-quarterly,us-balance-quarterly,us-shareprices-latest,2026-04-15T23:13:34+00:00,2025-01-31,2025-02-18,2025.0,Q2,2026-04-14,82.61,82.61,16440151.0,3949893042.0,3981000000.0,4005000000.0,13991000000.0,9111000000.0,3123000000.0,2428000000.0,2428000000.0,121375000000.0,75845000000.0,45530000000.0,11413000000.0,19625000000.0,31038000000.0,16853000000.0,37921000000.0,53571000000.0,0.7078643295813033,0.6062421972534332,136.26567133443163
C,CITIGROUP INC,89126.0,simfin,,,us-shareprices-latest,2026-04-15T23:13:34+00:00,,,,,2026-04-14,129.58,129.58,16605267.0,1749319009.0,,,,,,,,,,,,,0.0,,,,,,
CFG,Citizens Financial Group,378202.0,simfin,,,us-shareprices-latest,2026-04-15T23:13:34+00:00,,,,,2026-04-14,64.87,64.87,4352733.0,424983657.0,,,,,,,,,,,,,0.0,,,,,,
CLX,CLOROX CO /DE/,218764.0,simfin,us-income-annual,us-balance-annual,us-shareprices-latest,2026-04-15T23:13:34+00:00,2024-06-30,2024-08-08,2024.0,FY,2026-04-14,104.44,104.44,1502254.0,120911863.0,124174000.0,124804000.0,7093000000.0,3048000000.0,923000000.0,280000000.0,280000000.0,5751000000.0,5259000000.0,492000000.0,4000000.0,2481000000.0,2485000000.0,202000000.0,1622000000.0,1574000000.0,1.0304955527318933,2.243517835966796,46.551891999999995
CME,CME Group Inc.,378116.0,simfin,us-income-quarterly,us-balance-quarterly,us-shareprices-latest,2026-04-15T23:13:34+00:00,2025-03-31,2025-04-30,2025.0,Q1,2026-04-14,297.03,297.03,1657815.0,359020000.0,359020000.0,359619000.0,1642300000.0,1435600000.0,1108000000.0,956200000.0,956200000.0,157831600000.0,130800900000.0,27030700000.0,,3419400000.0,3419400000.0,1519200000.0,123445400000.0,121420200000.0,1.0166792675353853,2.6589251402178418,111.71055382765111
CMS,CMS Energy,378117.0,simfin,us-income-quarterly,us-balance-quarterly,us-shareprices-latest,2026-04-15T23:13:34+00:00,2025-03-31,2025-04-24,2025.0,Q1,2026-04-14,78.82,78.82,2921136.0,306420901.0,298200000.0,299100000.0,2447000000.0,1449000000.0,494000000.0,305990000.0,303990000.0,36295000000.0,27372000000.0,8923000000.0,707000000.0,16259000000.0,16966000000.0,465000000.0,2802000000.0,2528000000.0,1.1083860759493671,1.0163490471414243,77.5520971084575
KO,COCA COLA CO,82117.0,simfin,us-income-quarterly,us-balance-quarterly,us-shareprices-latest,2026-04-15T23:13:34+00:00,2025-03-31,2025-05-01,2025.0,Q1,2026-04-14,75.9,75.9,12189203.0,4300723069.0,4302000000.0,4313000000.0,11129000000.0,6966000000.0,3659000000.0,3330000000.0,3330000000.0,101716000000.0,73962000000.0,27754000000.0,5581000000.0,43530000000.0,49111000000.0,13787000000.0,26178000000.0,23808000000.0,1.099546370967742,0.7720843960120566,98.30531531531533
CTSH,COGNIZANT TECHNOLOGY SOLUTIONS CORP,128066.0,simfin,us-income-quarterly,us-balance-quarterly,us-shareprices-latest,2026-04-15T23:13:34+00:00,2025-03-31,2025-05-01,2025.0,Q1,2026-04-14,60.04,60.04,6438873.0,478246920.0,494000000.0,495000000.0,5115000000.0,1718000000.0,791000000.0,663000000.0,663000000.0,19967000000.0,5068000000.0,14899000000.0,33000000.0,567000000.0,600000000.0,1992000000.0,7545000000.0,3406000000.0,2.215208455666471,1.3393939393939394,44.8262443438914
COIN,"Coinbase Global, Inc.",1202161.0,simfin,us-income-quarterly,us-balance-quarterly,us-shareprices-latest,2026-04-15T23:13:34+00:00,2025-03-31,2025-05-08,2025.0,Q1,2026-04-14,184.41,184.41,10668853.0,264075169.0,253878000.0,271251000.0,2034295000.0,,740171000.0,65608000.0,65608000.0,21731006000.0,11262766000.0,10468240000.0,,4237090000.0,4237090000.0,8354087000.0,17453788000.0,6933369000.0,2.517360319348357,0.2418719193661959,762.428315296915
CL,COLGATE PALMOLIVE CO,255327.0,simfin,us-income-quarterly,us-balance-quarterly,us-shareprices-latest,2026-04-15T23:13:34+00:00,2025-03-31,2025-04-25,2025.0,Q1,2026-04-14,84.16,84.16,7637115.0,801548028.0,812000000.0,815000000.0,4911000000.0,2987000000.0,1089000000.0,690000000.0,690000000.0,16647000000.0,15914000000.0,733000000.0,1698000000.0,6571000000.0,8269000000.0,1112000000.0,5814000000.0,6861000000.0,0.8473983384346305,0.8466257668711656,99.4063768115942
CMCSA,COMCAST CORP,106366.0,simfin,us-income-quarterly,us-balance-quarterly,us-shareprices-latest,2026-04-15T23:13:34+00:00,2025-03-31,2025-04-24,2025.0,Q1,2026-04-14,28.14,28.14,17531545.0,3597845994.0,4020456000.0,4037528000.0,29887000000.0,21472000000.0,5659000000.0,3376000000.0,3376000000.0,267770000000.0,180471000000.0,87299000000.0,6848000000.0,92274000000.0,99122000000.0,8593000000.0,27314000000.0,42326000000.0,0.645324386901668,0.8361551919887614,33.65403966824645
FIX,COMFORT SYSTEMS USA INC,1014353.0,simfin,us-income-quarterly,us-balance-quarterly,us-shareprices-latest,2026-04-15T23:13:34+00:00,2025-03-31,2025-04-24,2025.0,Q1,2026-04-14,1650.48,1650.48,374372.0,35174967.0,35524000.0,35605000.0,1831286000.0,403416000.0,208542000.0,169289000.0,169289000.0,4569218000.0,2792205000.0,1777013000.0,4066000.0,63776000.0,67842000.0,204758000.0,2597499000.0,2411244000.0,1.0772443601725914,4.75464120207836,347.1302943487173
CAG,CONAGRA FOODS INC /DE/,326285.0,simfin,us-income-quarterly,us-balance-quarterly,us-shareprices-latest,2026-04-15T23:13:34+00:00,2025-02-28,2025-04-03,2025.0,Q3,2026-04-14,14.28,14.28,17356075.0,478437156.0,478100000.0,479300000.0,2841000000.0,710300000.0,266600000.0,145100000.0,145100000.0,20744500000.0,11965400000.0,8779100000.0,1908300000.0,6236800000.0,8145100000.0,49400000.0,2965600000.0,4303700000.0,0.6890814880219346,0.30273315251408306,47.17025499655409
COP,ConocoPhillips,378120.0,simfin,us-income-quarterly,us-balance-quarterly,us-shareprices-latest,2026-04-15T23:13:34+00:00,2025-03-31,2025-05-08,2025.0,Q1,2026-04-14,118.79,118.79,9493663.0,1222339152.0,1273350000.0,1274879000.0,17022000000.0,10834000000.0,4629000000.0,2849000000.0,2849000000.0,124254000000.0,59016000000.0,65238000000.0,608000000.0,23176000000.0,23784000000.0,7235000000.0,16906000000.0,13329000000.0,1.2683622177207592,2.2347218834101117,53.156502776412786
ED,Consolidated Edison,378121.0,simfin,us-income-quarterly,us-balance-quarterly,us-shareprices-latest,2026-04-15T23:13:34+00:00,2025-03-31,2025-05-01,2025.0,Q1,2026-04-14,111.66,111.66,1814013.0,361247438.0,350100000.0,351300000.0,4798000000.0,3588000000.0,1125000000.0,791000000.0,791000000.0,70691000000.0,46908000000.0,23783000000.0,,24653000000.0,24653000000.0,360000000.0,3228000000.0,1028000000.0,3.140077821011673,2.2516367776828923,49.59059165613147
STZ,"CONSTELLATION BRANDS, INC.",256994.0,simfin,us-income-annual,us-balance-annual,us-shareprices-latest,2026-04-15T23:13:34+00:00,2025-02-28,2025-04-23,2024.0,FY,2026-04-14,164.5,164.5,1799039.0,173410822.0,181988000.0,182555000.0,10208700000.0,5314600000.0,3364600000.0,-81400000.0,-81400000.0,21652300000.0,14517500000.0,7134800000.0,2208700000.0,9289000000.0,11497700000.0,68100000.0,3716400000.0,4035200000.0,0.9209952418715305,-0.4458930185423571,-368.9225737100737
CEG,Constellation Energy Corp,1867900.0,simfin,us-income-annual,us-balance-annual,us-shareprices-latest,2026-04-15T23:13:34+00:00,2024-12-31,2025-02-18,2024.0,FY,2026-04-14,296.61,296.61,2253340.0,361990335.0,315000000.0,315000000.0,23568000000.0,12149000000.0,4281000000.0,3749000000.0,3749000000.0,52926000000.0,39387000000.0,13539000000.0,1028000000.0,7384000000.0,8412000000.0,3022000000.0,10776000000.0,6846000000.0,1.5740578439964943,11.901587301587302,24.921885836222994
COO,COOPER COMPANIES INC,186450.0,simfin,us-income-quarterly,us-balance-quarterly,us-shareprices-latest,2026-04-15T23:13:34+00:00,2025-01-31,2025-03-07,2025.0,Q1,2026-04-14,71.61,71.61,1671006.0,195114398.0,199700000.0,201200000.0,964700000.0,660200000.0,182000000.0,104300000.0,104300000.0,12222200000.0,4094700000.0,8127500000.0,48700000.0,2491200000.0,2539900000.0,100900000.0,1987000000.0,999600000.0,1.9877951180472189,0.518389662027833,138.1393288590604
CPRT,COPART INC,287342.0,simfin,us-income-quarterly,us-balance-quarterly,us-shareprices-latest,2026-04-15T23:13:34+00:00,2025-01-31,2025-02-26,2025.0,Q2,2026-04-14,33.29,33.29,6976908.0,963308388.0,964746000.0,977910000.0,1163316000.0,525553000.0,426211000.0,387400000.0,387400000.0,9187347000.0,863315000.0,8324032000.0,,,0.0,3797451000.0,4966783000.0,673728000.0,7.372089329818562,0.39615097503860275,84.03361874032008
GLW,CORNING INC /NY,261761.0,simfin,us-income-quarterly,us-balance-quarterly,us-shareprices-latest,2026-04-15T23:13:34+00:00,2025-03-31,2025-05-02,2025.0,Q1,2026-04-14,172.82,172.82,9052595.0,857948109.0,855000000.0,866000000.0,3452000000.0,1214000000.0,445000000.0,157000000.0,157000000.0,27394000000.0,16266000000.0,11128000000.0,283000000.0,6954000000.0,7237000000.0,1359000000.0,7644000000.0,4523000000.0,1.6900287419854079,0.1812933025404157,953.2619108280254
CPAY,,,simfin,,,us-shareprices-latest,2026-04-15T23:13:34+00:00,,,,,,,,,,,,,,,,,,,,,,0.0,,,,,,
CTVA,"Corteva, Inc.",1169062.0,simfin,us-income-quarterly,us-balance-quarterly,us-shareprices-latest,2026-04-15T23:13:34+00:00,2025-03-31,2025-05-08,2025.0,Q1,2026-04-14,82.95,82.95,3371685.0,672524000.0,684900000.0,686600000.0,4417000000.0,2075000000.0,827000000.0,652000000.0,652000000.0,42123000000.0,17596000000.0,24527000000.0,2291000000.0,1792000000.0,4083000000.0,2009000000.0,16587000000.0,11481000000.0,1.4447347792004182,0.9496067579376638,87.35194785276074
CSGP,COSTAR GROUP INC,486790.0,simfin,us-income-quarterly,us-balance-quarterly,us-shareprices-latest,2026-04-15T23:13:34+00:00,2025-03-31,2025-05-01,2025.0,Q1,2026-04-14,37.6,37.6,6967489.0,419793301.0,410500000.0,410500000.0,732200000.0,578900000.0,51700000.0,-14800000.0,-14800000.0,10428100000.0,1871900000.0,8556200000.0,,992200000.0,992200000.0,3966400000.0,4353300000.0,724400000.0,6.009525124240751,-0.036053593179049936,-1042.891891891892
COST,COSTCO WHOLESALE CORP /NEW,217867.0,simfin,us-income-quarterly,us-balance-quarterly,us-shareprices-latest,2026-04-15T23:13:34+00:00,2025-02-28,2025-03-13,2025.0,Q2,2026-04-14,974.8,974.8,2131481.0,443652540.0,443982000.0,444886000.0,63723000000.0,7979000000.0,2316000000.0,1788000000.0,1788000000.0,73224000000.0,47647000000.0,25577000000.0,,5755000000.0,5755000000.0,13158000000.0,36897000000.0,36999000000.0,0.9972431687342901,4.019007116429827,242.54746800894853
CTRA,Coterra Energy Inc.,378102.0,simfin,us-income-quarterly,us-balance-quarterly,us-shareprices-latest,2026-04-15T23:13:34+00:00,2025-03-31,2025-05-06,2025.0,Q1,2026-04-14,31.67,31.67,7485117.0,759272715.0,756000000.0,761000000.0,1904000000.0,1688000000.0,984000000.0,516000000.0,516000000.0,23951000000.0,9719000000.0,14232000000.0,,4280000000.0,4280000000.0,186000000.0,1446000000.0,1608000000.0,0.8992537313432836,0.6780551905387647,46.70711240310078
CRH,CRH plc,14159401.0,simfin,us-income-quarterly,us-balance-quarterly,us-shareprices-latest,2026-04-15T23:13:34+00:00,2025-03-31,2025-05-05,2025.0,Q1,2026-04-14,117.41,117.41,4881619.0,668250818.0,676700000.0,682100000.0,6756000000.0,1837000000.0,4000000.0,-94000000.0,-94000000.0,51921000000.0,29564000000.0,22357000000.0,1458000000.0,14213000000.0,15671000000.0,3352000000.0,14242000000.0,8465000000.0,1.6824571766095688,-0.1378097053218003,-851.971925531915
CRWD,"CrowdStrike Holdings, Inc.",1039026.0,simfin,us-income-annual,us-balance-annual,us-shareprices-latest,2026-04-15T23:13:34+00:00,2025-01-31,2025-03-10,2024.0,FY,2026-04-14,398.49,398.49,3154995.0,253614090.0,244750000.0,244750000.0,3953624000.0,2963452000.0,-116400000.0,-15241000.0,-15241000.0,8701578000.0,5382661000.0,3318917000.0,,743983000.0,743983000.0,4323295000.0,6113345000.0,3461050000.0,1.766326692766646,-0.06227170582226762,-6399.2144544321245
CCI,Crown Castle International Corp.,378122.0,simfin,us-income-quarterly,us-balance-quarterly,us-shareprices-latest,2026-04-15T23:13:34+00:00,2025-03-31,2025-05-09,2025.0,Q1,2026-04-14,86.27,86.27,2773528.0,436070436.0,435000000.0,436000000.0,1061000000.0,793000000.0,523000000.0,-460000000.0,-460000000.0,31760000000.0,33017000000.0,-1257000000.0,1503000000.0,22878000000.0,24381000000.0,60000000.0,1085000000.0,2950000000.0,0.3677966101694915,-1.055045871559633,-81.76895652173914
CSX,CSX CORP,248102.0,simfin,us-income-quarterly,us-balance-quarterly,us-shareprices-latest,2026-04-15T23:13:34+00:00,2025-03-31,2025-04-16,2025.0,Q1,2026-04-14,42.51,42.51,9367297.0,1859556799.0,1890000000.0,1892000000.0,3423000000.0,1553000000.0,1041000000.0,646000000.0,646000000.0,43199000000.0,31024000000.0,12175000000.0,605000000.0,18521000000.0,19126000000.0,1147000000.0,3020000000.0,3421000000.0,0.8827828120432623,0.34143763213530653,124.50297213622291
CMI,CUMMINS INC,120498.0,simfin,us-income-quarterly,us-balance-quarterly,us-shareprices-latest,2026-04-15T23:13:34+00:00,2025-03-31,2025-05-05,2025.0,Q1,2026-04-14,615.56,615.56,501070.0,138165463.0,137600000.0,138300000.0,8174000000.0,2155000000.0,1003000000.0,824000000.0,824000000.0,32531000000.0,20560000000.0,11971000000.0,2692000000.0,4796000000.0,7488000000.0,2158000000.0,15540000000.0,12628000000.0,1.23059866962306,5.958062183658713,103.3154708737864
CVS,CVS HEALTH Corp,256275.0,simfin,us-income-quarterly,us-balance-quarterly,us-shareprices-latest,2026-04-15T23:13:34+00:00,2025-03-31,2025-05-01,2025.0,Q1,2026-04-14,77.62,77.62,6101513.0,1272211063.0,1261000000.0,1264000000.0,94588000000.0,14396000000.0,3374000000.0,1779000000.0,1779000000.0,255585000000.0,178475000000.0,77110000000.0,5670000000.0,59040000000.0,64710000000.0,12654000000.0,73191000000.0,87391000000.0,0.8375118719318922,1.4074367088607596,55.14990444069702
DHR,DANAHER CORP /DE/,89750.0,simfin,us-income-quarterly,us-balance-quarterly,us-shareprices-latest,2026-04-15T23:13:34+00:00,2025-03-31,2025-04-22,2025.0,Q1,2026-04-14,198.61,198.61,3332819.0,707139356.0,716300000.0,720800000.0,5741000000.0,3511000000.0,1274000000.0,954000000.0,954000000.0,79116000000.0,28259000000.0,50857000000.0,501000000.0,15976000000.0,16477000000.0,1993000000.0,9525000000.0,6645000000.0,1.4334085778781038,1.3235294117647058,150.0608888888889
DRI,DARDEN RESTAURANTS INC,108420.0,simfin,us-income-quarterly,us-balance-quarterly,us-shareprices-latest,2026-04-15T23:13:34+00:00,2025-02-28,2025-04-01,2025.0,Q3,2026-04-14,197.98,197.98,1816907.0,115139249.0,117200000.0,118000000.0,3158000000.0,702300000.0,418300000.0,323400000.0,323400000.0,12560900000.0,10357900000.0,2203000000.0,58200000.0,2123000000.0,2181200000.0,224200000.0,880600000.0,2283100000.0,0.3857036485480268,2.740677966101695,72.23760049474335
DDOG,"Datadog, Inc.",963381.0,simfin,us-income-quarterly,us-balance-quarterly,us-shareprices-latest,2026-04-15T23:13:34+00:00,2025-03-31,2025-05-07,2025.0,Q1,2026-04-14,110.57,110.57,4153548.0,352576081.0,343097000.0,363078000.0,761553000.0,603925000.0,-12420000.0,24642000.0,24642000.0,6010381000.0,3093707000.0,2916674000.0,634780000.0,980314000.0,1615094000.0,4449674000.0,5076338000.0,1854823000.0,2.736831492816296,0.06786971394576372,1629.1508181154127
DVA,DAVITA INC.,349826.0,simfin,us-income-quarterly,us-balance-quarterly,us-shareprices-latest,2026-04-15T23:13:34+00:00,2025-03-31,2025-05-12,2025.0,Q1,2026-04-14,149.45,149.45,448519.0,66800000.0,79368000.0,81275000.0,3223529000.0,983869000.0,433328000.0,162917000.0,162917000.0,17119030000.0,15459061000.0,1659969000.0,178648000.0,9559745000.0,9738393000.0,511943000.0,3636188000.0,2906782000.0,1.2509324744683297,2.004515533681944,74.55666842625385
DECK,DECKERS OUTDOOR CORP,1054410.0,simfin,us-income-annual,us-balance-annual,us-shareprices-latest,2026-04-15T23:13:34+00:00,2025-03-31,2025-05-23,2024.0,FY,2026-04-14,107.81,107.81,1387739.0,141949971.0,151992000.0,152670000.0,4985612000.0,2885663000.0,1179092000.0,966091000.0,966091000.0,3570252000.0,1057239000.0,2513013000.0,,,0.0,1889188000.0,2860475000.0,783528000.0,3.6507629593326594,6.3279688216414485,17.03706245063871
DE,DEERE & CO,373449.0,simfin,us-income-quarterly,us-balance-quarterly,us-shareprices-latest,2026-04-15T23:13:34+00:00,2025-01-31,2025-02-27,2025.0,Q1,2026-04-14,596.04,596.04,866729.0,270107282.0,271600000.0,272300000.0,8508000000.0,3471000000.0,1724000000.0,869000000.0,869000000.0,103119000000.0,80555000000.0,22564000000.0,20825000000.0,43556000000.0,64381000000.0,7815000000.0,73122000000.0,34817000000.0,2.1001809460895537,3.191333088505325,186.76834522439583
DELL,Dell Technologies Inc.,59180.0,simfin,us-income-annual,us-balance-annual,us-shareprices-latest,2026-04-15T23:13:34+00:00,2025-01-31,2025-03-25,2024.0,FY,2026-04-14,184.51,184.51,6240221.0,726000000.0,722000000.0,740000000.0,95567000000.0,21250000000.0,6237000000.0,4592000000.0,4592000000.0,79746000000.0,81133000000.0,-1387000000.0,5204000000.0,19363000000.0,24567000000.0,3633000000.0,36229000000.0,46527000000.0,0.7786661508371483,6.205405405405405,29.7337543554007
DAL,DELTA AIR LINES INC /DE/,231789.0,simfin,us-income-quarterly,us-balance-quarterly,us-shareprices-latest,2026-04-15T23:13:34+00:00,2025-03-31,2025-04-09,2025.0,Q1,2026-04-14,71.7,71.7,16210679.0,656994112.0,644000000.0,652000000.0,14040000000.0,3254000000.0,569000000.0,240000000.0,240000000.0,77342000000.0,61895000000.0,15447000000.0,3690000000.0,18590000000.0,22280000000.0,3711000000.0,11236000000.0,29699000000.0,0.3783292366746355,0.36809815950920244,194.78500000000003
DVN,DEVON ENERGY CORP/DE,122079.0,simfin,us-income-quarterly,us-balance-quarterly,us-shareprices-latest,2026-04-15T23:13:34+00:00,2025-03-31,2025-05-07,2025.0,Q1,2026-04-14,45.25,45.25,12113127.0,620000000.0,643000000.0,645000000.0,4452000000.0,3540000000.0,1052000000.0,494000000.0,494000000.0,30928000000.0,16155000000.0,14773000000.0,485000000.0,8395000000.0,8880000000.0,1234000000.0,3905000000.0,3618000000.0,1.0793255942509674,0.765891472868217,59.08147773279352
DXCM,DEXCOM INC,352596.0,simfin,us-income-quarterly,us-balance-quarterly,us-shareprices-latest,2026-04-15T23:13:34+00:00,2025-03-31,2025-05-01,2025.0,Q1,2026-04-14,62.95,62.95,4717135.0,384864842.0,391100000.0,407500000.0,1036000000.0,589000000.0,133700000.0,105400000.0,105400000.0,6751700000.0,4485100000.0,2266600000.0,1227900000.0,1238000000.0,2465900000.0,2701400000.0,4553800000.0,3037100000.0,1.4993908662869184,0.25865030674846623,243.3787950664137
FANG,"Diamondback Energy, Inc.",896740.0,simfin,us-income-quarterly,us-balance-quarterly,us-shareprices-latest,2026-04-15T23:13:34+00:00,2025-03-31,2025-05-07,2025.0,Q1,2026-04-14,186.51,186.51,4132104.0,282078989.0,289612000.0,289612000.0,4048000000.0,3666000000.0,1821000000.0,1405000000.0,1405000000.0,70066000000.0,28323000000.0,41743000000.0,914000000.0,12996000000.0,13910000000.0,1816000000.0,4083000000.0,4753000000.0,0.8590363980643804,4.8513183155394115,38.44522001423487
DLR,"Digital Realty Trust, Inc.",286372.0,simfin,us-income-quarterly,us-balance-quarterly,us-shareprices-latest,2026-04-15T23:13:34+00:00,2025-03-31,2025-05-01,2025.0,Q1,,,,,,336683000.0,344721000.0,1407637000.0,855652000.0,235652000.0,109974000.0,99793000.0,45080562000.0,21902406000.0,23178156000.0,,17016279000.0,17016279000.0,2321885000.0,3695406000.0,3768951000.0,0.9804866128532846,0.28948918110587984,
DG,DOLLAR GENERAL CORP,80798.0,simfin,us-income-annual,us-balance-annual,us-shareprices-latest,2026-04-15T23:13:34+00:00,2025-01-31,2025-03-21,2024.0,FY,2026-04-14,119.59,119.59,2609176.0,220226320.0,219877000.0,220027000.0,40612308000.0,12017497000.0,1714074000.0,1125253000.0,1125253000.0,31132733000.0,23719026000.0,7413707000.0,519463000.0,5719025000.0,6238488000.0,932576000.0,8163925000.0,6868702000.0,1.1885688154763447,5.114158716884746,23.384100224571718
DLTR,Dollar Tree,378128.0,simfin,us-income-annual,us-balance-annual,us-shareprices-latest,2026-04-15T23:13:34+00:00,2025-01-31,2025-03-26,2024.0,FY,2026-04-14,100.67,100.67,3255922.0,197298217.0,215700000.0,215900000.0,17578500000.0,6294400000.0,1462000000.0,-3030100000.0,-3030100000.0,18644000000.0,14666600000.0,3977400000.0,1000000000.0,2431200000.0,3431200000.0,1256500000.0,9182900000.0,8585900000.0,1.0695326057839014,-14.034738304770727,-7.17291607537705
D,DOMINION RESOURCES INC /VA/,189087.0,simfin,us-income-quarterly,us-balance-quarterly,us-shareprices-latest,2026-04-15T23:13:34+00:00,2025-03-31,2025-05-01,2025.0,Q1,2026-04-14,63.71,63.71,5175270.0,878785631.0,852200000.0,852200000.0,4076000000.0,2958000000.0,1269000000.0,646000000.0,646000000.0,104555000000.0,73833000000.0,30722000000.0,2084000000.0,39733000000.0,41817000000.0,355000000.0,6406000000.0,8778000000.0,0.7297789929368876,0.7580380192443088,84.04591640866873
DPZ,DOMINOS PIZZA INC,338660.0,simfin,us-income-quarterly,us-balance-quarterly,us-shareprices-latest,2026-04-15T23:13:34+00:00,2025-03-31,2025-04-28,2025.0,Q1,2026-04-14,369.17,369.17,596531.0,33628897.0,34284052.0,34553820.0,1112056000.0,443147000.0,210095000.0,149651000.0,149651000.0,1877619000.0,5790307000.0,-3912688000.0,1149764000.0,3825995000.0,4975759000.0,304320000.0,1015934000.0,1676258000.0,0.6060725735537131,4.330953856910756,85.23988299042439
DASH,"DoorDash, Inc.",1200821.0,simfin,us-income-annual,us-balance-annual,us-shareprices-latest,2026-04-15T23:13:34+00:00,2024-12-31,2025-02-14,2024.0,FY,2026-04-14,163.55,163.55,3092489.0,336847000.0,336847000.0,336847000.0,10722000000.0,5180000000.0,-38000000.0,123000000.0,123000000.0,12845000000.0,5035000000.0,7810000000.0,,,0.0,5341000000.0,7386000000.0,4370000000.0,1.6901601830663615,0.36515094390034647,447.8969662601626
DOV,DOVER Corp,336327.0,simfin,us-income-quarterly,us-balance-quarterly,us-shareprices-latest,2026-04-15T23:13:34+00:00,2025-03-31,2025-04-24,2025.0,Q1,2026-04-14,218.48,218.48,760895.0,134866626.0,137267000.0,138260000.0,1866059000.0,745500000.0,296309000.0,230821000.0,230821000.0,12648548000.0,5510781000.0,7137767000.0,400262000.0,2572540000.0,2972802000.0,1805320000.0,4553630000.0,2138933000.0,2.1289259644879013,1.6694705627079416,130.86783611543143
DOW,Dow Inc.,378129.0,simfin,us-income-quarterly,us-balance-quarterly,us-shareprices-latest,2026-04-15T23:13:34+00:00,2025-03-31,2025-04-25,2025.0,Q1,2026-04-14,39.16,39.16,13014704.0,717534072.0,706900000.0,706900000.0,10431000000.0,671000000.0,29000000.0,-307000000.0,-307000000.0,57499000000.0,40204000000.0,17295000000.0,638000000.0,15932000000.0,16570000000.0,1465000000.0,16328000000.0,10586000000.0,1.5424145097298319,-0.43429056443627106,-90.17004560260585
DHI,D. R. Horton,378124.0,simfin,us-income-quarterly,us-balance-quarterly,us-shareprices-latest,2026-04-15T23:13:34+00:00,2025-03-31,2025-04-23,2025.0,Q2,2026-04-14,145.25,145.25,1742073.0,289703395.0,312500000.0,314000000.0,7734000000.0,1900200000.0,1001500000.0,810400000.0,810400000.0,35690000000.0,10831300000.0,24858700000.0,,6518400000.0,6518400000.0,2471400000.0,16930600000.0,4312900000.0,3.925572120846762,2.580891719745223,56.27899802566634
DTE,DTE Energy Co.,378131.0,simfin,us-income-annual,us-balance-annual,us-shareprices-latest,2026-04-15T23:13:34+00:00,2024-12-31,2025-02-13,2024.0,FY,2026-04-14,147.74,147.74,911890.0,207803764.0,207000000.0,207000000.0,12457000000.0,6600000000.0,2119000000.0,1404000000.0,1404000000.0,48846000000.0,37142000000.0,11704000000.0,2363000000.0,20690000000.0,23053000000.0,24000000.0,3607000000.0,5106000000.0,0.7064238151194673,6.782608695652174,21.782179487179487
DUK,Duke Energy CORP,191249.0,simfin,us-income-quarterly,us-balance-quarterly,us-shareprices-latest,2026-04-15T23:13:34+00:00,2025-03-31,2025-05-06,2025.0,Q1,2026-04-14,129.78,129.78,2504812.0,777670866.0,777000000.0,777000000.0,8249000000.0,4277000000.0,2337000000.0,1379000000.0,1365000000.0,187476000000.0,135682000000.0,51794000000.0,6748000000.0,79700000000.0,86448000000.0,475000000.0,12775000000.0,16625000000.0,0.7684210526315789,1.7567567567567568,73.87476923076923
DD,"DUPONT DE NEMOURS, INC.",546332.0,simfin,us-income-quarterly,us-balance-quarterly,us-shareprices-latest,2026-04-15T23:13:34+00:00,2025-03-31,2025-05-02,2025.0,Q1,2026-04-14,46.68,46.68,2532013.0,408923857.0,418500000.0,419900000.0,3066000000.0,1146000000.0,494000000.0,-589000000.0,-589000000.0,35981000000.0,12713000000.0,23268000000.0,1849000000.0,5325000000.0,7174000000.0,1762000000.0,6464000000.0,4632000000.0,1.395509499136442,-1.4027149321266967,-33.27832258064517
ETN,Eaton Corp plc,124922.0,simfin,us-income-quarterly,us-balance-quarterly,us-shareprices-latest,2026-04-15T23:13:34+00:00,2025-03-31,2025-05-02,2025.0,Q1,2026-04-14,401.9,401.9,1824653.0,387900000.0,392200000.0,393600000.0,6377000000.0,2447000000.0,1201000000.0,966000000.0,966000000.0,39205000000.0,20657000000.0,18547000000.0,2471000000.0,7609000000.0,10080000000.0,1939000000.0,12434000000.0,9522000000.0,1.3058181054400335,2.4542682926829267,163.75552795031055
EBAY,EBAY INC,104109.0,simfin,us-income-quarterly,us-balance-quarterly,us-shareprices-latest,2026-04-15T23:13:34+00:00,2025-03-31,2025-05-01,2025.0,Q1,2026-04-14,100.4,100.4,4911146.0,448000000.0,467000000.0,475000000.0,2585000000.0,1862000000.0,697000000.0,507000000.0,507000000.0,18954000000.0,14004000000.0,4950000000.0,994000000.0,5751000000.0,6745000000.0,4791000000.0,6872000000.0,5880000000.0,1.1687074829931974,1.0673684210526315,94.06311637080869
ECL,Ecolab Inc.,378133.0,simfin,us-income-quarterly,us-balance-quarterly,us-shareprices-latest,2026-04-15T23:13:34+00:00,2025-03-31,2025-05-08,2025.0,Q1,2026-04-14,273.13,273.13,1079550.0,281969448.0,283400000.0,285300000.0,3695000000.0,1634800000.0,584800000.0,402500000.0,402500000.0,22366400000.0,13462700000.0,8903700000.0,614200000.0,6997600000.0,7611800000.0,1162600000.0,6081100000.0,4609200000.0,1.3193395817061528,1.4107956536978619,193.59997267080746
EIX,Edison International,378134.0,simfin,us-income-quarterly,us-balance-quarterly,us-shareprices-latest,2026-04-15T23:13:34+00:00,2024-09-30,2024-10-29,2024.0,Q3,2026-04-14,72.37,72.37,2126271.0,384790927.0,387000000.0,390000000.0,5201000000.0,3303000000.0,1032000000.0,538000000.0,516000000.0,84749000000.0,66642000000.0,18107000000.0,3116000000.0,32303000000.0,35419000000.0,200000000.0,7444000000.0,8507000000.0,0.8750440813447748,1.323076923076923,54.698255813953494
EW,Edwards Lifesciences Corp,108955.0,simfin,us-income-quarterly,us-balance-quarterly,us-shareprices-latest,2026-04-15T23:13:34+00:00,2025-03-31,2025-05-06,2025.0,Q1,2026-04-14,78.2,78.2,5859727.0,580800000.0,586900000.0,587800000.0,1412700000.0,1111100000.0,399000000.0,358000000.0,358000000.0,13022300000.0,2830700000.0,10191600000.0,,597800000.0,597800000.0,3898500000.0,6212700000.0,1371100000.0,4.531179345051418,0.6090506975161619,128.39653631284918
EA,ELECTRONIC ARTS INC.,372651.0,simfin,us-income-annual,us-balance-annual,us-shareprices-latest,2026-04-15T23:13:34+00:00,2025-03-31,2025-05-13,2024.0,FY,2026-04-14,202.85,202.85,1344718.0,250253713.0,262000000.0,264000000.0,7463000000.0,5920000000.0,1577000000.0,1121000000.0,1121000000.0,12368000000.0,5982000000.0,6386000000.0,400000000.0,1484000000.0,1884000000.0,2248000000.0,3276000000.0,3459000000.0,0.9470945359930616,4.246212121212121,47.77198929527208
ELV,Elevance Health Inc.,378099.0,simfin,,,us-shareprices-latest,2026-04-15T23:13:34+00:00,,,,,2026-04-14,313.35,313.35,1403258.0,220704667.0,,,,,,,,,,,,,0.0,,,,,,
EME,Emcor Group Inc,446597.0,simfin,us-income-quarterly,us-balance-quarterly,us-shareprices-latest,2026-04-15T23:13:34+00:00,2025-03-31,2025-04-30,2025.0,Q1,2026-04-14,814.18,814.18,322672.0,44532566.0,45634877.0,45784235.0,3867372000.0,722718000.0,318756000.0,240677000.0,240677000.0,8078872000.0,5126944000.0,2951928000.0,,250000000.0,250000000.0,576702000.0,4910984000.0,4222262000.0,1.163116831688796,5.256765784117611,154.882304716695
EMR,EMERSON ELECTRIC CO,255983.0,simfin,us-income-quarterly,us-balance-quarterly,us-shareprices-latest,2026-04-15T23:13:34+00:00,2025-03-31,2025-05-07,2025.0,Q2,2026-04-14,144.56,144.56,1974219.0,562000000.0,563000000.0,565400000.0,4432000000.0,2371000000.0,1088000000.0,485000000.0,485000000.0,41978000000.0,22712000000.0,19266000000.0,6187000000.0,8176000000.0,14363000000.0,1887000000.0,8627000000.0,10846000000.0,0.7954084455098653,0.8577997877608773,168.52417319587627
ETR,ENTERGY CORP /DE/,354347.0,simfin,us-income-annual,us-balance-annual,us-shareprices-latest,2026-04-15T23:13:34+00:00,2024-12-31,2025-02-18,2024.0,FY,2026-04-14,115.57,115.57,2038573.0,452989837.0,427713121.0,431581696.0,11879653000.0,8783543000.0,2758224000.0,1061184000.0,1055590000.0,64790032000.0,49385638000.0,15404394000.0,2305381000.0,26613505000.0,28918886000.0,859703000.0,4991242000.0,6552246000.0,0.7617604711422618,2.4458636911237313,47.25120227239742
EOG,EOG RESOURCES INC,100699.0,simfin,us-income-quarterly,us-balance-quarterly,us-shareprices-latest,2026-04-15T23:13:34+00:00,2025-03-31,2025-05-01,2025.0,Q1,2026-04-14,133.59,133.59,2893809.0,536491493.0,550000000.0,553000000.0,5670000000.0,,2344000000.0,1463000000.0,1463000000.0,46982000000.0,17466000000.0,29516000000.0,1280000000.0,3464000000.0,4744000000.0,6599000000.0,10680000000.0,5719000000.0,1.8674593460395175,2.6455696202531644,50.49574162679426
EPAM,"EPAM Systems, Inc.",923418.0,simfin,us-income-quarterly,us-balance-quarterly,us-shareprices-latest,2026-04-15T23:13:34+00:00,2025-03-31,2025-05-08,2025.0,Q1,2026-04-14,127.41,127.41,936659.0,54139969.0,56780000.0,57262000.0,1301692000.0,349684000.0,99330000.0,73482000.0,73482000.0,4723612000.0,1080396000.0,3643216000.0,,25059000.0,25059000.0,1173639000.0,2415691000.0,789124000.0,3.061231188000872,1.2832594041423633,99.2862390789581
EQT,EQT Corporation,378136.0,simfin,us-income-quarterly,us-balance-quarterly,us-shareprices-latest,2026-04-15T23:13:34+00:00,2025-03-31,2025-04-23,2025.0,Q1,2026-04-14,56.71,56.71,5600114.0,624274000.0,597976000.0,602838000.0,1739850000.0,1273203000.0,499142000.0,242139000.0,242139000.0,39703364000.0,15300095000.0,24403269000.0,285000000.0,8107783000.0,8392783000.0,281764000.0,1739099000.0,3062273000.0,0.5679111561901894,0.40166512396365195,141.18726425730674
EFX,Equifax Inc.,378137.0,simfin,us-income-quarterly,us-balance-quarterly,us-shareprices-latest,2026-04-15T23:13:34+00:00,2025-03-31,2025-04-22,2025.0,Q1,2026-04-14,186.43,186.43,1028422.0,120269998.0,124100000.0,125100000.0,1442000000.0,785300000.0,235800000.0,133100000.0,133100000.0,11854800000.0,6742300000.0,5112500000.0,639700000.0,4324400000.0,4964100000.0,195200000.0,1475700000.0,1730900000.0,0.8525622508521579,1.0639488409272582,175.2245905334335
EQIX,Equinix,378138.0,simfin,us-income-quarterly,us-balance-quarterly,us-shareprices-latest,2026-04-15T23:13:34+00:00,2025-03-31,2025-04-30,2025.0,Q1,2026-04-14,1057.37,1057.37,510230.0,98254928.0,97514000.0,97887000.0,2225000000.0,1141000000.0,474000000.0,343000000.0,343000000.0,36079000000.0,22166000000.0,13913000000.0,1204000000.0,14560000000.0,15764000000.0,3673000000.0,5505000000.0,3327000000.0,1.654643823264202,3.504040373083249,301.7573679008746
EQR,Equity Residential,421306.0,simfin,us-income-quarterly,us-balance-quarterly,us-shareprices-latest,2026-04-15T23:13:34+00:00,2025-03-31,2025-04-30,2025.0,Q1,2026-04-14,61.36,61.36,2400669.0,377547108.0,379208000.0,391179000.0,760810000.0,469269000.0,194268000.0,256592000.0,256236000.0,20562185000.0,8973055000.0,11589130000.0,1897803000.0,5949081000.0,7846884000.0,39849000.0,39849000.0,2946662000.0,0.013523437706801799,0.6550351629305254,93.67436051140355
ERIE,Erie Indemnity Co,446629.0,simfin,,,us-shareprices-latest,2026-04-15T23:13:34+00:00,,,,,2026-04-14,249.43,249.43,209117.0,46191610.0,,,,,,,,,,,,,0.0,,,,,,
ESS,Essex Property Trust Inc,378140.0,simfin,us-income-quarterly,us-balance-quarterly,us-shareprices-latest,2026-04-15T23:13:34+00:00,2025-03-31,2025-04-30,2025.0,Q1,2026-04-14,251.42,251.42,490069.0,64475506.0,64314899.0,64349899.0,464583000.0,366224000.0,146051000.0,203110000.0,203110000.0,13186258000.0,7322012000.0,5864246000.0,919590000.0,5870662000.0,6790252000.0,98735000.0,314298000.0,1347182000.0,0.2333003261623151,3.1563375103354865,79.65561324691053
EL,ESTEE LAUDER COMPANIES INC,172930.0,simfin,us-income-quarterly,us-balance-quarterly,us-shareprices-latest,2026-04-15T23:13:34+00:00,2025-03-31,2025-05-01,2025.0,Q3,2026-04-14,76.42,76.42,3882295.0,361727043.0,360300000.0,361400000.0,3550000000.0,2661000000.0,403000000.0,159000000.0,159000000.0,19886000000.0,15541000000.0,4345000000.0,3000000.0,7298000000.0,7301000000.0,2631000000.0,7017000000.0,4964000000.0,1.4135777598710717,0.4399557277255119,173.69929559748428
EG,"Everest Group, Ltd.",741323.0,simfin,us-income-quarterly,us-balance-quarterly,us-shareprices-latest,2026-04-15T23:13:34+00:00,2025-03-31,2025-05-02,2025.0,Q1,2026-04-14,341.24,341.24,536213.0,40390151.0,42300000.0,42300000.0,4263000000.0,1370000000.0,287000000.0,210000000.0,210000000.0,58131000000.0,43993000000.0,14140000000.0,,3587000000.0,3587000000.0,36508000000.0,53035000000.0,39880000000.0,1.329864593781344,4.964539007092198,68.73548571428572
EVRG,"Evergy, Inc.",995321.0,simfin,us-income-annual,us-balance-annual,us-shareprices-latest,2026-04-15T23:13:34+00:00,2024-12-31,2025-02-27,2024.0,FY,2026-04-14,81.92,81.92,1795218.0,230281586.0,230300000.0,230600000.0,5847300000.0,3996500000.0,1468000000.0,873600000.0,873600000.0,32282100000.0,22292900000.0,9989200000.0,1859300000.0,12210200000.0,14069500000.0,22000000.0,1839300000.0,2768500000.0,0.664366985732346,3.7883781439722464,21.624029304029303
ES,Eversource Energy,378141.0,simfin,us-income-quarterly,us-balance-quarterly,us-shareprices-latest,2026-04-15T23:13:34+00:00,2025-03-31,2025-05-05,2025.0,Q1,2026-04-14,69.01,69.01,1451042.0,375496611.0,367320246.0,367677618.0,4118355000.0,,1183944000.0,550788000.0,550788000.0,60194678000.0,44697853000.0,15496825000.0,2840308000.0,26551248000.0,29391556000.0,111362000.0,4912023000.0,6516940000.0,0.7537315058908015,1.4980188432356523,46.06751130776269
EXC,Exelon Corp.,378142.0,simfin,us-income-quarterly,us-balance-quarterly,us-shareprices-latest,2026-04-15T23:13:34+00:00,2024-09-30,2024-10-30,2024.0,Q3,2026-04-14,48.66,48.66,8851555.0,1022892585.0,1003000000.0,1004000000.0,6154000000.0,3771000000.0,1193000000.0,707000000.0,707000000.0,106070000000.0,79448000000.0,26622000000.0,1985000000.0,44091000000.0,46076000000.0,616000000.0,8023000000.0,7384000000.0,1.0865384615384615,0.704183266932271,69.10132956152758
EXE,Expand Energy,378111.0,simfin,us-income-quarterly,us-balance-quarterly,us-shareprices-latest,2026-04-15T23:13:34+00:00,2025-03-31,2025-04-29,2025.0,Q1,2026-04-13,97.78,97.78,2970302.0,240398260.0,234434000.0,240696000.0,2196000000.0,1486000000.0,-268000000.0,-249000000.0,-249000000.0,27934000000.0,10743000000.0,17191000000.0,,5243000000.0,5243000000.0,349000000.0,2113000000.0,3589000000.0,0.5887433825578156,-1.0344999501445806,-94.51909590361447
EXPE,"Expedia, Inc.",112653.0,simfin,us-income-quarterly,us-balance-quarterly,us-shareprices-latest,2026-04-15T23:13:34+00:00,2025-03-31,2025-05-09,2025.0,Q1,2026-04-14,248.57,248.57,2077516.0,122534873.0,128641000.0,135783000.0,2988000000.0,2631000000.0,-44000000.0,-200000000.0,-200000000.0,26114000000.0,23793000000.0,2321000000.0,1746000000.0,4465000000.0,6211000000.0,6126000000.0,13587000000.0,18573000000.0,0.7315457922791149,-1.4729384385379614,-168.75790154999999
EXPD,Expeditors International,378143.0,simfin,us-income-quarterly,us-balance-quarterly,us-shareprices-latest,2026-04-15T23:13:34+00:00,2025-03-31,2025-05-08,2025.0,Q1,2026-04-14,144.91,144.91,925346.0,133503678.0,137833000.0,138435000.0,2666419000.0,2208482000.0,330201000.0,203795000.0,203795000.0,4756650000.0,2469147000.0,2287503000.0,,,0.0,1318520000.0,3640604000.0,1990244000.0,1.8292249593517176,1.472134936974031,98.43527000171741
EXR,Extra Space Storage Inc.,130051.0,simfin,us-income-quarterly,us-balance-quarterly,us-shareprices-latest,2026-04-15T23:13:34+00:00,2025-03-31,2025-05-02,2025.0,Q1,2026-04-14,141.43,141.43,1023916.0,211137672.0,211850618.0,212052742.0,819997000.0,596415000.0,352969000.0,270875000.0,270875000.0,28993918000.0,14215415000.0,14778503000.0,999062000.0,11542678000.0,12541740000.0,119559000.0,804952000.0,2672737000.0,0.30117142090673343,1.277394470098387,110.7175608714721
XOM,EXXON MOBIL CORP,121214.0,simfin,us-income-quarterly,us-balance-quarterly,us-shareprices-latest,2026-04-15T23:13:34+00:00,2025-03-31,2025-05-05,2025.0,Q1,2026-04-14,149.24,149.24,18418368.0,4166763453.0,4372000000.0,4372000000.0,81761000000.0,24890000000.0,16471000000.0,7713000000.0,7713000000.0,451908000000.0,182102000000.0,269806000000.0,4728000000.0,32823000000.0,37551000000.0,17036000000.0,91233000000.0,73829000000.0,1.2357339256931559,1.764181152790485,84.59448722935305
FFIV,F5 NETWORKS INC,60283.0,simfin,us-income-quarterly,us-balance-quarterly,us-shareprices-latest,2026-04-15T23:13:34+00:00,2025-03-31,2025-05-06,2025.0,Q2,2026-04-14,295.19,295.19,571938.0,56519273.0,57886000.0,58764000.0,731123000.0,590164000.0,158897000.0,145530000.0,145530000.0,5906577000.0,2592532000.0,3314045000.0,,,0.0,1259282000.0,2336174000.0,1524100000.0,1.5328219933075258,2.4765162344292424,119.19566522366522
FDS,FACTSET RESEARCH SYSTEMS INC,91248.0,simfin,us-income-quarterly,us-balance-quarterly,us-shareprices-latest,2026-04-15T23:13:34+00:00,2025-02-28,2025-04-04,2025.0,Q2,2026-04-14,223.55,223.55,840476.0,36431127.0,38015000.0,38510000.0,570660000.0,301056000.0,185492000.0,144860000.0,144860000.0,4241442000.0,2184525000.0,2056917000.0,,1472162000.0,1472162000.0,287019000.0,707641000.0,528141000.0,1.3398713601102736,3.761620358348481,59.42917644622394
FICO,Fair Isaac Corp,446774.0,simfin,us-income-quarterly,us-balance-quarterly,us-shareprices-latest,2026-04-15T23:13:34+00:00,2025-03-31,2025-04-29,2025.0,Q2,2026-04-14,1007.28,1007.28,417504.0,23722134.0,24389000.0,24685000.0,498735000.0,411105000.0,245648000.0,162615000.0,162615000.0,1835753000.0,2959805000.0,-1124052000.0,15000000.0,2513179000.0,2528179000.0,192041000.0,770310000.0,343242000.0,2.244218364885416,6.587603807980555,152.90537035328845
FAST,FASTENAL CO,339017.0,simfin,us-income-quarterly,us-balance-quarterly,us-shareprices-latest,2026-04-15T23:13:34+00:00,2025-03-31,2025-04-16,2025.0,Q1,2026-04-14,44.62,44.62,11359726.0,1148179210.0,1147000000.0,1149600000.0,1959400000.0,883900000.0,393900000.0,298700000.0,298700000.0,4870900000.0,1180600000.0,3690300000.0,75000000.0,125000000.0,200000000.0,231800000.0,3358000000.0,785200000.0,4.276617422312786,0.2598295059151009,171.72799464345496
FRT,Federal Realty Investment Trust,378144.0,simfin,us-income-quarterly,us-balance-quarterly,us-shareprices-latest,2026-04-15T23:13:34+00:00,2025-03-31,2025-05-08,2025.0,Q1,2026-04-14,110.21,110.21,835573.0,86276033.0,85472000.0,85989000.0,309154000.0,241350000.0,106962000.0,63768000.0,61760000.0,8621850000.0,5176245000.0,3445605000.0,1153910000.0,3359383000.0,4513293000.0,109224000.0,329486000.0,1448597000.0,0.22745180336560133,0.7182314016909139,153.44636803756475
FDX,FEDEX CORP,259098.0,simfin,us-income-annual,us-balance-annual,us-shareprices-latest,2026-04-15T23:13:34+00:00,2024-05-31,2024-07-15,2024.0,FY,2026-04-14,370.14,370.14,1904889.0,235122816.0,248000000.0,251000000.0,87693000000.0,26530000000.0,6298000000.0,4331000000.0,4331000000.0,87007000000.0,59425000000.0,27582000000.0,68000000.0,20135000000.0,20203000000.0,6501000000.0,18207000000.0,13355000000.0,1.3633096218644702,17.254980079681275,21.45119833756638
FIS,"Fidelity National Information Services, Inc.",88558.0,simfin,us-income-quarterly,us-balance-quarterly,us-shareprices-latest,2026-04-15T23:13:34+00:00,2025-03-31,2025-05-06,2025.0,Q1,2026-04-14,46.98,46.98,5670194.0,514403688.0,528000000.0,531000000.0,2532000000.0,879000000.0,349000000.0,79000000.0,79000000.0,32841000000.0,17773000000.0,15068000000.0,3362000000.0,8658000000.0,12020000000.0,805000000.0,4410000000.0,6954000000.0,0.634167385677308,0.1487758945386064,315.77696202531644
FITB,Fifth Third Bancorp,378145.0,simfin,,,us-shareprices-latest,2026-04-15T23:13:34+00:00,,,,,2026-04-14,49.77,49.77,5832292.0,901819022.0,,,,,,,,,,,,,0.0,,,,,,
FSLR,"FIRST SOLAR, INC.",260908.0,simfin,us-income-quarterly,us-balance-quarterly,us-shareprices-latest,2026-04-15T23:13:34+00:00,2025-03-31,2025-04-29,2025.0,Q1,2026-04-14,200.61,200.61,2476074.0,107310994.0,107122000.0,107415000.0,844568000.0,344403000.0,221244000.0,209535000.0,209535000.0,12116665000.0,3929331000.0,8187334000.0,197201000.0,327942000.0,525143000.0,890760000.0,4850791000.0,3231121000.0,1.5012718496150408,1.950705208769725,102.83973154842866
FE,FIRSTENERGY CORP,422040.0,simfin,us-income-quarterly,us-balance-quarterly,us-shareprices-latest,2026-04-15T23:13:34+00:00,2025-03-31,2025-04-30,2025.0,Q1,2026-04-14,51.04,51.04,4240178.0,577932879.0,577000000.0,578000000.0,3765000000.0,2528000000.0,754000000.0,360000000.0,360000000.0,52771000000.0,38909000000.0,13862000000.0,3563000000.0,21223000000.0,24786000000.0,132000000.0,2959000000.0,7114000000.0,0.4159403992128198,0.6228373702422145,81.94755555555555
FISV,,,simfin,,,us-shareprices-latest,2026-04-15T23:13:34+00:00,,,,,,,,,,,,,,,,,,,,,,0.0,,,,,,
F,FORD MOTOR CO,249937.0,simfin,us-income-quarterly,us-balance-quarterly,us-shareprices-latest,2026-04-15T23:13:34+00:00,2025-03-31,2025-05-06,2025.0,Q1,2026-04-14,12.71,12.71,50095626.0,3989475225.0,3968000000.0,4011000000.0,40659000000.0,5471000000.0,319000000.0,471000000.0,471000000.0,284539000000.0,239879000000.0,44660000000.0,4286000000.0,150984000000.0,155270000000.0,35226000000.0,123054000000.0,58578000000.0,2.100686264467889,0.11742707554225879,108.23738853503185
FTNT,FORTINET INC,130256.0,simfin,us-income-quarterly,us-balance-quarterly,us-shareprices-latest,2026-04-15T23:13:34+00:00,2025-03-31,2025-05-08,2025.0,Q1,2026-04-14,78.7,78.7,5784568.0,739923583.0,768300000.0,776800000.0,1539700000.0,1246600000.0,447500000.0,433400000.0,433400000.0,10407000000.0,8444100000.0,1962900000.0,498700000.0,496200000.0,994900000.0,4780500000.0,6442600000.0,4727800000.0,1.3627056982105843,0.5579299691040165,141.0571296723581
FTV,Fortive Corp,378151.0,simfin,us-income-quarterly,us-balance-quarterly,us-shareprices-latest,2026-04-15T23:13:34+00:00,2025-03-31,2025-05-01,2025.0,Q1,2026-04-14,59.71,59.71,2392905.0,307859190.0,452639700.0,457284200.0,1474200000.0,880900000.0,233600000.0,171900000.0,171900000.0,17137000000.0,6893700000.0,10243300000.0,933800000.0,2929100000.0,3862900000.0,892100000.0,2704100000.0,2725700000.0,0.9920754301647283,0.37591502177420516,158.8390900639907
FOXA,,,simfin,,,us-shareprices-latest,2026-04-15T23:13:34+00:00,,,,,,,,,,,,,,,,,,,,,,0.0,,,,,,
FOX,Fox Corp,885908.0,simfin,us-income-quarterly,us-balance-quarterly,us-shareprices-latest,2026-04-15T23:13:34+00:00,2025-03-31,2025-05-12,2025.0,Q3,2026-04-14,56.82,56.82,1250538.0,425396078.0,453000000.0,461000000.0,4371000000.0,,760000000.0,346000000.0,346000000.0,23367000000.0,11501000000.0,11866000000.0,,7201000000.0,7201000000.0,4815000000.0,8749000000.0,2967000000.0,2.9487698011459385,0.7505422993492408,75.70526011560693
BEN,Franklin Resources,378153.0,simfin,us-income-annual,us-balance-annual,us-shareprices-latest,2026-04-15T23:13:34+00:00,2022-09-30,2022-11-14,2022.0,FY,2026-04-14,26.43,26.43,4684880.0,520763448.0,489900000.0,490600000.0,8275300000.0,4966600000.0,1773900000.0,1291900000.0,1291900000.0,28060600000.0,14235900000.0,13824700000.0,,8834100000.0,8834100000.0,6433800000.0,7698600000.0,3100600000.0,2.4829387860414114,2.6333061557276802,10.036812446783808
FCX,Freeport-McMoran Cp & Gld,378154.0,simfin,us-income-quarterly,us-balance-quarterly,us-shareprices-latest,2026-04-15T23:13:34+00:00,2025-03-31,2025-05-08,2025.0,Q1,2026-04-14,68.27,68.27,12318565.0,1437201606.0,1438000000.0,1444000000.0,5728000000.0,1506000000.0,1313000000.0,352000000.0,352000000.0,56022000000.0,26808000000.0,29214000000.0,495000000.0,8909000000.0,9404000000.0,4385000000.0,13802000000.0,5943000000.0,2.322396096247686,0.24376731301939059,280.06215909090906
GRMN,GARMIN LTD,388839.0,simfin,us-income-quarterly,us-balance-quarterly,us-shareprices-latest,2026-04-15T23:13:34+00:00,2025-03-31,2025-04-30,2025.0,Q1,2026-04-14,264.48,264.48,716190.0,192480830.0,192544000.0,193717000.0,1535099000.0,884545000.0,332824000.0,332769000.0,332769000.0,9787622000.0,1608144000.0,8179478000.0,,,0.0,2674510000.0,5445184000.0,1329706000.0,4.095028525102541,1.717810001187299,153.96347664596163
IT,Gartner Inc,447532.0,simfin,us-income-quarterly,us-balance-quarterly,us-shareprices-latest,2026-04-15T23:13:34+00:00,2025-03-31,2025-05-06,2025.0,Q1,2026-04-14,149.1,149.1,1321070.0,70450294.0,77357000.0,77790000.0,1534130000.0,1059100000.0,278032000.0,210939000.0,210939000.0,8479761000.0,6981907000.0,1497854000.0,,2460949000.0,2460949000.0,2091048000.0,4131954000.0,3791695000.0,1.0897379667932152,2.7116467412263785,54.985038328616334
GE,GENERAL ELECTRIC CO,244314.0,simfin,us-income-quarterly,us-balance-quarterly,us-shareprices-latest,2026-04-15T23:13:34+00:00,2025-03-31,2025-04-22,2025.0,Q1,2026-04-14,318.0,318.0,3520745.0,1048813612.0,1070000000.0,1078000000.0,9934000000.0,3939000000.0,2704000000.0,1977000000.0,1977000000.0,124123000000.0,104655000000.0,19468000000.0,2084000000.0,17487000000.0,19571000000.0,13405000000.0,37575000000.0,35995000000.0,1.0438949854146409,1.8339517625231911,173.3960546282246
GEHC,GE HealthCare Technologies Inc.,6475602.0,simfin,us-income-quarterly,us-balance-quarterly,us-shareprices-latest,2026-04-15T23:13:34+00:00,2025-03-31,2025-04-30,2025.0,Q1,2026-04-14,74.67,74.67,2099801.0,455749767.0,457000000.0,459000000.0,4777000000.0,2012000000.0,628000000.0,47000000.0,47000000.0,33585000000.0,24168000000.0,9419000000.0,2002000000.0,6757000000.0,8759000000.0,2473000000.0,8804000000.0,9969000000.0,0.883137726953556,0.10239651416122005,729.2240425531915
GEV,,,simfin,,,us-shareprices-latest,2026-04-15T23:13:34+00:00,,,,,,,,,,,,,,,,,,,,,,0.0,,,,,,
GEN,Gen Digital Inc.,427444.0,simfin,us-income-annual,us-balance-annual,us-shareprices-latest,2026-04-15T23:13:34+00:00,2025-03-31,2025-05-15,2024.0,FY,2026-04-14,18.91,18.91,5387648.0,605663774.0,617000000.0,624000000.0,3935000000.0,3159000000.0,1620000000.0,643000000.0,643000000.0,15495000000.0,13226000000.0,2269000000.0,291000000.0,7968000000.0,8259000000.0,1006000000.0,1444000000.0,2851000000.0,0.5064889512451771,1.0304487179487178,18.351228615863143
GNRC,GENERAC HOLDINGS INC.,1048511.0,simfin,us-income-quarterly,us-balance-quarterly,us-shareprices-latest,2026-04-15T23:13:34+00:00,2025-03-31,2025-05-06,2025.0,Q1,2026-04-14,211.87,211.87,829938.0,58675827.0,59062534.0,59747589.0,942121000.0,371986000.0,83638000.0,43840000.0,43840000.0,5060454000.0,2385313000.0,2675141000.0,128840000.0,1195861000.0,1324701000.0,187464000.0,1988539000.0,1207638000.0,1.6466350015484772,0.7337534573989254,288.7482135362682
GD,GENERAL DYNAMICS CORP,234391.0,simfin,us-income-quarterly,us-balance-quarterly,us-shareprices-latest,2026-04-15T23:13:34+00:00,2025-03-31,2025-04-23,2025.0,Q1,2026-04-14,339.88,339.88,1140582.0,270389759.0,269038000.0,271749000.0,12223000000.0,1893000000.0,1268000000.0,994000000.0,994000000.0,56580000000.0,34355000000.0,22225000000.0,2349000000.0,7260000000.0,9609000000.0,1242000000.0,25117000000.0,18760000000.0,1.3388592750533048,3.6577871491707423,92.9195675251509
GIS,GENERAL MILLS INC,78526.0,simfin,us-income-annual,us-balance-annual,us-shareprices-latest,2026-04-15T23:13:34+00:00,2024-05-30,2024-06-25,2024.0,FY,2026-04-14,34.7,34.7,7893274.0,533681218.0,575500000.0,579500000.0,19857200000.0,6932100000.0,3673100000.0,2496600000.0,2496600000.0,31469900000.0,21821400000.0,9648500000.0,1625900000.0,11304200000.0,12930100000.0,418000000.0,4580900000.0,7033100000.0,0.6513344044589157,4.308196721311475,8.05441400304414
GM,General Motors Co,125620.0,simfin,us-income-quarterly,us-balance-quarterly,us-shareprices-latest,2026-04-15T23:13:34+00:00,2025-03-31,2025-05-01,2025.0,Q1,2026-04-13,76.83,76.83,3935692.0,903967853.0,988000000.0,1002000000.0,44020000000.0,8829000000.0,3353000000.0,2785000000.0,2785000000.0,282104000000.0,215679000000.0,66427000000.0,,83270000000.0,83270000000.0,27489000000.0,110006000000.0,104221000000.0,1.0555070475240114,2.779441117764471,27.64224775583483
GPC,GENUINE PARTS CO,115285.0,simfin,us-income-quarterly,us-balance-quarterly,us-shareprices-latest,2026-04-15T23:13:34+00:00,2025-03-31,2025-04-22,2025.0,Q1,2026-04-14,109.9,109.9,1611336.0,137622108.0,138783000.0,139200000.0,5866069000.0,2173684000.0,342715000.0,194392000.0,194392000.0,19817205000.0,15352642000.0,4464563000.0,813936000.0,3775858000.0,4589794000.0,420447000.0,10214388000.0,8885200000.0,1.149595732228875,1.3964942528735633,78.69706572286925
GILD,GILEAD SCIENCES INC,239284.0,simfin,us-income-quarterly,us-balance-quarterly,us-shareprices-latest,2026-04-15T23:13:34+00:00,2025-03-31,2025-05-07,2025.0,Q1,2026-04-14,140.45,140.45,6445648.0,1241420528.0,1246000000.0,1259000000.0,6667000000.0,5127000000.0,2490000000.0,1315000000.0,1315000000.0,56434000000.0,37354000000.0,19078000000.0,2806000000.0,22146000000.0,24952000000.0,7926000000.0,16901000000.0,12343000000.0,1.369278133354938,1.044479745830024,134.46885931558933
GPN,GLOBAL PAYMENTS INC,182201.0,simfin,us-income-quarterly,us-balance-quarterly,us-shareprices-latest,2026-04-15T23:13:34+00:00,2025-03-31,2025-05-06,2025.0,Q1,2026-04-14,68.6,68.6,1850641.0,279901327.0,246749000.0,247160000.0,2412098000.0,1490903000.0,466892000.0,305734000.0,305734000.0,47616106000.0,24591533000.0,23024573000.0,1180408000.0,15014421000.0,16194829000.0,2896024000.0,6738560000.0,7140856000.0,0.9436627765634821,1.236988185790581,55.45727985765404
GL,GLOBE LIFE INC.,378226.0,simfin,,,us-shareprices-latest,2026-04-15T23:13:34+00:00,,,,,2026-04-14,148.2,148.2,437748.0,78637130.0,,,,,,,,,,,,,0.0,,,,,,
GDDY,GoDaddy Inc.,647209.0,simfin,us-income-quarterly,us-balance-quarterly,us-shareprices-latest,2026-04-15T23:13:34+00:00,2025-03-31,2025-05-02,2025.0,Q1,2026-04-14,79.32,79.32,2634271.0,133354117.0,141684000.0,145173000.0,1194300000.0,753800000.0,249400000.0,219500000.0,219500000.0,7838800000.0,7639100000.0,199700000.0,15800000.0,3775700000.0,3791500000.0,719400000.0,1553600000.0,2792800000.0,0.5562875966771699,1.5119891439868296,52.460694123006824
GS,GOLDMAN SACHS GROUP INC,60439.0,simfin,,,us-shareprices-latest,2026-04-15T23:13:34+00:00,,,,,2026-04-14,909.63,909.63,2720401.0,296752922.0,,,,,,,,,,,,,0.0,,,,,,
HAL,Halliburton Co.,378158.0,simfin,us-income-quarterly,us-balance-quarterly,us-shareprices-latest,2026-04-15T23:13:34+00:00,2025-03-31,2025-04-25,2025.0,Q1,2026-04-14,37.51,37.51,9552313.0,837548345.0,866000000.0,866000000.0,5417000000.0,879000000.0,787000000.0,204000000.0,204000000.0,25179000000.0,14770000000.0,10409000000.0,381000000.0,7160000000.0,7541000000.0,1804000000.0,13874000000.0,6212000000.0,2.2334191886670958,0.23556581986143188,159.23362745098038
HIG,HARTFORD FINANCIAL SERVICES GROUP INC/DE,387752.0,simfin,,,us-shareprices-latest,2026-04-15T23:13:34+00:00,,,,,2026-04-14,138.77,138.77,1172239.0,275863220.0,,,,,,,,,,,,,0.0,,,,,,
HAS,HASBRO INC,249756.0,simfin,us-income-quarterly,us-balance-quarterly,us-shareprices-latest,2026-04-15T23:13:34+00:00,2025-03-31,2025-05-06,2025.0,Q1,2026-04-14,92.75,92.75,1493067.0,140685758.0,139800000.0,141000000.0,887100000.0,675200000.0,195700000.0,98600000.0,98600000.0,6040000000.0,4842500000.0,1197500000.0,,3331500000.0,3331500000.0,621100000.0,1912800000.0,1156000000.0,1.6546712802768166,0.699290780141844,132.6343813387424
HCA,HCA Holdings,378161.0,simfin,us-income-annual,us-balance-annual,us-shareprices-latest,2026-04-15T23:13:34+00:00,2022-12-31,2023-02-17,2022.0,FY,2026-04-14,498.66,498.66,738362.0,223622200.0,290348000.0,294666000.0,60233000000.0,23177000000.0,9053000000.0,5643000000.0,5643000000.0,52438000000.0,52511000000.0,-73000000.0,370000000.0,37714000000.0,38084000000.0,908000000.0,13643000000.0,9902000000.0,1.3778024641486568,19.150495815601392,26.039012503987244
DOC,Physicians Realty Trust,998407.0,simfin,us-income-annual,us-balance-annual,us-shareprices-latest,2026-04-15T23:13:34+00:00,2023-12-31,2024-02-22,2023.0,FY,2026-04-14,16.87,16.87,6373569.0,238911308.0,238216847.0,249344713.0,543463000.0,,130955000.0,41876000.0,41876000.0,5155621000.0,2266095000.0,2889526000.0,1451905000.0,521131000.0,1973036000.0,156779000.0,168734000.0,1722386000.0,0.09796526446452769,0.167944206621297,100.45002646647245
HSIC,Henry Schein,378104.0,simfin,us-income-quarterly,us-balance-quarterly,us-shareprices-latest,2026-04-15T23:13:34+00:00,2024-03-31,2024-05-07,2024.0,Q1,2026-04-14,77.2,77.2,814134.0,114704121.0,128720661.0,129769580.0,3172000000.0,1012000000.0,160000000.0,93000000.0,93000000.0,10145000000.0,5111000000.0,5034000000.0,103000000.0,2010000000.0,2113000000.0,159000000.0,4078000000.0,2260000000.0,1.8044247787610619,0.7166548585577606,107.72270511827958
HSY,HERSHEY CO,248677.0,simfin,us-income-quarterly,us-balance-quarterly,us-shareprices-latest,2026-04-15T23:13:34+00:00,2025-03-31,2025-05-01,2025.0,Q1,2026-04-14,197.68,197.68,2343735.0,202690952.0,202711000.0,203141000.0,2805419000.0,944267000.0,385595000.0,224203000.0,224203000.0,13967764000.0,9282868000.0,4684896000.0,748243000.0,5177251000.0,5925494000.0,1515252000.0,4804136000.0,3016145000.0,1.592806711878905,1.1036816792277284,179.1096144119392
HPE,Hewlett Packard Enterprise Co,47023.0,simfin,us-income-quarterly,us-balance-quarterly,us-shareprices-latest,2026-04-15T23:13:34+00:00,2025-01-31,2025-03-07,2025.0,Q1,2026-04-14,24.47,24.47,13018529.0,1326854089.0,1316000000.0,1409000000.0,7854000000.0,2423000000.0,642000000.0,627000000.0,627000000.0,70327000000.0,45045000000.0,25282000000.0,4605000000.0,13272000000.0,17877000000.0,13431000000.0,33012000000.0,24904000000.0,1.3255701895277867,0.44499645138396027,54.989202551834126
HLT,Hilton Worldwide Holdings Inc.,740329.0,simfin,us-income-quarterly,us-balance-quarterly,us-shareprices-latest,2026-04-15T23:13:34+00:00,2025-03-31,2025-04-29,2025.0,Q1,2026-04-14,331.38,331.38,1745416.0,229291615.0,240000000.0,243000000.0,1065000000.0,-326000000.0,-285000000.0,-301000000.0,-301000000.0,16043000000.0,20382000000.0,-4339000000.0,535000000.0,10617000000.0,11152000000.0,731000000.0,2764000000.0,4835000000.0,0.571664943123061,-1.2386831275720165,-267.5260465116279
HOLX,HOLOGIC INC,362221.0,simfin,us-income-annual,us-balance-annual,us-shareprices-latest,2026-04-15T23:13:34+00:00,2024-09-30,2024-11-27,2024.0,FY,2026-04-07,76.01,76.01,0.0,223244905.0,235723000.0,237553000.0,4030300000.0,2267000000.0,970200000.0,789500000.0,789500000.0,9156000000.0,4026000000.0,5130000000.0,40800000.0,2509300000.0,2550100000.0,2333600000.0,3823300000.0,1037200000.0,3.686174315464713,3.323468867999983,22.870682115262827
HD,HOME DEPOT INC,261673.0,simfin,us-income-annual,us-balance-annual,us-shareprices-latest,2026-04-15T23:13:34+00:00,2025-01-31,2025-03-21,2024.0,FY,2026-04-14,342.71,342.71,2875918.0,995511485.0,990000000.0,993000000.0,159514000000.0,53308000000.0,21526000000.0,14806000000.0,14806000000.0,96119000000.0,89479000000.0,6640000000.0,4898000000.0,48485000000.0,53383000000.0,1659000000.0,31683000000.0,28661000000.0,1.1054394473326123,14.910372608257804,22.984670403890316
HON,HONEYWELL INTERNATIONAL INC,105257.0,simfin,us-income-quarterly,us-balance-quarterly,us-shareprices-latest,2026-04-15T23:13:34+00:00,2025-03-31,2025-04-29,2025.0,Q1,2026-04-14,233.24,233.24,3154286.0,635675701.0,687740200.0,691453700.0,9822000000.0,3785000000.0,1985000000.0,1449000000.0,1449000000.0,75218000000.0,57187000000.0,18031000000.0,7088000000.0,25744000000.0,32832000000.0,10059000000.0,27645000000.0,22071000000.0,1.2525485931765665,2.0955849972311955,111.30066320772949
HRL,HORMEL FOODS CORP /DE/,375369.0,simfin,us-income-quarterly,us-balance-quarterly,us-shareprices-latest,2026-04-15T23:13:34+00:00,2025-01-31,2025-02-27,2025.0,Q1,2026-04-14,20.76,20.76,5307523.0,550284207.0,549460000.0,549854000.0,2988813000.0,475232000.0,212219000.0,170574000.0,170574000.0,13403482000.0,5365041000.0,8038442000.0,7187000.0,2850206000.0,2857393000.0,866414000.0,3266067000.0,1331809000.0,2.452353903600291,0.3102168939391184,66.92092018713286
HST,"HOST HOTELS & RESORTS, INC.",346970.0,simfin,us-income-quarterly,us-balance-quarterly,us-shareprices-latest,2026-04-15T23:13:34+00:00,2025-03-31,2025-05-02,2025.0,Q1,2026-04-14,20.91,20.91,13550958.0,687802181.0,697800000.0,698300000.0,1594000000.0,613000000.0,275000000.0,244000000.0,244000000.0,12947000000.0,6161000000.0,6786000000.0,,5085000000.0,5085000000.0,428000000.0,1102000000.0,1076000000.0,1.0241635687732342,0.34942002004868966,59.84202049180328
HWM,Howmet Aerospace Inc.,195506.0,simfin,us-income-quarterly,us-balance-quarterly,us-shareprices-latest,2026-04-15T23:13:34+00:00,2025-03-31,2025-05-01,2025.0,Q1,2026-04-14,258.03,258.03,1629242.0,400940063.0,405000000.0,407000000.0,1942000000.0,652000000.0,490000000.0,344000000.0,344000000.0,10772000000.0,5980000000.0,4792000000.0,7000000.0,3317000000.0,3324000000.0,536000000.0,3554000000.0,1548000000.0,2.295865633074935,0.8452088452088452,305.2854941860465
HPQ,HP INC,184360.0,simfin,us-income-quarterly,us-balance-quarterly,us-shareprices-latest,2026-04-15T23:13:34+00:00,2025-01-31,2025-02-28,2025.0,Q1,2026-04-14,18.99,18.99,16711121.0,914550199.0,948000000.0,957000000.0,13504000000.0,2840000000.0,921000000.0,565000000.0,565000000.0,38930000000.0,40002000000.0,-1072000000.0,1418000000.0,8273000000.0,9691000000.0,2894000000.0,19834000000.0,27434000000.0,0.7229714952249034,0.5903866248693835,32.1653628318584
HUBB,HUBBELL INC,628038.0,simfin,us-income-quarterly,us-balance-quarterly,us-shareprices-latest,2026-04-15T23:13:34+00:00,2025-03-31,2025-05-02,2025.0,Q1,2026-04-14,545.62,545.62,462072.0,53161602.0,53500000.0,53800000.0,1365200000.0,451200000.0,239000000.0,169700000.0,169700000.0,6922100000.0,3649900000.0,3272200000.0,816100000.0,1044000000.0,1860100000.0,360300000.0,2261800000.0,1938300000.0,1.1668988288706599,3.154275092936803,172.9779375368297
HUM,HUMANA INC,234479.0,simfin,,,us-shareprices-latest,2026-04-15T23:13:34+00:00,,,,,2026-04-14,196.21,196.21,1101664.0,120595967.0,,,,,,,,,,,,,0.0,,,,,,
HBAN,Huntington Bancshares,378164.0,simfin,,,us-shareprices-latest,2026-04-15T23:13:34+00:00,,,,,2026-04-14,16.59,16.59,27488070.0,2029792391.0,,,,,,,,,,,,,0.0,,,,,,
HII,"HUNTINGTON INGALLS INDUSTRIES, INC.",903401.0,simfin,us-income-quarterly,us-balance-quarterly,us-shareprices-latest,2026-04-15T23:13:34+00:00,2025-03-31,2025-05-01,2025.0,Q1,2026-04-14,398.07,398.07,275575.0,39242688.0,39300000.0,39300000.0,2734000000.0,394000000.0,148000000.0,149000000.0,149000000.0,12103000000.0,7330000000.0,4773000000.0,503000000.0,2699000000.0,3202000000.0,167000000.0,3042000000.0,2855000000.0,1.0654991243432574,3.791348600508906,104.99430201342281
IBM,INTERNATIONAL BUSINESS MACHINES CORP,69543.0,simfin,us-income-quarterly,us-balance-quarterly,us-shareprices-latest,2026-04-15T23:13:34+00:00,2025-03-31,2025-04-24,2025.0,Q1,2026-04-14,240.27,240.27,3768164.0,938034404.0,928000000.0,945400000.0,14541000000.0,8031000000.0,1195000000.0,1056000000.0,1056000000.0,145667000000.0,118714000000.0,26953000000.0,6913000000.0,56371000000.0,63284000000.0,22593000000.0,35336000000.0,35105000000.0,1.006580259222333,1.1169875185106832,215.10535795454547
IEX,IDEX CORP /DE/,824090.0,simfin,us-income-quarterly,us-balance-quarterly,us-shareprices-latest,2026-04-15T23:13:34+00:00,2025-03-31,2025-05-01,2025.0,Q1,2026-04-14,204.9,204.9,718665.0,74347824.0,75700000.0,75800000.0,814300000.0,368900000.0,159500000.0,95300000.0,95300000.0,6795100000.0,2889200000.0,3905900000.0,100700000.0,1839100000.0,1939800000.0,594100000.0,1626700000.0,583600000.0,2.7873543522960933,1.2572559366754616,162.97397691500527
IDXX,Idexx Laboratories Inc,447447.0,simfin,us-income-quarterly,us-balance-quarterly,us-shareprices-latest,2026-04-15T23:13:34+00:00,2025-03-31,2025-05-01,2025.0,Q1,2026-04-14,584.05,584.05,455044.0,79624034.0,81319000.0,81922000.0,998427000.0,623379000.0,316534000.0,242677000.0,242677000.0,3213689000.0,1765676000.0,1448013000.0,170929000.0,769299000.0,940228000.0,163970000.0,1317613000.0,816713000.0,1.6133121426988428,2.9622934010400135,197.16142897761222
ITW,Illinois Tool Works,378165.0,simfin,us-income-quarterly,us-balance-quarterly,us-shareprices-latest,2026-04-15T23:13:34+00:00,2025-03-31,2025-05-01,2025.0,Q1,2026-04-14,272.25,272.25,1004055.0,288200000.0,293600000.0,294500000.0,3839000000.0,1678000000.0,972000000.0,700000000.0,700000000.0,15468000000.0,12226000000.0,3242000000.0,981000000.0,7282000000.0,8263000000.0,873000000.0,6037000000.0,3780000000.0,1.5970899470899471,2.3769100169779285,114.5394642857143
INCY,INCYTE CORP,671924.0,simfin,us-income-quarterly,us-balance-quarterly,us-shareprices-latest,2026-04-15T23:13:34+00:00,2025-03-31,2025-04-29,2025.0,Q1,2026-04-14,97.69,97.69,1372993.0,199014486.0,193712000.0,198197000.0,1052898000.0,979710000.0,216740000.0,158203000.0,158203000.0,5749365000.0,2081802000.0,3667563000.0,,,0.0,1941722000.0,3874397000.0,1674095000.0,2.3143232612247213,0.7982108710020838,122.38620588737255
IR,Ingersoll Rand Inc.,6475601.0,simfin,,,us-shareprices-latest,2026-04-15T23:13:34+00:00,,,,,2026-04-14,88.32,88.32,3667322.0,391617994.0,,,,,,,,,,,,,0.0,,,,,,
PODD,INSULET CORP,349262.0,simfin,us-income-quarterly,us-balance-quarterly,us-shareprices-latest,2026-04-15T23:13:34+00:00,2025-03-31,2025-05-09,2025.0,Q1,2026-04-14,201.49,201.49,733397.0,70395848.0,70272000.0,74111000.0,569000000.0,409000000.0,88800000.0,35400000.0,35400000.0,3517300000.0,2186600000.0,1330700000.0,83100000.0,1612300000.0,1695400000.0,1283100000.0,2328400000.0,520400000.0,4.474250576479631,0.4776618855500533,421.8255759887006
INTC,INTEL CORP,85652.0,simfin,us-income-quarterly,us-balance-quarterly,us-shareprices-latest,2026-04-15T23:13:34+00:00,2025-03-31,2025-04-25,2025.0,Q1,2026-04-14,63.81,63.81,112046017.0,4995000000.0,4343000000.0,4343000000.0,12667000000.0,4672000000.0,-145000000.0,-821000000.0,-821000000.0,192242000000.0,85829000000.0,106413000000.0,5240000000.0,44911000000.0,50151000000.0,21048000000.0,42134000000.0,32174000000.0,1.3095667309007273,-0.18903983421597972,-337.5479049939099
IBKR,"Interactive Brokers Group, Inc.",718957.0,simfin,,,us-shareprices-latest,2026-04-15T23:13:34+00:00,,,,,2026-04-14,77.1,77.1,5520208.0,445439858.0,,,,,,,,,,,,,0.0,,,,,,
ICE,Intercontinental Exchange,378167.0,simfin,us-income-quarterly,us-balance-quarterly,us-shareprices-latest,2026-04-15T23:13:34+00:00,2025-03-31,2025-05-01,2025.0,Q1,2026-04-14,162.04,162.04,2555550.0,567896513.0,574000000.0,577000000.0,3229000000.0,1992000000.0,1253000000.0,797000000.0,797000000.0,142870000000.0,108113000000.0,34757000000.0,2932000000.0,17356000000.0,20288000000.0,783000000.0,92644000000.0,92720000000.0,0.9991803278688525,1.3812824956672443,117.31126725219573
IFF,Intl Flavors & Fragrances,378169.0,simfin,us-income-quarterly,us-balance-quarterly,us-shareprices-latest,2026-04-15T23:13:34+00:00,2025-03-31,2025-05-06,2025.0,Q1,2026-04-14,72.59,72.59,1190926.0,255477487.0,256000000.0,256000000.0,2843000000.0,1035000000.0,267000000.0,-1018000000.0,-1018000000.0,28265000000.0,15052000000.0,13213000000.0,1689000000.0,7601000000.0,9290000000.0,613000000.0,8633000000.0,4607000000.0,1.8738875624050357,-3.9765625,-18.254459724950884
IP,INTERNATIONAL PAPER CO /NEW/,261549.0,simfin,us-income-quarterly,us-balance-quarterly,us-shareprices-latest,2026-04-15T23:13:34+00:00,2025-03-31,2025-05-07,2025.0,Q1,2026-04-14,36.54,36.54,4634697.0,529469427.0,437600000.0,437600000.0,5901000000.0,1642000000.0,-35000000.0,-105000000.0,-105000000.0,41168000000.0,23076000000.0,18092000000.0,444000000.0,11774000000.0,12218000000.0,1156000000.0,9288000000.0,6988000000.0,1.3291356611333716,-0.23994515539305303,-152.2848
INTU,INTUIT INC,183557.0,simfin,us-income-annual,us-balance-annual,us-shareprices-latest,2026-04-15T23:13:34+00:00,2024-07-31,2024-09-04,2024.0,FY,2026-04-14,366.8,366.8,2479780.0,276550000.0,280000000.0,284000000.0,16285000000.0,12820000000.0,3853000000.0,2963000000.0,2963000000.0,32132000000.0,13696000000.0,18436000000.0,499000000.0,5539000000.0,6038000000.0,4074000000.0,9678000000.0,7491000000.0,1.2919503404084902,10.433098591549296,35.157340533243335
ISRG,INTUITIVE SURGICAL INC,103498.0,simfin,us-income-quarterly,us-balance-quarterly,us-shareprices-latest,2026-04-15T23:13:34+00:00,2025-03-31,2025-04-23,2025.0,Q1,2026-04-14,467.22,467.22,1971910.0,355130237.0,357500000.0,364600000.0,2253400000.0,1457700000.0,578100000.0,698400000.0,698400000.0,19220400000.0,2012700000.0,17207700000.0,,,0.0,4511300000.0,7657800000.0,1538100000.0,4.978740003900917,1.9155238617663193,243.9123883161512
IVZ,Invesco Ltd.,378170.0,simfin,us-income-quarterly,us-balance-quarterly,us-shareprices-latest,2026-04-15T23:13:34+00:00,2025-03-31,2025-04-28,2025.0,Q1,2026-04-14,24.72,24.72,6984406.0,443673777.0,452900000.0,454000000.0,1529200000.0,555600000.0,277300000.0,230300000.0,171100000.0,28143600000.0,12356200000.0,15787400000.0,,964800000.0,964800000.0,821700000.0,1616300000.0,1958600000.0,0.8252323087919943,0.37687224669603525,65.59251899473992
INVH,Invitation Homes Inc.,949710.0,simfin,us-income-quarterly,us-balance-quarterly,us-shareprices-latest,2026-04-15T23:13:34+00:00,2025-03-31,2025-05-01,2025.0,Q1,2026-04-14,26.47,26.47,4531800.0,609386093.0,612777606.0,613361880.0,674479000.0,400291000.0,187627000.0,165745000.0,165745000.0,18578092000.0,8823078000.0,9755014000.0,,8103480000.0,8103480000.0,84387000.0,318630000.0,250501000.0,1.2719709701757678,0.2702238358862471,97.95582951883918
IQV,IQVIA HOLDINGS INC.,744724.0,simfin,us-income-quarterly,us-balance-quarterly,us-shareprices-latest,2026-04-15T23:13:34+00:00,2025-03-31,2025-05-06,2025.0,Q1,2026-04-14,175.28,175.28,1228066.0,169700000.0,175700000.0,177400000.0,3829000000.0,1298000000.0,525000000.0,249000000.0,249000000.0,27322000000.0,21337000000.0,5985000000.0,1222000000.0,13108000000.0,14330000000.0,1876000000.0,5911000000.0,7179000000.0,0.8233737289316061,1.403607666290868,124.87820080321285
IRM,Iron Mountain Incorporated,378171.0,simfin,us-income-quarterly,us-balance-quarterly,us-shareprices-latest,2026-04-15T23:13:34+00:00,2025-03-31,2025-05-01,2025.0,Q1,2026-04-14,114.03,114.03,1096378.0,295835206.0,294507000.0,297260000.0,1592529000.0,882325000.0,320434000.0,15952000.0,15952000.0,19362087000.0,19786125000.0,-424038000.0,736922000.0,14177474000.0,14914396000.0,155338000.0,1750362000.0,2840911000.0,0.6161270099626494,0.053663459597658614,2124.9095912738217
JBHT,J. B. Hunt Transport Services,378173.0,simfin,us-income-quarterly,us-balance-quarterly,us-shareprices-latest,2026-04-15T23:13:34+00:00,2025-03-31,2025-04-25,2025.0,Q1,2026-04-14,229.61,229.61,722367.0,94604083.0,99905000.0,100489000.0,2921392000.0,668483000.0,178680000.0,117740000.0,117740000.0,8255673000.0,4389000000.0,3866673000.0,699223000.0,880243000.0,1579466000.0,43407000.0,1670559000.0,1874375000.0,0.8912618872957653,1.1716705311029068,195.96805919823342
JBL,JABIL CIRCUIT INC,79450.0,simfin,us-income-quarterly,us-balance-quarterly,us-shareprices-latest,2026-04-15T23:13:34+00:00,2025-02-28,2025-04-08,2025.0,Q2,2026-04-14,305.97,305.97,930424.0,105502622.0,110000000.0,111100000.0,6728000000.0,576000000.0,298000000.0,117000000.0,117000000.0,17396000000.0,16038000000.0,1358000000.0,,2883000000.0,2883000000.0,1592000000.0,12614000000.0,12401000000.0,1.0171760341907912,1.053105310531053,290.5407435897436
JKHY,Henry Jack & Associates Inc,447566.0,simfin,us-income-quarterly,us-balance-quarterly,us-shareprices-latest,2026-04-15T23:13:34+00:00,2025-03-31,2025-05-12,2025.0,Q3,2026-04-14,151.42,151.42,919350.0,72167368.0,72851000.0,73013000.0,585087000.0,244501000.0,138740000.0,111108000.0,111108000.0,2932018000.0,895587000.0,2036431000.0,90000000.0,80000000.0,170000000.0,39870000.0,593236000.0,435624000.0,1.361807430260959,1.5217563995452865,99.50344223638261
J,Jacobs Engineering Group,378172.0,simfin,us-income-quarterly,us-balance-quarterly,us-shareprices-latest,2026-04-15T23:13:34+00:00,2025-03-31,2025-05-06,2025.0,Q2,2026-04-14,125.41,125.41,630152.0,117446713.0,123479570.0,123850240.0,2910415000.0,738345000.0,208648000.0,5612000.0,5612000.0,11210695000.0,6515994000.0,4694701000.0,,2633620000.0,2633620000.0,1380508000.0,4444185000.0,2959460000.0,1.5016878079109026,0.045312790673639386,2767.6512114041343
JNJ,JOHNSON & JOHNSON,89661.0,simfin,us-income-quarterly,us-balance-quarterly,us-shareprices-latest,2026-04-15T23:13:34+00:00,2025-03-31,2025-04-23,2025.0,Q1,2026-04-14,240.1,240.1,10116256.0,2409898936.0,2407200000.0,2423800000.0,21893000000.0,14536000000.0,6199000000.0,10999000000.0,10999000000.0,193671000000.0,115562000000.0,78109000000.0,13897000000.0,38355000000.0,52252000000.0,38781000000.0,71551000000.0,56903000000.0,1.2574205226437973,4.537915669609704,52.90975361396491
JCI,JOHNSON CONTROLS INC,360440.0,simfin,us-income-quarterly,us-balance-quarterly,us-shareprices-latest,2026-04-15T23:13:34+00:00,2025-03-31,2025-05-07,2025.0,Q2,2026-04-14,142.05,142.05,3233487.0,612004462.0,659100000.0,661000000.0,5676000000.0,2069000000.0,642000000.0,478000000.0,478000000.0,42367000000.0,25335000000.0,17032000000.0,1819000000.0,8167000000.0,9986000000.0,795000000.0,11350000000.0,11817000000.0,0.9604806634509605,0.7231467473524962,196.43315899581592
JPM,JPMORGAN CHASE & CO,243510.0,simfin,,,us-shareprices-latest,2026-04-15T23:13:34+00:00,,,,,2026-04-14,311.12,311.12,10863698.0,2697032375.0,,,,,,,,,,,,,0.0,,,,,,
KVUE,Kenvue Inc.,9075752.0,simfin,us-income-quarterly,us-balance-quarterly,us-shareprices-latest,2026-04-15T23:13:34+00:00,2025-03-31,2025-05-08,2025.0,Q1,2026-04-14,17.38,17.38,16773534.0,1916732090.0,1914000000.0,1925000000.0,3741000000.0,2168000000.0,618000000.0,322000000.0,322000000.0,26257000000.0,16204000000.0,10053000000.0,2429000000.0,6309000000.0,8738000000.0,1057000000.0,5710000000.0,6666000000.0,0.8565856585658566,0.16727272727272727,103.90217391304347
KDP,Keurig Dr Pepper Inc.,378130.0,simfin,us-income-quarterly,us-balance-quarterly,us-shareprices-latest,2026-04-15T23:13:34+00:00,2025-03-31,2025-04-24,2025.0,Q1,2026-04-14,26.02,26.02,11501961.0,1358666059.0,1357100000.0,1362200000.0,3635000000.0,1985000000.0,801000000.0,517000000.0,517000000.0,53699000000.0,29252000000.0,24447000000.0,3999000000.0,11927000000.0,15926000000.0,653000000.0,4346000000.0,9171000000.0,0.4738850725111765,0.3795331082073117,68.55791876208897
KEY,KeyCorp,378174.0,simfin,,,us-shareprices-latest,2026-04-15T23:13:34+00:00,,,,,2026-04-14,21.63,21.63,14021917.0,1089647432.0,,,,,,,,,,,,,0.0,,,,,,
KEYS,"Keysight Technologies, Inc.",186556.0,simfin,us-income-annual,us-balance-annual,us-shareprices-latest,2026-04-15T23:13:34+00:00,2024-10-31,2024-12-17,2024.0,FY,2026-04-14,330.46,330.46,826985.0,171502495.0,174000000.0,175000000.0,4979000000.0,3133000000.0,833000000.0,614000000.0,614000000.0,9269000000.0,4164000000.0,5105000000.0,,1790000000.0,1790000000.0,1796000000.0,4257000000.0,1384000000.0,3.0758670520231215,3.5085714285714285,94.18648208469055
KMB,KIMBERLY CLARK CORP,384594.0,simfin,us-income-quarterly,us-balance-quarterly,us-shareprices-latest,2026-04-15T23:13:34+00:00,2025-03-31,2025-04-22,2025.0,Q1,2026-04-14,97.16,97.16,3534732.0,331922371.0,331800000.0,333300000.0,4840000000.0,1733000000.0,792000000.0,565000000.0,565000000.0,16305000000.0,15081000000.0,1224000000.0,766000000.0,6481000000.0,7247000000.0,563000000.0,5281000000.0,6921000000.0,0.7630400231180465,1.6951695169516952,57.3158017699115
KIM,Kimco Realty,378175.0,simfin,us-income-quarterly,us-balance-quarterly,us-shareprices-latest,2026-04-15T23:13:34+00:00,2025-03-31,2025-05-02,2025.0,Q1,2026-04-14,23.6,23.6,4831970.0,674066654.0,677074000.0,677299000.0,536624000.0,466713000.0,180131000.0,132817000.0,125134000.0,19731252000.0,8950651000.0,10780601000.0,7579983000.0,,7579983000.0,132503000.0,471814000.0,8950651000.0,0.05271281385007638,0.18475444375379263,127.73711701056469
KMI,"KINDER MORGAN, INC.",88392.0,simfin,us-income-quarterly,us-balance-quarterly,us-shareprices-latest,2026-04-15T23:13:34+00:00,2025-03-31,2025-04-18,2025.0,Q1,2026-04-14,31.65,31.65,15742421.0,2224806397.0,2222000000.0,2222000000.0,4241000000.0,2765000000.0,1145000000.0,717000000.0,717000000.0,72318000000.0,40392000000.0,31926000000.0,3044000000.0,29965000000.0,33009000000.0,80000000.0,2579000000.0,5778000000.0,0.44634821737625474,0.32268226822682267,98.08410041841005
KKR,KKR & Co. Inc.,805180.0,simfin,us-income-quarterly,us-balance-quarterly,us-shareprices-latest,2026-04-15T23:13:34+00:00,2025-03-31,2025-05-09,2025.0,Q1,2026-04-14,100.43,100.43,6804911.0,890948725.0,888246698.0,957412910.0,3110183000.0,1777080000.0,1057093000.0,-185924000.0,-185924000.0,372372919000.0,303415987000.0,68956932000.0,,49580258000.0,49580258000.0,128690862000.0,179971098000.0,250097065000.0,0.7196049981634131,-0.194194164354855,-517.1628114245606
KLAC,KLA TENCOR CORP,132518.0,simfin,us-income-quarterly,us-balance-quarterly,us-shareprices-latest,2026-04-15T23:13:34+00:00,2025-03-31,2025-05-01,2025.0,Q3,2026-04-14,1795.91,1795.91,781356.0,131076611.0,132607000.0,133303000.0,3063029000.0,1887340000.0,1300392000.0,1088416000.0,1088416000.0,15188307000.0,11183568000.0,4004739000.0,,5883322000.0,5883322000.0,4028622000.0,9945019000.0,3400854000.0,2.92427108014634,8.164977532388619,219.9528403937465
KHC,Kraft Heinz Co,693432.0,simfin,us-income-annual,us-balance-annual,us-shareprices-latest,2026-04-15T23:13:34+00:00,2024-12-31,2025-02-13,2024.0,FY,2026-04-14,22.11,22.11,15792660.0,1183744751.0,1210000000.0,1215000000.0,25846000000.0,8968000000.0,5352000000.0,2744000000.0,2744000000.0,88287000000.0,38962000000.0,49325000000.0,654000000.0,19215000000.0,19869000000.0,1334000000.0,7655000000.0,7253000000.0,1.0554253412381083,2.2584362139917697,9.789959912536442
KR,KROGER CO,258154.0,simfin,us-income-annual,us-balance-annual,us-shareprices-latest,2026-04-15T23:13:34+00:00,2025-01-31,2025-04-01,2024.0,FY,2026-04-14,67.19,67.19,5304119.0,612575611.0,715000000.0,720000000.0,147123000000.0,33403000000.0,3849000000.0,2665000000.0,2665000000.0,52616000000.0,44335000000.0,8281000000.0,272000000.0,17633000000.0,17905000000.0,3959000000.0,15273000000.0,15940000000.0,0.9581555834378921,3.701388888888889,18.15264540337711
LHX,"L3HARRIS TECHNOLOGIES, INC.",248838.0,simfin,us-income-quarterly,us-balance-quarterly,us-shareprices-latest,2026-04-15T23:13:34+00:00,2025-03-31,2025-04-24,2025.0,Q1,2026-04-14,355.56,355.56,934737.0,186776263.0,188500000.0,189100000.0,5132000000.0,1350000000.0,525000000.0,386000000.0,386000000.0,41248000000.0,22118000000.0,19130000000.0,1275000000.0,10977000000.0,12252000000.0,517000000.0,7596000000.0,7449000000.0,1.0197341925090617,2.0412480169222635,174.18755440414506
LH,Laboratory Corp. of America Holding,378177.0,simfin,us-income-quarterly,us-balance-quarterly,us-shareprices-latest,2026-04-15T23:13:34+00:00,2025-03-31,2025-04-29,2025.0,Q1,2026-04-14,268.87,268.87,571694.0,82400000.0,83600000.0,84300000.0,3345100000.0,948000000.0,332400000.0,212800000.0,212800000.0,17603800000.0,9282100000.0,8321700000.0,188000000.0,5568700000.0,5756700000.0,369400000.0,3789700000.0,2064600000.0,1.8355613678194322,2.524317912218268,106.5119407894737
LRCX,LAM RESEARCH CORP,101897.0,simfin,us-income-quarterly,us-balance-quarterly,us-shareprices-latest,2026-04-15T23:13:34+00:00,2025-03-31,2025-04-25,2025.0,Q3,2026-04-14,272.41,272.41,8387930.0,1248771000.0,1283779000.0,1288100000.0,4720175000.0,2313686000.0,1561759000.0,1330667000.0,1330667000.0,19968310000.0,10457205000.0,9511105000.0,754306000.0,3730034000.0,4484340000.0,5450718000.0,13460322000.0,6180505000.0,2.177867666153494,1.0330463473332816,263.6958164589638
LW,"Lamb Weston Holdings, Inc.",1077538.0,simfin,us-income-quarterly,us-balance-quarterly,us-shareprices-latest,2026-04-15T23:13:34+00:00,2025-02-28,2025-04-03,2025.0,Q3,2026-04-14,43.73,43.73,2297754.0,138072803.0,141900000.0,142400000.0,1520500000.0,412900000.0,248700000.0,146000000.0,146000000.0,7422800000.0,5789200000.0,1633600000.0,564500000.0,3680600000.0,4245100000.0,67500000.0,2195100000.0,1621000000.0,1.3541640962368908,1.0252808988764044,42.65172602739726
LVS,LAS VEGAS SANDS CORP,1076498.0,simfin,us-income-quarterly,us-balance-quarterly,us-shareprices-latest,2026-04-15T23:13:34+00:00,2025-03-31,2025-04-25,2025.0,Q1,2026-04-14,55.52,55.52,2588600.0,671910723.0,712000000.0,713000000.0,2862000000.0,1476000000.0,631000000.0,352000000.0,352000000.0,21247000000.0,18214000000.0,3033000000.0,2994000000.0,10857000000.0,13851000000.0,3036000000.0,5110000000.0,6255000000.0,0.8169464428457234,0.49368863955119213,112.45954545454546
LDOS,"Leidos Holdings, Inc.",902720.0,simfin,us-income-annual,us-balance-quarterly,us-shareprices-latest,2026-04-15T23:13:34+00:00,2022-01-31,2022-02-14,2021.0,FY,2026-04-14,156.17,156.17,856862.0,126392684.0,141000000.0,143000000.0,14396000000.0,2084000000.0,1134000000.0,685000000.0,685000000.0,13197000000.0,8895000000.0,4302000000.0,119000000.0,5014000000.0,5133000000.0,842000000.0,4549000000.0,2961000000.0,1.536305302262749,4.79020979020979,32.60191240875913
LEN,LENNAR CORP /NEW/,80077.0,simfin,us-income-quarterly,us-balance-quarterly,us-shareprices-latest,2026-04-15T23:13:34+00:00,2024-02-29,2024-03-29,2024.0,Q1,2026-04-14,88.83,88.83,2799525.0,246298296.0,276946000.0,276946000.0,7312930000.0,1084303000.0,917894000.0,719334000.0,719334000.0,38951199000.0,12173269000.0,26777930000.0,,4551665000.0,4551665000.0,4950128000.0,27643081000.0,7298615000.0,3.787442000982378,2.597379994655998,34.19984760903836
LII,LENNOX INTERNATIONAL INC,98304.0,simfin,us-income-quarterly,us-balance-quarterly,us-shareprices-latest,2026-04-15T23:13:34+00:00,2025-03-31,2025-04-23,2025.0,Q1,2026-04-14,520.42,520.42,364469.0,34802911.0,35500000.0,35700000.0,1072600000.0,328500000.0,154400000.0,120300000.0,120300000.0,3455400000.0,2602900000.0,852500000.0,315200000.0,834200000.0,1149400000.0,222900000.0,1855000000.0,1294600000.0,1.432875019310984,3.369747899159664,154.4388528678304
LLY,Lilly (Eli) & Co.,378181.0,simfin,us-income-quarterly,us-balance-quarterly,us-shareprices-latest,2026-04-15T23:13:34+00:00,2025-03-31,2025-05-01,2025.0,Q1,2026-04-14,922.5,922.5,2353341.0,943357420.0,898700000.0,900600000.0,12728500000.0,10504300000.0,5301800000.0,2759300000.0,2759300000.0,89388800000.0,73542000000.0,15846800000.0,4016400000.0,34499500000.0,38515900000.0,3220700000.0,41261200000.0,30068100000.0,1.3722583069764966,3.063846324672441,301.0921248142645
LIN,LINDE PLC,1117109.0,simfin,us-income-quarterly,us-balance-quarterly,us-shareprices-latest,2026-04-15T23:13:34+00:00,2025-03-31,2025-05-01,2025.0,Q1,2026-04-14,499.65,499.65,1914803.0,463394156.0,473303000.0,476262000.0,8112000000.0,3955000000.0,2221000000.0,1741000000.0,1741000000.0,82704000000.0,43241000000.0,39463000000.0,6289000000.0,17608000000.0,23897000000.0,5294000000.0,13597000000.0,14485000000.0,0.9386952019330341,3.655550936249375,136.68254353819643
LYV,"Live Nation Entertainment, Inc.",682157.0,simfin,us-income-annual,us-balance-annual,us-shareprices-latest,2026-04-15T23:13:34+00:00,2024-12-31,2025-02-21,2024.0,FY,2026-04-14,166.28,166.28,1764839.0,234801922.0,230124255.0,236352449.0,23155625000.0,5774759000.0,813495000.0,896287000.0,896287000.0,19638771000.0,17693477000.0,1945295000.0,260901000.0,6177168000.0,6438069000.0,6095424000.0,9290137000.0,9358280000.0,0.9927184268904115,3.7921629489864097,43.84832672985327
LMT,LOCKHEED MARTIN CORP,103644.0,simfin,us-income-quarterly,us-balance-quarterly,us-shareprices-latest,2026-04-15T23:13:34+00:00,2025-03-31,2025-04-22,2025.0,Q1,2026-04-14,611.58,611.58,903546.0,230080240.0,234400000.0,235300000.0,17963000000.0,2039000000.0,2323000000.0,1712000000.0,1712000000.0,56669000000.0,49986000000.0,6683000000.0,1643000000.0,18661000000.0,20304000000.0,1803000000.0,22801000000.0,21187000000.0,1.0761787888799736,7.275818104547386,84.05652686915889
L,Loews Corp.,378182.0,simfin,,,us-shareprices-latest,2026-04-15T23:13:34+00:00,,,,,2026-04-14,110.28,110.28,642747.0,206052874.0,,,,,,,,,,,,,0.0,,,,,,
LOW,LOWES COMPANIES INC,186050.0,simfin,us-income-annual,us-balance-annual,us-shareprices-latest,2026-04-15T23:13:34+00:00,2025-01-31,2025-03-24,2024.0,FY,2026-04-14,248.44,248.44,1878089.0,560063429.0,567000000.0,568000000.0,83674000000.0,27877000000.0,10466000000.0,6957000000.0,6957000000.0,43102000000.0,57333000000.0,-14231000000.0,2586000000.0,32901000000.0,35487000000.0,2133000000.0,20358000000.0,18757000000.0,1.0853548008743403,12.248239436619718,20.283731493459825
LULU,lululemon athletica inc.,90670.0,simfin,us-income-annual,us-balance-annual,us-shareprices-latest,2026-04-15T23:13:34+00:00,2025-01-31,2025-03-27,2024.0,FY,2026-04-14,160.6,160.6,2588250.0,110482671.0,123735000.0,123935000.0,10588126000.0,6270811000.0,2505697000.0,1814616000.0,1814616000.0,7603292000.0,3279245000.0,4324047000.0,,,0.0,1984336000.0,3980302000.0,1839630000.0,2.1636426890189875,14.641675071610118,10.968690345505605
LYB,LyondellBasell,378183.0,simfin,us-income-annual,us-balance-annual,us-shareprices-latest,2026-04-15T23:13:34+00:00,2024-12-31,2025-02-27,2024.0,FY,2026-04-14,73.25,73.25,6672318.0,322169978.0,325000000.0,326000000.0,33394000000.0,4644000000.0,2867000000.0,1360000000.0,1360000000.0,35746000000.0,23158000000.0,12588000000.0,617000000.0,10532000000.0,11149000000.0,3375000000.0,12266000000.0,6705000000.0,1.8293810589112602,4.171779141104294,17.55845588235294
MTB,M&T BANK CORP,335339.0,simfin,,,us-shareprices-latest,2026-04-15T23:13:34+00:00,,,,,2026-04-14,220.51,220.51,983702.0,149000252.0,,,,,,,,,,,,,0.0,,,,,,
MPC,Marathon Petroleum Corp,353184.0,simfin,us-income-quarterly,us-balance-quarterly,us-shareprices-latest,2026-04-15T23:13:34+00:00,2025-03-31,2025-05-06,2025.0,Q1,2026-04-14,223.93,223.93,1522722.0,294740164.0,313000000.0,313000000.0,31850000000.0,2490000000.0,687000000.0,-74000000.0,-74000000.0,81633000000.0,58568000000.0,23065000000.0,4065000000.0,26845000000.0,30910000000.0,3812000000.0,27140000000.0,22725000000.0,1.1942794279427942,-0.2364217252396166,-947.1633783783784
MAR,MARRIOTT INTERNATIONAL INC /MD/,98192.0,simfin,us-income-quarterly,us-balance-quarterly,us-shareprices-latest,2026-04-15T23:13:34+00:00,2025-03-31,2025-05-06,2025.0,Q1,2026-04-14,366.7,366.7,1476030.0,264984554.0,276900000.0,277700000.0,6263000000.0,5967000000.0,949000000.0,665000000.0,665000000.0,26651000000.0,29819000000.0,-3168000000.0,959000000.0,14103000000.0,15062000000.0,523000000.0,3746000000.0,8284000000.0,0.4521970062771608,2.394670507742168,153.13171428571428
MRSH,,,simfin,,,us-shareprices-latest,2026-04-15T23:13:34+00:00,,,,,,,,,,,,,,,,,,,,,,0.0,,,,,,
MLM,Martin Marietta Materials,378186.0,simfin,us-income-quarterly,us-balance-quarterly,us-shareprices-latest,2026-04-15T23:13:34+00:00,2025-03-31,2025-04-30,2025.0,Q1,2026-04-14,630.8,630.8,276071.0,60312046.0,60900000.0,61000000.0,1353000000.0,335000000.0,196000000.0,116000000.0,116000000.0,17724000000.0,8640000000.0,9084000000.0,125000000.0,5289000000.0,5414000000.0,101000000.0,2103000000.0,935000000.0,2.2491978609625667,1.901639344262295,331.71379310344827
MAS,MASCO CORP /DE/,255010.0,simfin,us-income-quarterly,us-balance-quarterly,us-shareprices-latest,2026-04-15T23:13:34+00:00,2025-03-31,2025-04-23,2025.0,Q1,2026-04-14,64.91,64.91,2962386.0,203607085.0,212000000.0,213000000.0,1801000000.0,644000000.0,286000000.0,185000000.0,185000000.0,5106000000.0,5113000000.0,-6000000.0,133000000.0,2945000000.0,3078000000.0,377000000.0,2798000000.0,1603000000.0,1.7454772301933874,0.8685446009389671,74.73421621621621
MA,Mastercard Inc,331628.0,simfin,us-income-quarterly,us-balance-quarterly,us-shareprices-latest,2026-04-15T23:13:34+00:00,2025-03-31,2025-05-01,2025.0,Q1,2026-04-14,513.16,513.16,2738964.0,891812311.0,912000000.0,914000000.0,7250000000.0,,4300000000.0,3280000000.0,3280000000.0,48470000000.0,41774000000.0,6696000000.0,,18802000000.0,18802000000.0,7894000000.0,19804000000.0,17828000000.0,1.1108368857976216,3.588621444201313,142.99641463414633
MTCH,"Match Group, Inc.",647179.0,simfin,us-income-quarterly,us-balance-quarterly,us-shareprices-latest,2026-04-15T23:13:34+00:00,2025-03-31,2025-05-08,2025.0,Q1,2026-04-14,33.59,33.59,2707491.0,236070189.0,251130000.0,271928000.0,831178000.0,594270000.0,172593000.0,117570000.0,117570000.0,3889885000.0,4072597000.0,-182712000.0,,3427164000.0,3427164000.0,414170000.0,831788000.0,512369000.0,1.6234159365613454,0.4323570945250213,77.69041013864083
MKC,MCCORMICK & CO INC,251282.0,simfin,us-income-quarterly,us-balance-quarterly,us-shareprices-latest,2026-04-15T23:13:34+00:00,2025-02-28,2025-03-25,2025.0,Q1,2026-04-14,53.84,53.84,4456772.0,14781847.0,268300000.0,269500000.0,1605500000.0,604000000.0,225200000.0,162300000.0,162300000.0,12899800000.0,7450100000.0,5449700000.0,1212000000.0,3095700000.0,4307700000.0,102800000.0,2012700000.0,3101900000.0,0.6488603758986428,0.6022263450834879,89.40160197165743
MCD,MCDONALDS CORP,243628.0,simfin,us-income-quarterly,us-balance-quarterly,us-shareprices-latest,2026-04-15T23:13:34+00:00,2025-03-31,2025-05-12,2025.0,Q1,2026-04-14,303.22,303.22,3105222.0,710398642.0,715.0,718.0,5955000000.0,5335000000.0,2647000000.0,1867000000.0,1867000000.0,56329000000.0,59783000000.0,-3454000000.0,80000000.0,38845000000.0,38925000000.0,1238000000.0,4736000000.0,4008000000.0,1.181636726546906,2600278.5515320334,0.0001166105838243171
MCK,MCKESSON CORP,380928.0,simfin,us-income-annual,us-balance-annual,us-shareprices-latest,2026-04-15T23:13:34+00:00,2025-03-31,2025-05-09,2024.0,FY,2026-04-14,862.79,862.79,614292.0,122487456.0,127400000.0,128100000.0,359051000000.0,13323000000.0,4816000000.0,3295000000.0,3295000000.0,75140000000.0,76834000000.0,-1694000000.0,1191000000.0,4463000000.0,5654000000.0,5691000000.0,55398000000.0,61604000000.0,0.8992597883254334,25.72209211553474,33.54276145675265
MDT,Medtronic plc,73420.0,simfin,us-income-quarterly,us-balance-quarterly,us-shareprices-latest,2026-04-15T23:13:34+00:00,2025-01-31,2025-02-25,2025.0,Q3,2026-04-14,88.12,88.12,5612514.0,1283884964.0,1282400000.0,1286200000.0,8292000000.0,5513000000.0,1710000000.0,1292000000.0,1292000000.0,89972000000.0,40358000000.0,49616000000.0,2622000000.0,23985000000.0,26607000000.0,7922000000.0,22512000000.0,13325000000.0,1.6894559099437148,1.004509407557145,87.72441486068112
MRK,"Merck & Co., Inc.",262201.0,simfin,us-income-quarterly,us-balance-quarterly,us-shareprices-latest,2026-04-15T23:13:34+00:00,2025-03-31,2025-05-02,2025.0,Q1,2026-04-14,119.96,119.96,10456419.0,2472392003.0,2523000000.0,2531000000.0,15529000000.0,12110000000.0,5937000000.0,5079000000.0,5079000000.0,115122000000.0,66722000000.0,48400000000.0,1360000000.0,33484000000.0,34844000000.0,9228000000.0,29307000000.0,25174000000.0,1.164177325812346,2.0067167127617545,59.77924000787556
META,"Meta Platforms, Inc.",121021.0,simfin,us-income-quarterly,us-balance-quarterly,us-shareprices-latest,2026-04-15T23:13:34+00:00,2025-03-31,2025-05-01,2025.0,Q1,2026-04-14,662.49,662.49,17325830.0,2529555464.0,2527000000.0,2590000000.0,42314000000.0,34742000000.0,17555000000.0,16644000000.0,16644000000.0,280213000000.0,95184000000.0,185029000000.0,,28829000000.0,28829000000.0,70230000000.0,90227000000.0,33890000000.0,2.6623487754499853,6.4262548262548265,103.09114996395097
MET,METLIFE INC,380562.0,simfin,,,us-shareprices-latest,2026-04-15T23:13:34+00:00,,,,,2026-04-14,76.04,76.04,3395913.0,658891656.0,,,,,,,,,,,,,0.0,,,,,,
MTD,METTLER TOLEDO INTERNATIONAL INC/,334921.0,simfin,us-income-quarterly,us-balance-quarterly,us-shareprices-latest,2026-04-15T23:13:34+00:00,2025-03-31,2025-05-02,2025.0,Q1,2026-04-14,1341.53,1341.53,173441.0,20325250.0,20868873.0,20945188.0,883744000.0,525879000.0,219541000.0,163587000.0,163587000.0,3234679000.0,3416661000.0,-181982000.0,182855000.0,1891240000.0,2074095000.0,64291000.0,1164795000.0,1149695000.0,1.0131339181261116,7.810242619927785,171.7654707136875
MGM,MGM Resorts International,139431.0,simfin,us-income-quarterly,us-balance-quarterly,us-shareprices-latest,2026-04-15T23:13:34+00:00,2025-03-31,2025-04-30,2025.0,Q1,2026-04-14,36.73,36.73,4947534.0,255828519.0,287125000.0,289096000.0,4277082000.0,1957199000.0,397953000.0,148554000.0,148554000.0,41903113000.0,38281691000.0,3621422000.0,,6414628000.0,6414628000.0,2270563000.0,4139074000.0,3169455000.0,1.3059260977044949,0.5138569886819603,71.47903173256863
MCHP,MICROCHIP TECHNOLOGY INC,333440.0,simfin,us-income-annual,us-balance-annual,us-shareprices-latest,2026-04-15T23:13:34+00:00,2025-03-31,2025-05-23,2024.0,FY,2026-04-14,74.5,74.5,7395539.0,541135458.0,537300000.0,537300000.0,4401600000.0,2467900000.0,375500000.0,-500000.0,-2700000.0,15374600000.0,8296300000.0,7078300000.0,,5630400000.0,5630400000.0,771700000.0,2991300000.0,1155100000.0,2.589645918102329,-0.005025125628140704,-14825.5
MU,MICRON TECHNOLOGY INC,60906.0,simfin,us-income-quarterly,us-balance-quarterly,us-shareprices-latest,2026-04-15T23:13:34+00:00,2025-02-28,2025-03-21,2025.0,Q2,2026-04-14,465.66,465.66,51593603.0,1127734051.0,1115000000.0,1123000000.0,8053000000.0,2963000000.0,1773000000.0,1583000000.0,1583000000.0,73053000000.0,24420000000.0,48633000000.0,504000000.0,13851000000.0,14355000000.0,8215000000.0,24689000000.0,7877000000.0,3.1343150945791547,1.4096170970614426,330.3450284270373
MSFT,MICROSOFT CORP,59265.0,simfin,us-income-quarterly,us-balance-quarterly,us-shareprices-latest,2026-04-15T23:13:34+00:00,2025-03-31,2025-04-30,2025.0,Q3,2026-04-14,393.11,393.11,37019631.0,7425629076.0,7434000000.0,7461000000.0,70066000000.0,48147000000.0,32000000000.0,25824000000.0,25824000000.0,562624000000.0,240733000000.0,321891000000.0,2999000000.0,39882000000.0,42881000000.0,79618000000.0,156644000000.0,114206000000.0,1.3715916852004273,3.4611982308001608,113.57627439591079
MAA,MID AMERICA APARTMENT COMMUNITIES INC.,744578.0,simfin,us-income-quarterly,us-balance-quarterly,us-shareprices-latest,2026-04-15T23:13:34+00:00,2023-09-30,2023-10-26,2023.0,Q3,2026-04-14,126.34,126.34,819507.0,116901020.0,116633000.0,116711000.0,542042000.0,419382000.0,166295000.0,110732000.0,109810000.0,11382322000.0,5060700000.0,6321622000.0,360110000.0,4034153000.0,4394263000.0,161897000.0,161897000.0,1026547000.0,0.15771026557965684,0.9408710404332068,134.27982642746562
MRNA,"Moderna, Inc.",917766.0,simfin,us-income-quarterly,us-balance-quarterly,us-shareprices-latest,2026-04-15T23:13:34+00:00,2025-03-31,2025-05-01,2025.0,Q1,2026-04-14,52.84,52.84,5402628.0,394939424.0,386000000.0,386000000.0,108000000.0,18000000.0,-1050000000.0,-971000000.0,-971000000.0,12704000000.0,2638000000.0,10066000000.0,,,0.0,5975000000.0,6766000000.0,1604000000.0,4.2182044887780545,-2.5155440414507773,-21.0053964984552
MOH,"MOLINA HEALTHCARE, INC.",1178120.0,simfin,us-income-quarterly,us-balance-quarterly,us-shareprices-latest,2026-04-15T23:13:34+00:00,2025-03-31,2025-04-24,2025.0,Q1,2026-04-14,147.51,147.51,672661.0,51500000.0,54600000.0,54800000.0,11147000000.0,1668000000.0,433000000.0,298000000.0,298000000.0,16386000000.0,12076000000.0,4310000000.0,,3574000000.0,3574000000.0,9294000000.0,13257000000.0,8155000000.0,1.6256284488044144,5.437956204379562,27.125999999999998
TAP,MOLSON COORS BREWING CO,248956.0,simfin,us-income-quarterly,us-balance-quarterly,us-shareprices-latest,2026-04-15T23:13:34+00:00,2025-03-31,2025-05-08,2025.0,Q1,2026-04-14,43.66,43.66,3726485.0,178155656.0,203000000.0,204000000.0,2304100000.0,850900000.0,181800000.0,121000000.0,121000000.0,25930500000.0,12478700000.0,13451800000.0,83200000.0,6154600000.0,6237800000.0,412700000.0,2563600000.0,2865800000.0,0.894549514969642,0.5931372549019608,73.6085950413223
MDLZ,Mondelez International,378190.0,simfin,us-income-quarterly,us-balance-quarterly,us-shareprices-latest,2026-04-15T23:13:34+00:00,2025-03-31,2025-04-29,2025.0,Q1,2026-04-14,57.84,57.84,6635992.0,1281845669.0,1301000000.0,1305000000.0,9313000000.0,2430000000.0,682000000.0,402000000.0,402000000.0,68927000000.0,43104000000.0,25823000000.0,3742000000.0,15796000000.0,19538000000.0,1561000000.0,12730000000.0,21003000000.0,0.6061038899204876,0.3080459770114943,187.76417910447762
MPWR,MONOLITHIC POWER SYSTEMS INC,118204.0,simfin,us-income-quarterly,us-balance-quarterly,us-shareprices-latest,2026-04-15T23:13:34+00:00,2025-03-31,2025-05-05,2025.0,Q1,2026-04-14,1363.42,1363.42,541787.0,49118000.0,47851000.0,48006000.0,637554000.0,353230000.0,168759000.0,133791000.0,133791000.0,3805760000.0,538750000.0,3267010000.0,,,0.0,1026664000.0,1788386000.0,363401000.0,4.921246776976398,2.7869641294838146,489.21332914770056
MNST,Monster Beverage Corp,333441.0,simfin,us-income-quarterly,us-balance-quarterly,us-shareprices-latest,2026-04-15T23:13:34+00:00,2025-03-31,2025-05-09,2025.0,Q1,2026-04-14,75.07,75.07,5680186.0,978270734.0,973622000.0,981282000.0,1854558000.0,1047962000.0,569745000.0,442993000.0,442993000.0,8227028000.0,1707589000.0,6519439000.0,,199059000.0,199059000.0,1903419000.0,4135419000.0,1225357000.0,3.3748687117305405,0.45144311217366667,166.28894754544655
MCO,MOODYS CORP /DE/,88874.0,simfin,us-income-quarterly,us-balance-quarterly,us-shareprices-latest,2026-04-15T23:13:34+00:00,2025-03-31,2025-04-23,2025.0,Q1,2026-04-14,438.06,438.06,859918.0,177300000.0,180000000.0,180700000.0,1924000000.0,1433000000.0,881000000.0,625000000.0,625000000.0,15096000000.0,11238000000.0,3858000000.0,,6823000000.0,6823000000.0,2201000000.0,4565000000.0,2917000000.0,1.5649640041138155,3.4587714443829554,126.6519072
MS,MORGAN STANLEY,86439.0,simfin,,,us-shareprices-latest,2026-04-15T23:13:34+00:00,,,,,2026-04-14,183.34,183.34,8535702.0,1587860206.0,,,,,,,,,,,,,0.0,,,,,,
MOS,MOSAIC CO,94993.0,simfin,us-income-quarterly,us-balance-quarterly,us-shareprices-latest,2026-04-15T23:13:34+00:00,2025-03-31,2025-05-07,2025.0,Q1,2026-04-14,23.94,23.94,10663228.0,317505258.0,317000000.0,318200000.0,2620900000.0,488400000.0,338500000.0,238100000.0,238100000.0,23165700000.0,11249000000.0,11916700000.0,1267700000.0,3329900000.0,4597600000.0,259200000.0,4594800000.0,4091000000.0,1.123148374480567,0.7482715273412948,31.993733725325495
MSI,"Motorola Solutions, Inc.",333970.0,simfin,us-income-quarterly,us-balance-quarterly,us-shareprices-latest,2026-04-15T23:13:34+00:00,2025-03-31,2025-05-01,2025.0,Q1,2026-04-14,440.08,440.08,747846.0,165658912.0,166900000.0,169800000.0,2528000000.0,1300000000.0,582000000.0,430000000.0,430000000.0,14433000000.0,12774000000.0,1659000000.0,322000000.0,5677000000.0,5999000000.0,1564000000.0,5899000000.0,4922000000.0,1.1984965461194637,2.532391048292108,173.78042790697674
MSCI,MSCI Inc.,549638.0,simfin,us-income-quarterly,us-balance-quarterly,us-shareprices-latest,2026-04-15T23:13:34+00:00,2025-03-31,2025-04-22,2025.0,Q1,2026-04-14,545.69,545.69,551505.0,73474042.0,77630000.0,77807000.0,745826000.0,,377023000.0,288600000.0,288600000.0,5344374000.0,6302944000.0,-958570000.0,,4546859000.0,4546859000.0,360671000.0,1235535000.0,1466328000.0,0.8426047923793313,3.7091778374696363,147.11885595980598
NDAQ,NASDAQ OMX Group,378192.0,simfin,us-income-quarterly,us-balance-quarterly,us-shareprices-latest,2026-04-15T23:13:34+00:00,2025-03-31,2025-04-28,2025.0,Q1,2026-04-14,86.71,86.71,3059478.0,568443856.0,575045177.0,579982858.0,2090000000.0,1341000000.0,576000000.0,395000000.0,395000000.0,30647000000.0,19092000000.0,11555000000.0,400000000.0,8926000000.0,9326000000.0,891000000.0,7818000000.0,7971000000.0,0.9808054196462176,0.6810546114450852,127.31724966374682
NTAP,"NetApp, Inc.",183964.0,simfin,us-income-quarterly,us-balance-quarterly,us-shareprices-latest,2026-04-15T23:13:34+00:00,2025-01-31,2025-02-27,2025.0,Q3,2026-04-14,98.89,98.89,2098774.0,197330400.0,204000000.0,208000000.0,1641000000.0,1145000000.0,373000000.0,299000000.0,299000000.0,8989000000.0,7994000000.0,995000000.0,2820000000.0,3296000000.0,6116000000.0,2261000000.0,3908000000.0,4195000000.0,0.931585220500596,1.4375,68.79304347826087
NFLX,NETFLIX INC,83548.0,simfin,us-income-quarterly,us-balance-quarterly,us-shareprices-latest,2026-04-15T23:13:34+00:00,2025-03-31,2025-04-18,2025.0,Q1,2026-04-14,106.28,106.28,40201875.0,4222162150.0,4272700000.0,4369620000.0,10542801000.0,5279654000.0,3346999000.0,2890351000.0,2890351000.0,52087644000.0,28059571000.0,24028073000.0,1005881000.0,14011037000.0,15016918000.0,8370990000.0,11697632000.0,9718519000.0,1.2036434769536388,0.6614650701891698,160.67363915316858
NEM,NEWMONT MINING CORP /DE/,103736.0,simfin,us-income-quarterly,us-balance-quarterly,us-shareprices-latest,2026-04-15T23:13:34+00:00,2025-03-31,2025-04-24,2025.0,Q1,2026-04-14,119.3,119.3,6961224.0,1087874212.0,1126000000.0,1127000000.0,5010000000.0,2904000000.0,2016000000.0,1891000000.0,1891000000.0,55519000000.0,24088000000.0,31431000000.0,109000000.0,8548000000.0,8657000000.0,4716000000.0,10740000000.0,5426000000.0,1.979358643568006,1.6779059449866904,71.10052882072976
NWSA,,,simfin,,,us-shareprices-latest,2026-04-15T23:13:34+00:00,,,,,,,,,,,,,,,,,,,,,,0.0,,,,,,
NWS,NEWS CORP,160346.0,simfin,us-income-annual,us-balance-annual,us-shareprices-latest,2026-04-15T23:13:34+00:00,2023-06-30,2023-08-15,2023.0,FY,2026-04-14,28.83,28.83,879198.0,555378060.0,576000000.0,579000000.0,8012000000.0,,674000000.0,149000000.0,149000000.0,16921000000.0,7976000000.0,8945000000.0,27000000.0,2940000000.0,2967000000.0,1833000000.0,4053000000.0,3165000000.0,1.280568720379147,0.25734024179620035,112.03067114093959
NEE,NEXTERA ENERGY INC,188922.0,simfin,us-income-quarterly,us-balance-quarterly,us-shareprices-latest,2026-04-15T23:13:34+00:00,2025-03-31,2025-04-23,2025.0,Q1,2026-04-14,91.31,91.31,9366433.0,2083521964.0,2055500000.0,2060700000.0,6247000000.0,5082000000.0,2220000000.0,833000000.0,833000000.0,194264000000.0,133898000000.0,60366000000.0,9864000000.0,79814000000.0,89678000000.0,2419000000.0,12648000000.0,22861000000.0,0.5532566379423473,0.4042315717959917,225.88537454981991
NKE,NIKE INC,101814.0,simfin,us-income-quarterly,us-balance-quarterly,us-shareprices-latest,2026-04-15T23:13:34+00:00,2025-02-28,2025-04-03,2025.0,Q3,2026-04-14,44.2,44.2,20289304.0,1480887033.0,1478100000.0,1480600000.0,11269000000.0,4675000000.0,788000000.0,794000000.0,794000000.0,37793000000.0,23786000000.0,14007000000.0,1004000000.0,7956000000.0,8960000000.0,10393000000.0,24609000000.0,11223000000.0,2.1927292167869554,0.536269080102661,82.42130982367759
NI,NISOURCE INC/DE,119873.0,simfin,us-income-annual,us-balance-annual,us-shareprices-latest,2026-04-15T23:13:34+00:00,2024-12-31,2025-02-12,2024.0,FY,2026-04-14,47.22,47.22,4515342.0,478533171.0,454200000.0,456000000.0,5455100000.0,4322900000.0,1464500000.0,760400000.0,739700000.0,31788100000.0,21119800000.0,10668300000.0,1885800000.0,12074500000.0,13960300000.0,279500000.0,1801300000.0,4113400000.0,0.43791024456653865,1.6221491228070175,29.109530890901716
NDSN,NORDSON CORP,188156.0,simfin,us-income-quarterly,us-balance-quarterly,us-shareprices-latest,2026-04-15T23:13:34+00:00,2025-01-31,2025-02-20,2025.0,Q1,2026-04-14,279.01,279.01,313243.0,55783598.0,57129000.0,57486000.0,615420000.0,335896000.0,140947000.0,94652000.0,94652000.0,5871526000.0,2994915000.0,2876611000.0,101063000.0,2085177000.0,2186240000.0,130424000.0,1226024000.0,484067000.0,2.5327568291166305,1.6465226315972585,169.4540935215315
NSC,Norfolk Southern Corp.,378195.0,simfin,us-income-quarterly,us-balance-quarterly,us-shareprices-latest,2026-04-15T23:13:34+00:00,2025-03-31,2025-04-23,2025.0,Q1,2026-04-14,299.7,299.7,1055657.0,224572025.0,226100000.0,226500000.0,2993000000.0,2046000000.0,961000000.0,750000000.0,750000000.0,43800000000.0,29289000000.0,14511000000.0,555000000.0,16660000000.0,17215000000.0,1006000000.0,2701000000.0,3450000000.0,0.7828985507246377,3.3112582781456954,90.5094
NTRS,NORTHERN TRUST CORP,407194.0,simfin,,,us-shareprices-latest,2026-04-15T23:13:34+00:00,,,,,2026-04-14,155.82,155.82,887453.0,185827803.0,,,,,,,,,,,,,0.0,,,,,,
NOC,NORTHROP GRUMMAN CORP /DE/,333824.0,simfin,us-income-quarterly,us-balance-quarterly,us-shareprices-latest,2026-04-15T23:13:34+00:00,2025-03-31,2025-04-22,2025.0,Q1,2026-04-14,680.13,680.13,520587.0,141921621.0,144600000.0,144900000.0,9468000000.0,1580000000.0,573000000.0,481000000.0,481000000.0,48468000000.0,33484000000.0,14984000000.0,,14167000000.0,14167000000.0,1685000000.0,13267000000.0,13969000000.0,0.9497458658458015,3.3195307108350587,204.887395010395
NCLH,Norwegian Cruise Line Holdings Ltd.,744483.0,simfin,us-income-quarterly,us-balance-quarterly,us-shareprices-latest,2026-04-15T23:13:34+00:00,2025-03-31,2025-05-05,2025.0,Q1,2026-04-14,21.09,21.09,16402428.0,455545641.0,441147186.0,572191810.0,2127553000.0,823615000.0,200942000.0,-40295000.0,-40295000.0,21354343000.0,19937809000.0,1416534000.0,1121941000.0,12871840000.0,13993781000.0,184359000.0,1145496000.0,6094488000.0,0.187956067843599,-0.07042218937037914,-299.47947072589653
NRG,NRG Energy,378196.0,simfin,us-income-quarterly,us-balance-quarterly,us-shareprices-latest,2026-04-15T23:13:34+00:00,2024-06-30,2024-08-08,2024.0,Q2,2026-04-14,170.96,170.96,2409787.0,214677543.0,208000000.0,214000000.0,6659000000.0,2331000000.0,1426000000.0,738000000.0,721000000.0,25762000000.0,22139000000.0,3620000000.0,262000000.0,10425000000.0,10687000000.0,376000000.0,9806000000.0,5638000000.0,1.7392692444129123,3.369158878504673,50.74263522884882
NUE,NUCOR CORP,334772.0,simfin,us-income-quarterly,us-balance-quarterly,us-shareprices-latest,2026-04-15T23:13:34+00:00,2025-03-31,2025-05-14,2025.0,Q1,2026-04-14,190.04,190.04,982318.0,227774615.0,232700000.0,232900000.0,7830000000.0,605000000.0,324000000.0,156000000.0,156000000.0,34699000000.0,13584000000.0,21115000000.0,1191000000.0,6689000000.0,7880000000.0,4061000000.0,12760000000.0,5059000000.0,2.5222375963629178,0.669815371404036,283.71997435897435
NVDA,NVIDIA CORP,172199.0,simfin,us-income-annual,us-balance-annual,us-shareprices-latest,2026-04-15T23:13:34+00:00,2025-01-31,2025-02-26,2024.0,FY,2026-04-14,196.51,196.51,159484467.0,24300000000.0,24555000000.0,24804000000.0,130497000000.0,97858000000.0,81453000000.0,72880000000.0,72880000000.0,111601000000.0,32274000000.0,79327000000.0,,8463000000.0,8463000000.0,43210000000.0,80126000000.0,18047000000.0,4.439851498864077,2.938235768424448,66.88026948408341
NVR,NVR INC,896899.0,simfin,us-income-quarterly,us-balance-quarterly,us-shareprices-latest,2026-04-15T23:13:34+00:00,2025-03-31,2025-05-05,2025.0,Q1,2026-04-14,6843.71,6843.71,20644.0,2793760.0,2984000.0,3159000.0,2377157000.0,541782000.0,351972000.0,299576000.0,299576000.0,6195533000.0,2240869000.0,3954664000.0,,910633000.0,910633000.0,2211106000.0,3092928000.0,1305542000.0,2.369075832106512,94.83254194365306,72.16626128261277
NXPI,NXP Semiconductors N.V.,1150946.0,simfin,us-income-quarterly,us-balance-quarterly,us-shareprices-latest,2026-04-15T23:13:34+00:00,2025-03-31,2025-04-29,2025.0,Q1,2026-04-14,209.89,209.89,2085880.0,252692845.0,253709000.0,255018000.0,2835000000.0,1560000000.0,705000000.0,490000000.0,490000000.0,25180000000.0,15503000000.0,9677000000.0,1499000000.0,10226000000.0,11725000000.0,3988000000.0,8025000000.0,3849000000.0,2.0849571317225255,1.9214329968864943,109.23617963265305
ORLY,O REILLY AUTOMOTIVE INC,334679.0,simfin,us-income-quarterly,us-balance-quarterly,us-shareprices-latest,2026-04-15T23:13:34+00:00,2025-03-31,2025-05-09,2025.0,Q1,2026-04-14,93.52,93.52,3852149.0,838487034.0,859560000.0,864330000.0,4136924000.0,2121485000.0,741466000.0,538485000.0,538485000.0,15293875000.0,16651331000.0,-1357456000.0,,5651821000.0,5651821000.0,191248000.0,6029467000.0,8510506000.0,0.708473385718781,0.6230085731144355,150.11029388005235
OXY,OCCIDENTAL PETROLEUM CORP /DE/,334205.0,simfin,us-income-quarterly,us-balance-quarterly,us-shareprices-latest,2026-04-15T23:13:34+00:00,2025-03-31,2025-05-07,2025.0,Q1,2026-04-14,55.38,55.38,15458984.0,986266656.0,941300000.0,982900000.0,6843000000.0,4825000000.0,1517000000.0,936000000.0,766000000.0,84967000000.0,49862000000.0,35105000000.0,1557000000.0,24037000000.0,25594000000.0,2612000000.0,9716000000.0,9623000000.0,1.0096643458380963,0.7793264828568521,71.06136031331593
ODFL,OLD DOMINION FREIGHT LINE INC/VA,782146.0,simfin,us-income-annual,us-balance-annual,us-shareprices-latest,2026-04-15T23:13:34+00:00,2024-12-31,2025-02-25,2024.0,FY,2026-04-14,210.41,210.41,1195298.0,208425619.0,215326000.0,216485000.0,5814810000.0,3125496000.0,1568371000.0,1186073000.0,1186073000.0,5491395000.0,1246807000.0,4244588000.0,20000000.0,39987000.0,59987000.0,108676000.0,720683000.0,540529000.0,1.333292015784537,5.478776820564935,38.40455760311549
OMC,OMNICOM GROUP INC.,251397.0,simfin,us-income-quarterly,us-balance-quarterly,us-shareprices-latest,2026-04-15T23:13:34+00:00,2025-03-31,2025-04-16,2025.0,Q1,2026-04-14,76.48,76.48,3266933.0,310336344.0,196700000.0,198300000.0,3690400000.0,629500000.0,452600000.0,287700000.0,287700000.0,28113700000.0,22745300000.0,5368400000.0,19100000.0,6116500000.0,6135600000.0,3378300000.0,14635300000.0,14545400000.0,1.0061806481774307,1.4508320726172466,52.714577685088635
ON,ON SEMICONDUCTOR CORP,136025.0,simfin,us-income-quarterly,us-balance-quarterly,us-shareprices-latest,2026-04-15T23:13:34+00:00,2025-03-31,2025-05-05,2025.0,Q1,2026-04-14,72.05,72.05,7231599.0,394020530.0,421300000.0,421300000.0,1445700000.0,293800000.0,-34400000.0,-486100000.0,-486100000.0,13253900000.0,5205000000.0,8048900000.0,,3348300000.0,3348300000.0,3012500000.0,6326500000.0,1278300000.0,4.94915121645936,-1.1538096368383575,-62.44530960707673
OKE,ONEOK INC /NEW/,334076.0,simfin,us-income-quarterly,us-balance-quarterly,us-shareprices-latest,2026-04-15T23:13:34+00:00,2025-03-31,2025-04-30,2025.0,Q1,2026-04-14,84.84,84.84,3927067.0,629783634.0,611400000.0,612500000.0,8043000000.0,2388000000.0,1262000000.0,636000000.0,636000000.0,64263000000.0,42143000000.0,22120000000.0,2259000000.0,29781000000.0,32040000000.0,141000000.0,4116000000.0,6183000000.0,0.6656962639495391,1.0383673469387755,81.70518867924528
ORCL,ORACLE CORP,257930.0,simfin,us-income-quarterly,us-balance-quarterly,us-shareprices-latest,2026-04-15T23:13:34+00:00,2025-02-28,2025-03-11,2025.0,Q3,2026-04-14,163.0,163.0,57508109.0,2873130000.0,2799000000.0,2874000000.0,14130000000.0,9935000000.0,4449000000.0,2936000000.0,2936000000.0,161378000000.0,144117000000.0,17261000000.0,8167000000.0,88109000000.0,96276000000.0,17823000000.0,30116000000.0,39436000000.0,0.7636677147783751,1.021572720946416,159.55790190735695
OTIS,Otis Worldwide Corp,1161716.0,simfin,us-income-quarterly,us-balance-quarterly,us-shareprices-latest,2026-04-15T23:13:34+00:00,2025-03-31,2025-04-24,2025.0,Q1,2026-04-14,81.9,81.9,2597277.0,388720773.0,396600000.0,399100000.0,3350000000.0,1001000000.0,500000000.0,243000000.0,243000000.0,11178000000.0,16169000000.0,-4991000000.0,1483000000.0,6923000000.0,8406000000.0,1918000000.0,7435000000.0,7892000000.0,0.9420932589964521,0.6088699574041594,134.5114814814815
PCAR,PACCAR INC,406606.0,simfin,us-income-annual,us-balance-annual,us-shareprices-latest,2026-04-15T23:13:34+00:00,2024-12-31,2025-02-19,2024.0,FY,2026-04-14,125.43,125.43,3168254.0,525894443.0,525300000.0,526600000.0,31564300000.0,5494700000.0,4382900000.0,4162000000.0,4162000000.0,43418900000.0,25912000000.0,17506900000.0,,15895000000.0,15895000000.0,9839600000.0,14891700000.0,9439600000.0,1.5775774397220221,7.903532092669958,15.870119654012495
PKG,Packaging Corp Of America,448316.0,simfin,us-income-quarterly,us-balance-quarterly,us-shareprices-latest,2026-04-15T23:13:34+00:00,2025-03-31,2025-05-08,2025.0,Q1,2026-04-14,209.93,209.93,812447.0,89213394000.0,89200000.0,89600000.0,2141000000.0,454700000.0,293300000.0,203800000.0,203800000.0,8969800000.0,4470600000.0,4499200000.0,2200000.0,2716200000.0,2718400000.0,843100000.0,3302500000.0,1007700000.0,3.2772650590453507,2.2745535714285716,92.29503434739941
PLTR,Palantir Technologies Inc.,1039027.0,simfin,us-income-quarterly,us-balance-quarterly,us-shareprices-latest,2026-04-15T23:13:34+00:00,2025-03-31,2025-05-06,2025.0,Q1,2026-04-14,135.7,135.7,52242435.0,2090107000.0,2162530000.0,2325600000.0,883855000.0,710885000.0,176048000.0,214031000.0,214031000.0,6736917000.0,1217944000.0,5518973000.0,,,0.0,5430689000.0,6282599000.0,923024000.0,6.806539158245073,0.09203259373925009,1474.4776224004931
PANW,Palo Alto Networks Inc,199345.0,simfin,us-income-quarterly,us-balance-quarterly,us-shareprices-latest,2026-04-15T23:13:34+00:00,2025-01-31,2025-02-14,2025.0,Q2,2026-04-14,161.59,161.59,7378883.0,816000000.0,659300000.0,709000000.0,2257000000.0,1658000000.0,241000000.0,269000000.0,269000000.0,20951700000.0,14576400000.0,6375300000.0,,533800000.0,533800000.0,3232900000.0,6339800000.0,7018400000.0,0.9033112960218853,0.37940761636107195,425.900780669145
PSKY,Paramount Skydance Corporation Class B Common Stock,19741528.0,simfin,,,us-shareprices-latest,2026-04-15T23:13:34+00:00,,,,,2026-04-14,11.08,11.08,8876312.0,1111741109.0,,,,,,,,,,,,,0.0,,,,,,
PH,PARKER HANNIFIN CORP,354246.0,simfin,us-income-quarterly,us-balance-quarterly,us-shareprices-latest,2026-04-15T23:13:34+00:00,2025-03-31,2025-05-06,2025.0,Q3,2026-04-14,985.0,985.0,529493.0,126216529.0,128442623.0,130320802.0,4960349000.0,1830398000.0,1046043000.0,960866000.0,960866000.0,28917808000.0,15517983000.0,13399825000.0,1951543000.0,7421370000.0,9372913000.0,408735000.0,6777140000.0,5614466000.0,1.2070854111504103,7.373082311141701,133.59405991053904
PAYX,PAYCHEX INC,106287.0,simfin,us-income-annual,us-balance-annual,us-shareprices-latest,2026-04-15T23:13:34+00:00,2024-05-31,2024-07-11,2024.0,FY,2026-04-14,88.85,88.85,2882502.0,358290881.0,360300000.0,362100000.0,5278300000.0,3799000000.0,2174100000.0,1690400000.0,1690400000.0,10383100000.0,6582100000.0,3801000000.0,18700000.0,798600000.0,817300000.0,1502800000.0,7251500000.0,5309100000.0,1.3658623872219398,4.668323667495167,19.032527804070043
PAYC,"Paycom Software, Inc.",746934.0,simfin,us-income-quarterly,us-balance-quarterly,us-shareprices-latest,2026-04-15T23:13:34+00:00,2025-03-31,2025-05-08,2025.0,Q1,2026-04-14,119.84,119.84,869012.0,54275097.0,56000000.0,56300000.0,530500000.0,445900000.0,185100000.0,139400000.0,139400000.0,4572600000.0,2855400000.0,1717200000.0,,,0.0,520800000.0,2989400000.0,2461200000.0,1.2146107589793598,2.476021314387211,48.400229555236734
PYPL,"PayPal Holdings, Inc.",109664.0,simfin,us-income-quarterly,us-balance-quarterly,us-shareprices-latest,2026-04-15T23:13:34+00:00,2025-03-31,2025-04-29,2025.0,Q1,2026-04-14,47.97,47.97,10785453.0,920664542.0,986000000.0,999000000.0,7791000000.0,4087000000.0,1967000000.0,1287000000.0,1287000000.0,81274000000.0,61020000000.0,20254000000.0,,11417000000.0,11417000000.0,11211000000.0,60611000000.0,46622000000.0,1.3000514778430783,1.2882882882882882,37.235454545454544
PNR,PENTAIR plc,334445.0,simfin,us-income-quarterly,us-balance-quarterly,us-shareprices-latest,2026-04-15T23:13:34+00:00,2025-03-31,2025-04-22,2025.0,Q1,2026-04-14,90.81,90.81,971673.0,163235706.0,164900000.0,166300000.0,1010400000.0,403300000.0,203100000.0,154900000.0,154900000.0,6747200000.0,3113600000.0,3633600000.0,,1835700000.0,1835700000.0,140600000.0,1727100000.0,912700000.0,1.8922975786129068,0.931449188214071,97.49324080051646
PEP,PEPSICO INC,218222.0,simfin,us-income-quarterly,us-balance-quarterly,us-shareprices-latest,2026-04-15T23:13:34+00:00,2025-03-31,2025-04-24,2025.0,Q1,2026-04-14,155.72,155.72,5652615.0,1366649053.0,1372000000.0,1376000000.0,17919000000.0,9993000000.0,2583000000.0,1834000000.0,1834000000.0,101737000000.0,83208000000.0,18529000000.0,9099000000.0,39419000000.0,48518000000.0,8582000000.0,26288000000.0,31511000000.0,0.834248357716353,1.3328488372093024,116.832453653217
PFE,PFIZER INC,262090.0,simfin,us-income-quarterly,us-balance-quarterly,us-shareprices-latest,2026-04-15T23:13:34+00:00,2025-03-31,2025-05-05,2025.0,Q1,2026-04-14,27.11,27.11,23799974.0,5686267431.0,5675000000.0,5710000000.0,13715000000.0,10870000000.0,4425000000.0,2968000000.0,2968000000.0,208028000000.0,117389000000.0,90637000000.0,4470000000.0,57639000000.0,62109000000.0,17317000000.0,45861000000.0,36450000000.0,1.2581893004115225,0.5197898423817864,52.155694070080855
PCG,PG&E Corp.,378198.0,simfin,us-income-quarterly,us-balance-quarterly,us-shareprices-latest,2026-04-15T23:13:34+00:00,2025-03-31,2025-04-24,2025.0,Q1,2026-04-14,17.56,17.56,26608357.0,2675711544.0,2195000000.0,2200000000.0,5983000000.0,5088000000.0,1269000000.0,634000000.0,607000000.0,135443000000.0,104506000000.0,30937000000.0,1524000000.0,57358000000.0,58882000000.0,2406000000.0,16893000000.0,1524000000.0,11.084645669291339,0.2759090909090909,63.64415156507414
PM,Philip Morris International Inc.,82860.0,simfin,us-income-quarterly,us-balance-quarterly,us-shareprices-latest,2026-04-15T23:13:34+00:00,2025-03-31,2025-04-24,2025.0,Q1,2026-04-14,159.47,159.47,4298112.0,1556679579.0,1556000000.0,1557000000.0,9301000000.0,6261000000.0,3544000000.0,2690000000.0,2690000000.0,65079000000.0,74005000000.0,-8926000000.0,10798000000.0,38781000000.0,49579000000.0,4443000000.0,22196000000.0,28587000000.0,0.7764368419211529,1.7276814386640975,92.30289591078068
PSX,Phillips 66,353084.0,simfin,us-income-quarterly,us-balance-quarterly,us-shareprices-latest,2026-04-15T23:13:34+00:00,2025-03-31,2025-04-25,2025.0,Q1,2026-04-14,158.76,158.76,2378193.0,400744022.0,409182000.0,410505000.0,30430000000.0,2770000000.0,-407000000.0,487000000.0,487000000.0,71838000000.0,43485000000.0,28353000000.0,1061000000.0,17742000000.0,18803000000.0,1489000000.0,18279000000.0,14883000000.0,1.2281798024591817,1.186343649894642,133.82294414784394
PNW,PINNACLE WEST CAPITAL CORP,327292.0,simfin,us-income-quarterly,us-balance-quarterly,us-shareprices-latest,2026-04-15T23:13:34+00:00,2024-06-30,2024-08-01,2024.0,Q2,2026-04-14,102.69,102.69,1150349.0,120905390.0,113695000.0,115803000.0,1308994000.0,871822000.0,313747000.0,203805000.0,203805000.0,25701130000.0,19384808000.0,6316322000.0,1531450000.0,8056225000.0,9587675000.0,4007000.0,2048599000.0,3112024000.0,0.658285090346347,1.759928499261677,58.34896136012365
PNC,"PNC FINANCIAL SERVICES GROUP, INC.",348075.0,simfin,,,us-shareprices-latest,2026-04-15T23:13:34+00:00,,,,,2026-04-14,221.2,221.2,2527101.0,403370923.0,,,,,,,,,,,,,0.0,,,,,,
POOL,Pool Corp,448357.0,simfin,us-income-quarterly,us-balance-quarterly,us-shareprices-latest,2026-04-15T23:13:34+00:00,2025-03-31,2025-04-29,2025.0,Q1,2026-04-14,217.98,217.98,411509.0,36787820.0,37460000.0,37630000.0,1071526000.0,312369000.0,77538000.0,53545000.0,53545000.0,3712449000.0,2473758000.0,1238691000.0,57059000.0,968031000.0,1025090000.0,71644000.0,2077577000.0,1157816000.0,1.79439306418291,1.422933829391443,153.19053879914088
PPG,PPG INDUSTRIES INC,256062.0,simfin,us-income-quarterly,us-balance-quarterly,us-shareprices-latest,2026-04-15T23:13:34+00:00,2025-03-31,2025-04-30,2025.0,Q1,2026-04-14,110.54,110.54,1520837.0,223494714.0,228000000.0,228900000.0,3684000000.0,1542000000.0,481000000.0,373000000.0,373000000.0,21140000000.0,14048000000.0,7092000000.0,1688000000.0,5574000000.0,7262000000.0,1893000000.0,7901000000.0,5837000000.0,1.3536063046085318,1.6295325469637396,67.83540482573727
PPL,PPL Corp,26853.0,simfin,us-income-annual,us-balance-annual,us-shareprices-latest,2026-04-15T23:13:34+00:00,2024-12-31,2025-02-13,2024.0,FY,2026-04-13,39.5,39.5,6674882.0,751306792.0,737756000.0,739853000.0,8462000000.0,6000000000.0,1740000000.0,888000000.0,888000000.0,41069000000.0,26992000000.0,14077000000.0,854000000.0,15952000000.0,16806000000.0,306000000.0,2880000000.0,3333000000.0,0.8640864086408641,1.2002384257413297,32.91012781531531
PFG,PRINCIPAL FINANCIAL GROUP INC,367240.0,simfin,,,us-shareprices-latest,2026-04-15T23:13:34+00:00,,,,,2026-04-14,94.14,94.14,1106609.0,216835141.0,,,,,,,,,,,,,0.0,,,,,,
PG,PROCTER & GAMBLE Co,133209.0,simfin,us-income-quarterly,us-balance-quarterly,us-shareprices-latest,2026-04-15T23:13:34+00:00,2025-03-31,2025-04-24,2025.0,Q3,2026-04-14,144.38,144.38,6614746.0,2324000685.0,2347200000.0,2449800000.0,19776000000.0,10082000000.0,4558000000.0,3771000000.0,3771000000.0,122983000000.0,70439000000.0,52545000000.0,9889000000.0,24252000000.0,34141000000.0,9116000000.0,24435000000.0,34248000000.0,0.7134723195515067,1.5393093313739896,93.79531264916469
PGR,Progressive Corp.,378203.0,simfin,,,us-shareprices-latest,2026-04-15T23:13:34+00:00,,,,,2026-04-14,196.59,196.59,3158661.0,585906353.0,,,,,,,,,,,,,0.0,,,,,,
PLD,"Prologis, Inc.",113992.0,simfin,us-income-quarterly,us-balance-quarterly,us-shareprices-latest,2026-04-15T23:13:34+00:00,2025-03-31,2025-04-29,2025.0,Q1,2026-04-14,138.36,138.36,3981467.0,929559000.0,927338000.0,956080000.0,2139665000.0,1590571000.0,814163000.0,592953000.0,591501000.0,95993391000.0,37917953000.0,58075438000.0,,32262055000.0,32262055000.0,671117000.0,1216659000.0,5655898000.0,0.2151133206433355,0.6186731235879843,223.63990728671635
PRU,PRUDENTIAL FINANCIAL INC,78741.0,simfin,,,us-shareprices-latest,2026-04-15T23:13:34+00:00,,,,,2026-04-14,98.76,98.76,1807114.0,348000000.0,,,,,,,,,,,,,0.0,,,,,,
PEG,PUBLIC SERVICE ENTERPRISE GROUP INC,117316.0,simfin,us-income-annual,us-balance-annual,us-shareprices-latest,2026-04-15T23:13:34+00:00,2024-12-31,2025-02-25,2024.0,FY,2026-04-14,82.05,82.05,2167889.0,498739910.0,498000000.0,500000000.0,10290000000.0,6897000000.0,2353000000.0,1772000000.0,1772000000.0,54640000000.0,38526000000.0,16114000000.0,3743000000.0,18964000000.0,22707000000.0,125000000.0,4235000000.0,6505000000.0,0.6510376633358954,3.544,23.15180586907449
PTC,PTC INC.,148538.0,simfin,us-income-quarterly,us-balance-quarterly,us-shareprices-latest,2026-04-15T23:13:34+00:00,2025-03-31,2025-05-01,2025.0,Q2,2026-04-14,133.65,133.65,1342363.0,118996116.0,120177000.0,120854000.0,636366000.0,530104000.0,227677000.0,162644000.0,162644000.0,6162431000.0,2775968000.0,3386463000.0,49319000.0,1518179000.0,1567498000.0,235169000.0,1132809000.0,1146250000.0,0.9882739367502726,1.3457891339963923,99.30976304075159
PSA,Public Storage,378204.0,simfin,us-income-quarterly,us-balance-quarterly,us-shareprices-latest,2026-04-15T23:13:34+00:00,2025-03-31,2025-04-30,2025.0,Q1,2026-04-14,304.0,304.0,1552889.0,175506447.0,175419000.0,175942000.0,1183184000.0,851337000.0,543438000.0,407791000.0,358230000.0,19615446000.0,9945094000.0,9670352000.0,9424558000.0,,9424558000.0,287177000.0,287177000.0,9945094000.0,0.028876247926867257,2.0360687044594243,149.3073388605086
PHM,PULTEGROUP INC/MI/,404717.0,simfin,us-income-quarterly,us-balance-quarterly,us-shareprices-latest,2026-04-15T23:13:34+00:00,2025-03-31,2025-04-22,2025.0,Q1,2026-04-14,122.68,122.68,1530213.0,192327885.0,202063000.0,203664000.0,3892650000.0,1122580000.0,674273000.0,522799000.0,522799000.0,17336546000.0,5035574000.0,12300972000.0,1625672000.0,,1625672000.0,1235666000.0,14878177000.0,5035574000.0,2.9546139129322695,2.5669681436090817,47.791789043207814
PWR,Quanta Services Inc.,378205.0,simfin,us-income-quarterly,us-balance-quarterly,us-shareprices-latest,2026-04-15T23:13:34+00:00,2025-03-31,2025-05-01,2025.0,Q1,2026-04-14,594.4,594.4,782548.0,149619428.0,148274000.0,150964000.0,6233334000.0,834037000.0,230509000.0,144258000.0,144258000.0,19134546000.0,11662174000.0,7472372000.0,73716000.0,4360007000.0,4433723000.0,520561000.0,7829753000.0,5985606000.0,1.3080969579354205,0.9555788134919584,622.0313715703808
QCOM,QUALCOMM INC/DE,85758.0,simfin,us-income-quarterly,us-balance-quarterly,us-shareprices-latest,2026-04-15T23:13:34+00:00,2025-03-31,2025-04-30,2025.0,Q2,2026-04-14,132.84,132.84,7546827.0,1067000000.0,1104000000.0,1115000000.0,10979000000.0,6042000000.0,3120000000.0,2812000000.0,2812000000.0,55372000000.0,27644000000.0,27728000000.0,1365000000.0,13258000000.0,14623000000.0,13846000000.0,26080000000.0,9626000000.0,2.709328900893414,2.5219730941704035,52.67304409672831
DGX,QUEST DIAGNOSTICS INC,341807.0,simfin,us-income-quarterly,us-balance-quarterly,us-shareprices-latest,2026-04-15T23:13:34+00:00,2025-03-31,2025-04-23,2025.0,Q1,2026-04-14,194.16,194.16,830945.0,109866320.0,111000000.0,113000000.0,2652000000.0,863000000.0,346000000.0,220000000.0,220000000.0,15797000000.0,8754000000.0,7043000000.0,174000000.0,5858000000.0,6032000000.0,188000000.0,2075000000.0,1441000000.0,1.439972241498959,1.9469026548672566,99.72763636363636
Q,,,simfin,,,us-shareprices-latest,2026-04-15T23:13:34+00:00,,,,,,,,,,,,,,,,,,,,,,0.0,,,,,,
RL,RALPH LAUREN CORP,331016.0,simfin,us-income-annual,us-balance-annual,us-shareprices-latest,2026-04-15T23:13:34+00:00,2025-03-31,2025-05-22,2024.0,FY,2026-04-14,373.0,373.0,551774.0,60536413.0,62600000.0,64000000.0,7079000000.0,4852900000.0,989900000.0,742900000.0,742900000.0,7047300000.0,4458800000.0,2588500000.0,399700000.0,742900000.0,1142600000.0,2083000000.0,3789900000.0,2133700000.0,1.7762103388480106,11.6078125,32.133530757840894
RJF,RAYMOND JAMES FINANCIAL INC,744727.0,simfin,,,us-shareprices-latest,2026-04-15T23:13:34+00:00,,,,,2026-04-14,153.23,153.23,1319046.0,197091037.0,,,,,,,,,,,,,0.0,,,,,,
RTX,RTX Corporation,261978.0,simfin,us-income-quarterly,us-balance-quarterly,us-shareprices-latest,2026-04-15T23:13:34+00:00,2025-03-31,2025-04-22,2025.0,Q1,2026-04-14,202.81,202.81,3187023.0,1342287676.0,1337100000.0,1351800000.0,20306000000.0,4116000000.0,2031000000.0,1535000000.0,1535000000.0,164864000000.0,101520000000.0,63344000000.0,3056000000.0,38244000000.0,41300000000.0,5157000000.0,52916000000.0,52624000000.0,1.00554879902706,1.1355230063618877,178.60492377850164
O,REALTY INCOME CORP,81605.0,simfin,us-income-quarterly,us-balance-quarterly,us-shareprices-latest,2026-04-15T23:13:34+00:00,2025-03-31,2025-05-06,2025.0,Q1,2026-04-14,63.81,63.81,4377150.0,932440218.0,891666000.0,892351000.0,1380505000.0,1273824000.0,620845000.0,249815000.0,249815000.0,69757696000.0,30515509000.0,39242187000.0,1701896000.0,25271324000.0,26973220000.0,319007000.0,1391668000.0,5244185000.0,0.26537355184838063,0.27995149890569965,227.93233917098655
REG,REGENCY CENTERS CORP,6475604.0,simfin,us-income-quarterly,us-balance-quarterly,us-shareprices-latest,2026-04-15T23:13:34+00:00,2025-03-31,2025-05-02,2025.0,Q1,2026-04-14,79.57,79.57,1246435.0,182906561.0,181449000.0,181813000.0,380912000.0,,146031000.0,109587000.0,106174000.0,12560070000.0,5683630000.0,6876440000.0,,265000000.0,265000000.0,,,5418630000.0,,0.5839736432488326,136.25614943394802
REGN,Regeneron,378206.0,simfin,us-income-quarterly,us-balance-quarterly,us-shareprices-latest,2026-04-15T23:13:34+00:00,2025-03-31,2025-04-29,2025.0,Q1,2026-04-14,755.51,755.51,637687.0,105719806.0,106700000.0,111200000.0,3028700000.0,2564400000.0,604000000.0,808700000.0,808700000.0,37545200000.0,8157600000.0,29387600000.0,,1984800000.0,1984800000.0,17625700000.0,26848000000.0,3778400000.0,7.105653186533982,7.27248201438849,103.88612835414862
RF,Regions Financial Corp.,378207.0,simfin,,,us-shareprices-latest,2026-04-15T23:13:34+00:00,,,,,2026-04-14,27.75,27.75,10306841.0,863506691.0,,,,,,,,,,,,,0.0,,,,,,
RSG,"REPUBLIC SERVICES, INC.",101495.0,simfin,us-income-quarterly,us-balance-quarterly,us-shareprices-latest,2026-04-15T23:13:34+00:00,2025-03-31,2025-04-25,2025.0,Q1,2026-04-14,211.73,211.73,2297116.0,308804970.0,313000000.0,313300000.0,4009000000.0,1695000000.0,834000000.0,491000000.0,491000000.0,33103000000.0,21438000000.0,11665000000.0,421000000.0,13278000000.0,13699000000.0,83000000.0,2321000000.0,3491000000.0,0.6648524778000573,1.5671879987232684,135.10185132382892
RMD,RESMED INC,129653.0,simfin,us-income-quarterly,us-balance-quarterly,us-shareprices-latest,2026-04-15T23:13:34+00:00,2025-03-31,2025-04-24,2025.0,Q3,2026-04-14,230.69,230.69,644925.0,145678401.0,146719000.0,147220000.0,1291736000.0,773853000.0,426268000.0,365041000.0,365041000.0,7566822000.0,2020689000.0,5546133000.0,9906000.0,663126000.0,673032000.0,932711000.0,3208420000.0,1091606000.0,2.9391740243274587,2.4795612009237877,93.03662273552833
RVTY,,,simfin,,,us-shareprices-latest,2026-04-15T23:13:34+00:00,,,,,,,,,,,,,,,,,,,,,,0.0,,,,,,
HOOD,"Robinhood Markets, Inc.",1249895.0,simfin,us-income-quarterly,us-balance-quarterly,us-shareprices-latest,2026-04-15T23:13:34+00:00,2025-03-31,2025-05-01,2025.0,Q1,2026-04-14,79.09,79.09,41187138.0,900308390.0,884577603.0,909241619.0,927000000.0,877000000.0,370000000.0,336000000.0,336000000.0,27517000000.0,19564000000.0,7953000000.0,9098000000.0,2531000000.0,11629000000.0,8858000000.0,25910000000.0,16900000000.0,1.5331360946745562,0.3695387375355065,214.02357037711312
ROK,ROCKWELL AUTOMATION INC,121874.0,simfin,us-income-quarterly,us-balance-quarterly,us-shareprices-latest,2026-04-15T23:13:34+00:00,2025-03-31,2025-05-07,2025.0,Q2,2026-04-14,405.27,405.27,614575.0,112357908.0,112900000.0,113300000.0,2001000000.0,810000000.0,341000000.0,252000000.0,252000000.0,10993000000.0,7388000000.0,3605000000.0,1114000000.0,2568000000.0,3682000000.0,450000000.0,3770000000.0,3584000000.0,1.0518973214285714,2.224183583406884,182.2106785714286
ROL,ROLLINS INC,744726.0,simfin,us-income-quarterly,us-balance-quarterly,us-shareprices-latest,2026-04-15T23:13:34+00:00,2025-03-31,2025-04-24,2025.0,Q1,2026-04-14,54.8,54.8,2685411.0,481092221.0,484414000.0,484434000.0,822504000.0,422370000.0,142648000.0,105248000.0,105248000.0,2948558000.0,1592806000.0,1355752000.0,,485451000.0,485451000.0,201177000.0,931757000.0,636819000.0,1.4631425883963889,0.2172597299116082,252.23266190331407
ROP,ROPER TECHNOLOGIES INC,119446.0,simfin,us-income-quarterly,us-balance-quarterly,us-shareprices-latest,2026-04-15T23:13:34+00:00,2025-03-31,2025-05-02,2025.0,Q1,2026-04-14,354.0,354.0,970261.0,102927515.0,107400000.0,108200000.0,1882800000.0,1293700000.0,525800000.0,331100000.0,331100000.0,31418800000.0,12195200000.0,19223600000.0,999400000.0,6457000000.0,7456400000.0,372800000.0,1704600000.0,3688000000.0,0.4622017353579176,3.06007393715342,115.68347931138628
ROST,ROSS STORES INC,200092.0,simfin,us-income-annual,us-balance-annual,us-shareprices-latest,2026-04-15T23:13:34+00:00,2025-01-31,2025-04-01,2024.0,FY,2026-04-14,223.29,223.29,1777130.0,323444928.0,328593000.0,330984000.0,21129219000.0,5868713000.0,2585586000.0,2090730000.0,2090730000.0,14905332000.0,9396137000.0,5509195000.0,699731000.0,1515080000.0,2214811000.0,4730744000.0,7538696000.0,4661825000.0,1.6171126114772647,6.316710173301429,35.34909689916919
RCL,ROYAL CARIBBEAN CRUISES LTD,403292.0,simfin,us-income-quarterly,us-balance-quarterly,us-shareprices-latest,2026-04-15T23:13:34+00:00,2025-03-31,2025-04-29,2025.0,Q1,2026-04-14,281.53,281.53,1861979.0,270528303.0,269000000.0,276000000.0,3999000000.0,1921000000.0,947000000.0,731000000.0,731000000.0,37452000000.0,29310000000.0,8142000000.0,1396000000.0,17993000000.0,19389000000.0,386000000.0,1828000000.0,10300000000.0,0.1774757281553398,2.648550724637681,106.2958686730506
SPGI,"S&P Global, Inc.",378217.0,simfin,us-income-quarterly,us-balance-quarterly,us-shareprices-latest,2026-04-15T23:13:34+00:00,2025-03-31,2025-04-29,2025.0,Q1,2026-04-14,425.24,425.24,2395136.0,298800000.0,307300000.0,307700000.0,3777000000.0,2624000000.0,1567000000.0,1090000000.0,1090000000.0,59889000000.0,22164000000.0,37725000000.0,3000000.0,11388000000.0,11391000000.0,1469000000.0,5340000000.0,5920000000.0,0.902027027027027,3.542411439714007,120.04252110091744
CRM,SALESFORCE COM INC,85017.0,simfin,us-income-annual,us-balance-annual,us-shareprices-latest,2026-04-15T23:13:34+00:00,2025-01-31,2025-03-05,2024.0,FY,2026-04-14,171.31,171.31,12977329.0,923000000.0,962000000.0,974000000.0,37895000000.0,29252000000.0,7666000000.0,6197000000.0,6197000000.0,102928000000.0,41755000000.0,61173000000.0,0.0,8433000000.0,8433000000.0,14032000000.0,29727000000.0,27980000000.0,1.0624374553252323,6.362422997946612,26.925276746812973
SNDK,SANDISK CORP,505727.0,simfin,,,us-shareprices-latest,2026-04-15T23:13:34+00:00,,,,,2026-04-14,944.46,944.46,19556598.0,202935277.0,,,,,,,,,,,,,0.0,,,,,,
SBAC,SBA COMMUNICATIONS CORP,100897.0,simfin,us-income-quarterly,us-balance-quarterly,us-shareprices-latest,2026-04-15T23:13:34+00:00,2025-03-31,2025-05-01,2025.0,Q1,2026-04-14,218.08,218.08,1195178.0,105788592.0,107744000.0,108140000.0,664248000.0,510582000.0,334910000.0,220732000.0,220732000.0,10442917000.0,15351016000.0,-4908099000.0,771802000.0,11654372000.0,12426174000.0,636447000.0,933316000.0,1343016000.0,0.694940343227482,2.0411688551877196,106.84074443216208
SLB,SCHLUMBERGER LIMITED/NV,353500.0,simfin,us-income-quarterly,us-balance-quarterly,us-shareprices-latest,2026-04-15T23:13:34+00:00,2025-03-31,2025-04-25,2025.0,Q1,2026-04-14,51.49,51.49,11093389.0,1495331485.0,1366000000.0,1380000000.0,8490000000.0,1606000000.0,1416000000.0,797000000.0,797000000.0,49002000000.0,28254000000.0,20748000000.0,3475000000.0,10527000000.0,14002000000.0,3897000000.0,18595000000.0,15036000000.0,1.2366985900505454,0.577536231884058,89.15457967377667
STX,Seagate Technology,378212.0,simfin,us-income-quarterly,us-balance-quarterly,us-shareprices-latest,2026-04-15T23:13:34+00:00,2025-03-31,2025-05-02,2025.0,Q3,2026-04-14,533.44,533.44,3554493.0,218073067.0,212000000.0,216000000.0,2160000000.0,760000000.0,441000000.0,340000000.0,340000000.0,7564000000.0,8393000000.0,-829000000.0,,5146000000.0,5146000000.0,814000000.0,3282000000.0,2412000000.0,1.3606965174129353,1.5740740740740742,338.8912941176471
SRE,Sempra Energy,378214.0,simfin,us-income-annual,us-balance-annual,us-shareprices-latest,2026-04-15T23:13:34+00:00,2024-12-31,2025-02-25,2024.0,FY,2026-04-14,96.16,96.16,3719128.0,653284140.0,633795000.0,637943000.0,13185000000.0,11428000000.0,2962000000.0,2862000000.0,2817000000.0,96155000000.0,58367000000.0,37788000000.0,4290000000.0,31558000000.0,35848000000.0,1565000000.0,5285000000.0,9676000000.0,0.5461967755270773,4.415755012595169,21.776570422435213
NOW,"ServiceNow, Inc.",617429.0,simfin,us-income-quarterly,us-balance-quarterly,us-shareprices-latest,2026-04-15T23:13:34+00:00,2025-03-31,2025-04-23,2025.0,Q1,2026-04-14,87.79,87.79,23340467.0,1046000000.0,1034100000.0,1046855000.0,3088000000.0,2437000000.0,451000000.0,460000000.0,460000000.0,20972000000.0,10833000000.0,10139000000.0,,1490000000.0,1490000000.0,6597000000.0,9270000000.0,8258000000.0,1.1225478324049407,0.4394113797994947,199.79000097826088
SHW,Sherwin-Williams,378215.0,simfin,us-income-quarterly,us-balance-quarterly,us-shareprices-latest,2026-04-15T23:13:34+00:00,2025-03-31,2025-04-29,2025.0,Q1,2026-04-14,333.6,333.6,1176356.0,247774767.0,249400000.0,252500000.0,5305700000.0,2559100000.0,756400000.0,503900000.0,503900000.0,24636100000.0,20506000000.0,4130100000.0,2949300000.0,7827100000.0,10776400000.0,199800000.0,6039700000.0,7876700000.0,0.7667805045260071,1.9956435643564356,167.1641198650526
SPG,SIMON PROPERTY GROUP INC /DE/,111127.0,simfin,us-income-quarterly,us-balance-quarterly,us-shareprices-latest,2026-04-15T23:13:34+00:00,2025-03-31,2025-05-12,2025.0,Q1,2026-04-14,202.96,202.96,2263006.0,324953274.0,326313432.0,326313432.0,1473012000.0,1306049000.0,727616000.0,414533000.0,413699000.0,32501143000.0,29233568000.0,3267575000.0,,24753200000.0,24753200000.0,1380008000.0,2159896000.0,4480368000.0,0.4820800434250044,1.267796417280181,160.0887944102355
SWKS,"SKYWORKS SOLUTIONS, INC.",353611.0,simfin,us-income-quarterly,us-balance-quarterly,us-shareprices-latest,2026-04-15T23:13:34+00:00,2025-03-31,2025-05-07,2025.0,Q2,2026-04-14,57.28,57.28,2417277.0,150373612.0,158500000.0,158800000.0,953200000.0,391600000.0,116900000.0,68700000.0,68700000.0,7885700000.0,1945400000.0,5940300000.0,,995100000.0,995100000.0,1506600000.0,3035500000.0,613200000.0,4.9502609262883235,0.43261964735516373,132.40267831149927
SJM,J M SMUCKER Co,254348.0,simfin,us-income-quarterly,us-balance-quarterly,us-shareprices-latest,2026-04-15T23:13:34+00:00,2025-01-31,2025-02-27,2025.0,Q3,2026-04-14,92.21,92.21,2317349.0,106694327.0,106400000.0,106400000.0,2186000000.0,878100000.0,468800000.0,-662300000.0,-662300000.0,18425600000.0,11518300000.0,6907300000.0,1461800000.0,6385500000.0,7847300000.0,47200000.0,1975300000.0,3289400000.0,0.6005046513041892,-6.224624060150376,-14.813746036539332
SW,,,simfin,,,us-shareprices-latest,2026-04-15T23:13:34+00:00,,,,,,,,,,,,,,,,,,,,,,0.0,,,,,,
SNA,SNAP-ON Inc,288357.0,simfin,us-income-annual,us-balance-annual,us-shareprices-latest,2026-04-15T23:13:34+00:00,2024-12-31,2025-02-13,2024.0,FY,2026-04-14,377.87,377.87,316310.0,51913121.0,52600000.0,53500000.0,4707400000.0,2377900000.0,1345700000.0,1043900000.0,1043900000.0,7896800000.0,2479800000.0,5417000000.0,13700000.0,1185500000.0,1199200000.0,1360500000.0,3989400000.0,961500000.0,4.149141965678627,19.512149532710282,19.365882747389595
SOLV,,,simfin,,,us-shareprices-latest,2026-04-15T23:13:34+00:00,,,,,,,,,,,,,,,,,,,,,,0.0,,,,,,
SO,SOUTHERN CO,189248.0,simfin,us-income-annual,us-balance-annual,us-shareprices-latest,2026-04-15T23:13:34+00:00,2022-12-31,2022-11-29,2022.0,FY,2026-04-14,95.96,95.96,5304283.0,1101104843.0,1075000000.0,1081000000.0,3369000000.0,1444000000.0,396000000.0,354000000.0,354000000.0,134891000000.0,100359000000.0,34532000000.0,,50656000000.0,50656000000.0,1917000000.0,10301000000.0,15724000000.0,0.6551132027473925,0.3274745605920444,293.030395480226
LUV,SOUTHWEST AIRLINES CO,205563.0,simfin,us-income-quarterly,us-balance-quarterly,us-shareprices-latest,2026-04-15T23:13:34+00:00,2025-03-31,2025-04-25,2025.0,Q1,2026-04-13,39.45,39.45,4239967.0,491317990.0,584000000.0,587000000.0,6428000000.0,1263000000.0,-223000000.0,-149000000.0,-149000000.0,33212000000.0,23847000000.0,9365000000.0,2608000000.0,4086000000.0,6694000000.0,8252000000.0,10734000000.0,13901000000.0,0.7721746636932595,-0.25383304940374785,-155.41711409395975
SWK,"STANLEY BLACK & DECKER, INC.",244442.0,simfin,us-income-quarterly,us-balance-quarterly,us-shareprices-latest,2026-04-15T23:13:34+00:00,2025-03-31,2025-04-30,2025.0,Q1,2026-04-14,72.19,72.19,1667582.0,155079468.0,151028000.0,151699000.0,3744600000.0,1120800000.0,253800000.0,90400000.0,90400000.0,22496200000.0,13654600000.0,8841600000.0,1984600000.0,4755200000.0,6739800000.0,344800000.0,7009100000.0,6348700000.0,1.104021295698332,0.5959169144160475,121.14104878318584
SBUX,STARBUCKS CORP,86689.0,simfin,us-income-quarterly,us-balance-quarterly,us-shareprices-latest,2026-04-15T23:13:34+00:00,2025-03-31,2025-04-29,2025.0,Q2,2026-04-14,98.47,98.47,4983290.0,1139300000.0,1136000000.0,1140000000.0,8761600000.0,6024000000.0,658100000.0,384200000.0,384200000.0,31633100000.0,39248500000.0,-7615400000.0,2247800000.0,13324000000.0,15571800000.0,3011600000.0,6713700000.0,16300600000.0,0.41186827478743115,0.3370175438596491,292.1806350858928
STT,State Street Corp.,378219.0,simfin,,,us-shareprices-latest,2026-04-15T23:13:34+00:00,,,,,2026-04-14,141.78,141.78,2271643.0,278728211.0,,,,,,,,,,,,,0.0,,,,,,
STLD,STEEL DYNAMICS INC,978926.0,simfin,us-income-quarterly,us-balance-quarterly,us-shareprices-latest,2026-04-15T23:13:34+00:00,2025-03-31,2025-05-12,2025.0,Q1,2026-04-14,195.3,195.3,962531.0,144882401.0,150262000.0,150809000.0,4369195000.0,486544000.0,275144000.0,217151000.0,217151000.0,15930428000.0,7096534000.0,8833894000.0,418947000.0,3777132000.0,4196079000.0,1206553000.0,6216705000.0,2266458000.0,2.742916480252447,1.4399074325802836,135.63371893290844
STE,STERIS plc,749030.0,simfin,us-income-annual,us-balance-annual,us-shareprices-latest,2026-04-15T23:13:34+00:00,2025-03-31,2025-05-29,2024.0,FY,2026-04-14,224.83,224.83,639678.0,98075025.0,98575000.0,99069000.0,5459515000.0,2402764000.0,960840000.0,614641000.0,614641000.0,10146800000.0,3531000000.0,6615800000.0,159200000.0,2043300000.0,2202500000.0,171700000.0,2000800000.0,1022200000.0,1.957346898845627,6.204170830431315,36.23852504144696
SYK,STRYKER CORP,105030.0,simfin,us-income-quarterly,us-balance-quarterly,us-shareprices-latest,2026-04-15T23:13:34+00:00,2025-03-31,2025-05-02,2025.0,Q1,2026-04-14,345.88,345.88,2275402.0,382688675.0,381700000.0,386400000.0,5866000000.0,3744000000.0,872000000.0,654000000.0,654000000.0,46006000000.0,25076000000.0,20930000000.0,2398000000.0,14383000000.0,16781000000.0,2409000000.0,13022000000.0,7929000000.0,1.6423256400554924,1.6925465838509317,204.35478899082568
SMCI,"Super Micro Computer, Inc.",175410.0,simfin,us-income-quarterly,us-balance-quarterly,us-shareprices-latest,2026-04-15T23:13:34+00:00,2025-03-31,2025-05-12,2025.0,Q3,2026-04-14,27.2,27.2,40674698.0,598989428.0,595041000.0,621809000.0,4599913000.0,440218000.0,146780000.0,108777000.0,108777000.0,10738525000.0,4359046000.0,6379479000.0,63971000.0,2428323000.0,2492294000.0,2536101000.0,9513589000.0,1428136000.0,6.661542738226611,0.17493635505436556,155.48511909686792
SYF,Synchrony Financial,493399.0,simfin,,,us-shareprices-latest,2026-04-15T23:13:34+00:00,,,,,2026-04-14,75.55,75.55,3203032.0,347596279.0,,,,,,,,,,,,,0.0,,,,,,
SNPS,SYNOPSYS INC,744723.0,simfin,us-income-quarterly,us-balance-quarterly,us-shareprices-latest,2026-04-15T23:13:34+00:00,2025-01-31,2025-02-26,2025.0,Q1,2026-04-14,418.8,418.8,1251573.0,191562027.0,154408000.0,156189000.0,1455315000.0,1185340000.0,251839000.0,295683000.0,295683000.0,13041089000.0,3736188000.0,9304901000.0,,14220000.0,14220000.0,3809369000.0,6323616000.0,2259284000.0,2.798946923007466,1.8931102702495055,221.22324651738518
SYY,SYSCO CORP,247719.0,simfin,us-income-quarterly,us-balance-quarterly,us-shareprices-latest,2026-04-15T23:13:34+00:00,2025-03-31,2025-04-30,2025.0,Q3,2026-04-14,74.04,74.04,6001933.0,478930649.0,487519382.0,489331460.0,19598000000.0,3581000000.0,681000000.0,401000000.0,401000000.0,26347000000.0,24402000000.0,1945000000.0,1232000000.0,12234000000.0,13466000000.0,1527000000.0,12282000000.0,9735000000.0,1.261633281972265,0.8194854260954323,90.34937979650874
TMUS,"T-Mobile US, Inc.",515267.0,simfin,us-income-quarterly,us-balance-quarterly,us-shareprices-latest,2026-04-15T23:13:34+00:00,2025-03-31,2025-04-24,2025.0,Q1,2026-04-14,190.0,190.0,6598943.0,1101862739.0,1140537935.0,1144655297.0,20886000000.0,13486000000.0,4800000000.0,2953000000.0,2953000000.0,214633000000.0,153528000000.0,61105000000.0,12655000000.0,77530000000.0,90185000000.0,12003000000.0,27441000000.0,23629000000.0,1.1613271826992255,2.579815956593612,73.64866455469014
TROW,T. Rowe Price Group,378221.0,simfin,us-income-quarterly,us-balance-quarterly,us-shareprices-latest,2026-04-15T23:13:34+00:00,2025-03-31,2025-05-02,2025.0,Q1,2026-04-14,95.84,95.84,1804203.0,218072901.0,222300000.0,222600000.0,1763900000.0,,625000000.0,490500000.0,490500000.0,13993700000.0,2461400000.0,11532300000.0,42000000.0,,42000000.0,2836700000.0,3771300000.0,1484500000.0,2.540451330414281,2.2035040431266846,43.49436085626912
TTWO,TAKE TWO INTERACTIVE SOFTWARE INC,372538.0,simfin,us-income-annual,us-balance-annual,us-shareprices-latest,2026-04-15T23:13:34+00:00,2025-03-31,2025-05-20,2024.0,FY,2026-04-14,205.1,205.1,1726718.0,185175456.0,175100000.0,175100000.0,5633600000.0,3062200000.0,-739400000.0,-4478900000.0,-4478900000.0,9180700000.0,7043000000.0,2137700000.0,1148500000.0,2512600000.0,3661100000.0,1465500000.0,2815900000.0,3615800000.0,0.7787764810000554,-25.57909765848087,-8.01826564558262
TPR,Tapestry Inc,331230.0,simfin,us-income-annual,us-balance-annual,us-shareprices-latest,2026-04-15T23:13:34+00:00,2024-06-30,2024-08-15,2024.0,FY,2026-04-14,150.87,150.87,1373240.0,202464223.0,229200000.0,233200000.0,6671200000.0,4889500000.0,1140100000.0,816000000.0,816000000.0,13396300000.0,10499400000.0,2896900000.0,303400000.0,6937200000.0,7240600000.0,7203800000.0,8803700000.0,1711600000.0,5.143549894835242,3.4991423670668955,43.11627941176471
TRGP,Targa Resources Corp.,625570.0,simfin,us-income-quarterly,us-balance-quarterly,us-shareprices-latest,2026-04-15T23:13:34+00:00,2025-03-31,2025-05-01,2025.0,Q1,2026-04-14,239.28,239.28,1013022.0,214951798.0,217900000.0,218700000.0,4561500000.0,1303700000.0,543300000.0,270500000.0,200000000.0,22800300000.0,20227600000.0,2572700000.0,660400000.0,15548300000.0,16208700000.0,151400000.0,2076200000.0,3198100000.0,0.6491979612895157,0.9144947416552355,261.65268
TGT,TARGET CORP,72458.0,simfin,us-income-annual,us-balance-annual,us-shareprices-latest,2026-04-15T23:13:34+00:00,2025-01-31,2025-03-12,2024.0,FY,2026-04-14,119.53,119.53,4914353.0,452855589.0,460400000.0,461800000.0,106566000000.0,30064000000.0,5566000000.0,4091000000.0,4091000000.0,57769000000.0,43103000000.0,14666000000.0,1636000000.0,14304000000.0,15940000000.0,4762000000.0,19454000000.0,20799000000.0,0.9353334294918025,8.858813339107838,13.492777804937669
TEL,TE Connectivity Ltd.,104745.0,simfin,us-income-quarterly,us-balance-quarterly,us-shareprices-latest,2026-04-15T23:13:34+00:00,2025-03-31,2025-04-28,2025.0,Q2,2026-04-14,236.88,236.88,1714895.0,293434273.0,298000000.0,300000000.0,4143000000.0,1459000000.0,802000000.0,13000000.0,13000000.0,23656000000.0,11439000000.0,12217000000.0,2351000000.0,3263000000.0,5614000000.0,2554000000.0,9074000000.0,6395000000.0,1.418921032056294,0.043333333333333335,5466.461538461538
TDY,TELEDYNE TECHNOLOGIES INC,1164973.0,simfin,us-income-quarterly,us-balance-quarterly,us-shareprices-latest,2026-04-15T23:13:34+00:00,2025-03-31,2025-04-28,2025.0,Q1,2026-04-14,647.59,647.59,288891.0,46305311.0,46800000.0,47300000.0,1449900000.0,619500000.0,259300000.0,188600000.0,188600000.0,15048500000.0,5117100000.0,9931400000.0,200000.0,2964600000.0,2964800000.0,461500000.0,2981700000.0,1364400000.0,2.1853562005277043,3.9873150105708244,162.4125503711559
TER,"TERADYNE, INC",1094921.0,simfin,us-income-quarterly,us-balance-quarterly,us-shareprices-latest,2026-04-15T23:13:34+00:00,2025-03-31,2025-05-02,2025.0,Q1,2026-04-14,365.51,365.51,2595528.0,156555950.0,161501000.0,161996000.0,685680000.0,415336000.0,135318000.0,98896000.0,98896000.0,3705837000.0,908338000.0,2797499000.0,,,0.0,621531000.0,1869355000.0,487707000.0,3.832946830781596,0.6104842094866539,598.72146456884
TSLA,Tesla,56317.0,simfin,us-income-quarterly,us-balance-quarterly,us-shareprices-latest,2026-04-15T23:13:34+00:00,2025-03-31,2025-04-23,2025.0,Q1,2026-04-14,364.2,364.2,58871569.0,3752431984.0,3218000000.0,3521000000.0,19335000000.0,3153000000.0,493000000.0,409000000.0,409000000.0,125111000000.0,49693000000.0,75418000000.0,2237000000.0,5292000000.0,7529000000.0,36996000000.0,59389000000.0,29753000000.0,1.996067623432931,0.1161601817665436,3135.325672371638
TXN,TEXAS INSTRUMENTS INC,252464.0,simfin,us-income-quarterly,us-balance-quarterly,us-shareprices-latest,2026-04-15T23:13:34+00:00,2025-03-31,2025-04-24,2025.0,Q1,2026-04-14,218.87,218.87,5464299.0,907550774.0,910000000.0,916000000.0,4069000000.0,2313000000.0,1324000000.0,1179000000.0,1179000000.0,33757000000.0,17351000000.0,16406000000.0,,12848000000.0,12848000000.0,5005000000.0,13086000000.0,2489000000.0,5.257533145841704,1.287117903930131,170.0465818490246
TPL,TEXAS PACIFIC LAND TRUST,1093761.0,simfin,us-income-annual,us-balance-annual,us-shareprices-latest,2026-04-15T23:13:34+00:00,2024-12-31,2025-02-19,2024.0,FY,2026-04-14,412.2,412.2,499090.0,68941554.0,68958591.0,69059252.0,705823000.0,,585262000.0,453960000.0,453960000.0,1248020000.0,115555000.0,1132465000.0,,,0.0,369835000.0,503369000.0,93962000.0,5.357155020114514,6.573485620724649,62.70645800158604
TXT,Textron Inc.,378225.0,simfin,us-income-quarterly,us-balance-quarterly,us-shareprices-latest,2026-04-15T23:13:34+00:00,2025-03-31,2025-04-24,2025.0,Q1,2026-04-14,92.65,92.65,848678.0,174162437.0,182378000.0,183668000.0,3306000000.0,634000000.0,204000000.0,207000000.0,207000000.0,16942000000.0,9667000000.0,7275000000.0,356000000.0,3378000000.0,3734000000.0,1245000000.0,7284000000.0,4389000000.0,1.6596035543403964,1.1270335605549142,82.20695748792272
TMO,THERMO FISHER SCIENTIFIC INC.,372802.0,simfin,us-income-quarterly,us-balance-quarterly,us-shareprices-latest,2026-04-15T23:13:34+00:00,2025-03-31,2025-05-02,2025.0,Q1,2026-04-14,527.22,527.22,2570162.0,371484244.0,378000000.0,379000000.0,10364000000.0,4235000000.0,1815000000.0,1507000000.0,1507000000.0,99042000000.0,49557000000.0,49485000000.0,2819000000.0,31370000000.0,34189000000.0,5947000000.0,23379000000.0,13175000000.0,1.7744971537001897,3.9762532981530345,132.59215660252156
TJX,TJX COMPANIES INC /DE/,256569.0,simfin,us-income-annual,us-balance-annual,us-shareprices-latest,2026-04-15T23:13:34+00:00,2025-01-31,2025-04-02,2024.0,FY,2026-04-14,160.28,160.28,4505733.0,1106810654.0,1128000000.0,1142000000.0,56360000000.0,17248000000.0,6302000000.0,4864000000.0,4864000000.0,31749000000.0,23356000000.0,8393000000.0,,2866000000.0,2866000000.0,5335000000.0,12991000000.0,11008000000.0,1.180141715116279,4.259194395796848,37.63152960526316
TKO,,,simfin,,,us-shareprices-latest,2026-04-15T23:13:34+00:00,,,,,,,,,,,,,,,,,,,,,,0.0,,,,,,
TTD,"Trade Desk, Inc.",650768.0,simfin,us-income-quarterly,us-balance-quarterly,us-shareprices-latest,2026-04-15T23:13:34+00:00,2025-03-31,2025-05-08,2025.0,Q1,2026-04-14,21.02,21.02,12502519.0,475977047.0,494927000.0,502944000.0,616021000.0,473182000.0,54452000.0,50678000.0,50678000.0,5705441000.0,2988757000.0,2716684000.0,,,0.0,1740371000.0,4856335000.0,2609761000.0,1.8608351492722897,0.10076270916841637,208.60892063617348
TSCO,Tractor Supply Company,378228.0,simfin,us-income-quarterly,us-balance-quarterly,us-shareprices-latest,2026-04-15T23:13:34+00:00,2025-03-31,2025-05-08,2025.0,Q1,2026-04-14,45.02,45.02,4815049.0,526351286.0,531730000.0,534099000.0,3466952000.0,1255422000.0,249137000.0,179369000.0,179369000.0,10385317000.0,8146777000.0,2238540000.0,,2082721000.0,2082721000.0,231717000.0,3656082000.0,2600514000.0,1.4059074475276812,0.33583474224816,134.05402817655224
TT,Trane Technologies plc,378166.0,simfin,us-income-quarterly,us-balance-quarterly,us-shareprices-latest,2026-04-15T23:13:34+00:00,2025-03-31,2025-04-30,2025.0,Q1,2026-04-14,470.57,470.57,1340718.0,221331905.0,224400000.0,226400000.0,4688500000.0,1677500000.0,818900000.0,604900000.0,604900000.0,20117400000.0,12599900000.0,7517500000.0,851700000.0,3919600000.0,4771300000.0,860500000.0,6934300000.0,6367200000.0,1.089065837416761,2.6718197879858656,176.12340552157383
TDG,TransDigm Group,378229.0,simfin,us-income-quarterly,us-balance-quarterly,us-shareprices-latest,2026-04-15T23:13:34+00:00,2025-03-31,2025-05-06,2025.0,Q2,2026-04-14,1296.58,1296.58,470448.0,56473563.0,58100000.0,58100000.0,2150000000.0,1274000000.0,991000000.0,479000000.0,479000000.0,21905000000.0,27569000000.0,-5664000000.0,743000000.0,24306000000.0,25049000000.0,2426000000.0,6408000000.0,2074000000.0,3.089681774349084,8.244406196213426,157.26784551148225
TRV,"TRAVELERS COMPANIES, INC.",262327.0,simfin,,,us-shareprices-latest,2026-04-15T23:13:34+00:00,,,,,2026-04-14,299.59,299.59,1140388.0,216237902.0,,,,,,,,,,,,,0.0,,,,,,
TRMB,TRIMBLE INC.,627855.0,simfin,us-income-quarterly,us-balance-quarterly,us-shareprices-latest,2026-04-15T23:13:34+00:00,2025-03-31,2025-05-12,2025.0,Q1,2026-04-14,66.51,66.51,1563222.0,233929408.0,243300000.0,246200000.0,840600000.0,560800000.0,102000000.0,66700000.0,66700000.0,8898900000.0,3479800000.0,5419100000.0,,1391000000.0,1391000000.0,290000000.0,1282600000.0,1520600000.0,0.8434828357227411,0.2709179528838343,245.49868065967016
TFC,TRUIST FINANCIAL CORP,245217.0,simfin,,,us-shareprices-latest,2026-04-15T23:13:34+00:00,,,,,2026-04-14,49.53,49.53,6548222.0,1249168322.0,,,,,,,,,,,,,0.0,,,,,,
TYL,TYLER TECHNOLOGIES INC,693134.0,simfin,us-income-quarterly,us-balance-quarterly,us-shareprices-latest,2026-04-15T23:13:34+00:00,2025-03-31,2025-04-25,2025.0,Q1,2026-04-14,322.31,322.31,568015.0,42985340.0,43024000.0,43943000.0,565165000.0,267081000.0,89173000.0,81052000.0,81052000.0,5192134000.0,1679430000.0,3512704000.0,598366000.0,,598366000.0,807403000.0,1466938000.0,1561300000.0,0.9395619035419202,1.8444803495437272,174.74298388688743
TSN,TYSON FOODS INC,138054.0,simfin,us-income-quarterly,us-balance-quarterly,us-shareprices-latest,2026-04-15T23:13:34+00:00,2025-03-31,2025-05-05,2025.0,Q2,2026-04-14,64.96,64.96,1735498.0,352078966.0,355000000.0,357000000.0,13074000000.0,600000000.0,100000000.0,7000000.0,7000000.0,36280000000.0,17749000000.0,18531000000.0,896000000.0,8172000000.0,9068000000.0,992000000.0,9168000000.0,5494000000.0,1.6687295231161268,0.0196078431372549,3312.9599999999996
USB,U.S. Bancorp,378231.0,simfin,,,us-shareprices-latest,2026-04-15T23:13:34+00:00,,,,,2026-04-14,56.09,56.09,15366524.0,1553695799.0,,,,,,,,,,,,,0.0,,,,,,
UBER,"Uber Technologies, Inc",914943.0,simfin,us-income-quarterly,us-balance-quarterly,us-shareprices-latest,2026-04-15T23:13:34+00:00,2025-03-31,2025-05-07,2025.0,Q1,2026-04-14,72.91,72.91,16354079.0,2058115983.0,2092464000.0,2122618000.0,11533000000.0,4596000000.0,1228000000.0,1776000000.0,1776000000.0,52822000000.0,29917000000.0,22905000000.0,2873000000.0,15949000000.0,18822000000.0,6026000000.0,14565000000.0,12113000000.0,1.2024271443903245,0.8367026002794662,87.13968377252252
UDR,"UDR, Inc.",424210.0,simfin,us-income-quarterly,us-balance-quarterly,us-shareprices-latest,2026-04-15T23:13:34+00:00,2025-03-31,2025-05-01,2025.0,Q1,2026-04-14,35.12,35.12,3104038.0,328571965.0,330628000.0,331717000.0,421948000.0,273568000.0,77553000.0,76720000.0,75514000.0,10745412000.0,6356559000.0,4388853000.0,,5811209000.0,5811209000.0,1250000.0,33321000.0,545350000.0,0.0611002108737508,0.22764585474968121,154.2747178006727
ULTA,"Ulta Salon, Cosmetics & Fragrance, Inc.",178804.0,simfin,us-income-annual,us-balance-annual,us-shareprices-latest,2026-04-15T23:13:34+00:00,2025-01-31,2025-03-26,2024.0,FY,2026-04-14,533.09,533.09,685993.0,43736630.0,47207000.0,47404000.0,11295654000.0,4387253000.0,1564972000.0,1201118000.0,1201118000.0,6001693000.0,3513340000.0,2488353000.0,,,0.0,703201000.0,3028808000.0,1779478000.0,1.7020766764185902,25.337903974348155,21.039230416994837
UNP,UNION PACIFIC CORP,367644.0,simfin,us-income-quarterly,us-balance-quarterly,us-shareprices-latest,2026-04-15T23:13:34+00:00,2025-03-31,2025-04-24,2025.0,Q1,2026-04-14,252.04,252.04,2178015.0,593391460.0,601000000.0,601900000.0,6027000000.0,3581000000.0,2371000000.0,1626000000.0,1626000000.0,68492000000.0,52453000000.0,16039000000.0,2227000000.0,30615000000.0,32842000000.0,1411000000.0,4539000000.0,6222000000.0,0.7295081967213115,2.701445422827712,93.29820172201723
UAL,"United Continental Holdings, Inc.",219075.0,simfin,us-income-quarterly,us-balance-quarterly,us-shareprices-latest,2026-04-15T23:13:34+00:00,2025-03-31,2025-04-16,2025.0,Q1,2026-04-14,97.2,97.2,10079229.0,323430419.0,327700000.0,333000000.0,13212000000.0,4051000000.0,502000000.0,390000000.0,390000000.0,76111000000.0,63496000000.0,12616000000.0,3771000000.0,29154000000.0,32925000000.0,15330000000.0,20147000000.0,25799000000.0,0.7809217411527578,1.1711711711711712,82.99384615384615
UPS,UNITED PARCEL SERVICE INC,106423.0,simfin,us-income-quarterly,us-balance-quarterly,us-shareprices-latest,2026-04-15T23:13:34+00:00,2025-03-31,2025-05-07,2025.0,Q1,2026-04-14,103.22,103.22,4682844.0,849101714.0,850000000.0,850000000.0,21546000000.0,5199000000.0,1666000000.0,1187000000.0,1187000000.0,68466000000.0,52782000000.0,15684000000.0,2578000000.0,23016000000.0,25594000000.0,5065000000.0,17090000000.0,15660000000.0,1.091315453384419,1.3964705882352941,73.91491154170177
URI,UNITED RENTALS INC /DE,102754.0,simfin,us-income-quarterly,us-balance-quarterly,us-shareprices-latest,2026-04-15T23:13:34+00:00,2025-03-31,2025-04-23,2025.0,Q1,2026-04-14,771.01,771.01,449392.0,62998147.0,65335000.0,65435000.0,3719000000.0,1356000000.0,805000000.0,518000000.0,518000000.0,28050000000.0,19261000000.0,8789000000.0,1420000000.0,11502000000.0,12922000000.0,542000000.0,3241000000.0,3794000000.0,0.8542435424354243,7.916252769924353,97.39582886100385
UNH,UNITEDHEALTH GROUP INC,367714.0,simfin,us-income-quarterly,us-balance-quarterly,us-shareprices-latest,2026-04-15T23:13:34+00:00,2025-03-31,2025-05-07,2025.0,Q1,2026-04-14,314.19,314.19,5202641.0,907675839.0,912000000.0,918000000.0,109575000000.0,23774000000.0,9119000000.0,6292000000.0,6292000000.0,309790000000.0,204621000000.0,105169000000.0,9986000000.0,71285000000.0,81271000000.0,34291000000.0,96285000000.0,113471000000.0,0.8485427994818059,6.8540305010893245,45.84018118245391
UHS,"Universal Health Services, Inc.",378232.0,simfin,us-income-quarterly,us-balance-quarterly,us-shareprices-latest,2026-04-15T23:13:34+00:00,2025-03-31,2025-05-08,2025.0,Q1,2026-04-14,181.95,181.95,498707.0,68867000.0,68867000.0,69624000.0,4099720000.0,2148616000.0,454825000.0,316680000.0,316680000.0,14875430000.0,7989696000.0,6885734000.0,40410000.0,4609272000.0,4649682000.0,126753000.0,3077374000.0,2254323000.0,1.3650989676279752,4.548431575318856,40.00280030314513
VLO,VALERO ENERGY CORP/TX,410846.0,simfin,us-income-quarterly,us-balance-quarterly,us-shareprices-latest,2026-04-15T23:13:34+00:00,2025-03-31,2025-04-24,2025.0,Q1,2026-04-14,235.58,235.58,2825413.0,299026226.0,314000000.0,314000000.0,30258000000.0,507000000.0,231000000.0,-595000000.0,-595000000.0,59177000000.0,32862000000.0,26315000000.0,542000000.0,10312000000.0,10854000000.0,4634000000.0,23590000000.0,15143000000.0,1.5578154923066763,-1.894904458598726,-124.32289075630253
VTR,VENTAS INC,398980.0,simfin,us-income-quarterly,us-balance-quarterly,us-shareprices-latest,2026-04-15T23:13:34+00:00,2025-03-31,2025-05-01,2025.0,Q1,2026-04-14,85.34,85.34,2031763.0,474965224.0,439931000.0,446424000.0,1358074000.0,574190000.0,197691000.0,46868000.0,46868000.0,26032295000.0,14166450000.0,11865845000.0,,12701675000.0,12701675000.0,182335000.0,552005000.0,1455237000.0,0.37932309307693524,0.10498539505044531,812.8749714090638
VLTO,,,simfin,,,us-shareprices-latest,2026-04-15T23:13:34+00:00,,,,,,,,,,,,,,,,,,,,,,0.0,,,,,,
VRSN,Verisign Inc.,378234.0,simfin,us-income-quarterly,us-balance-quarterly,us-shareprices-latest,2026-04-15T23:13:34+00:00,2025-03-31,2025-04-24,2025.0,Q1,2026-04-14,268.34,268.34,992831.0,91700000.0,94600000.0,94800000.0,402300000.0,352900000.0,271200000.0,199300000.0,199300000.0,1447700000.0,3424700000.0,-1977000000.0,,1786300000.0,1786300000.0,648500000.0,714100000.0,1286600000.0,0.555028757966734,2.102320675105485,127.6398996487707
VRSK,Verisk Analytics,378235.0,simfin,us-income-quarterly,us-balance-quarterly,us-shareprices-latest,2026-04-15T23:13:34+00:00,2025-03-31,2025-05-07,2025.0,Q1,2026-04-14,170.63,170.63,1902100.0,137941888.0,140294117.0,140939555.0,753000000.0,522200000.0,330100000.0,232300000.0,232300000.0,5122100000.0,4998300000.0,123800000.0,518000000.0,3234500000.0,3752500000.0,1112100000.0,1772100000.0,1369000000.0,1.2944485025566106,1.6482243043835352,103.52353107899268
VZ,VERIZON COMMUNICATIONS INC,101219.0,simfin,us-income-quarterly,us-balance-quarterly,us-shareprices-latest,2026-04-15T23:13:34+00:00,2025-03-31,2025-04-25,2025.0,Q1,2026-04-14,45.48,45.48,31140256.0,4217684168.0,4222000000.0,4226000000.0,33485000000.0,20429000000.0,7978000000.0,4879000000.0,4879000000.0,380364000000.0,278327000000.0,102037000000.0,22629000000.0,121020000000.0,143649000000.0,2257000000.0,37353000000.0,61066000000.0,0.6116824419480562,1.1545196403218174,39.39300676368108
VRTX,VERTEX PHARMACEUTICALS INC / MA,344083.0,simfin,us-income-annual,us-balance-annual,us-shareprices-latest,2026-04-15T23:13:34+00:00,2024-12-31,2025-02-13,2024.0,FY,2026-04-14,444.28,444.28,1431084.0,254034190.0,257900000.0,257900000.0,11020100000.0,9489600000.0,4395000000.0,-535600000.0,-535600000.0,22533200000.0,6123600000.0,16409600000.0,,,0.0,6115900000.0,9596400000.0,3564600000.0,2.692139370476351,-2.0767739433889103,-213.92795369678865
VTRS,Viatris Inc,1251885.0,simfin,us-income-quarterly,us-balance-quarterly,us-shareprices-latest,2026-04-15T23:13:34+00:00,2025-03-31,2025-05-08,2025.0,Q1,2026-04-14,13.91,13.91,6439926.0,1151392922.0,1192400000.0,1192400000.0,3254300000.0,1161200000.0,-8900000.0,-3042000000.0,-3042000000.0,38474900000.0,22824500000.0,15650400000.0,8500000.0,14177500000.0,14186000000.0,755000000.0,9622400000.0,5720100000.0,1.6822083530008216,-2.5511573297551156,-5.452427350427351
VICI,VICI PROPERTIES INC.,1338976.0,simfin,us-income-quarterly,us-balance-quarterly,us-shareprices-latest,2026-04-15T23:13:34+00:00,2025-03-31,2025-04-30,2025.0,Q1,2026-04-14,28.36,28.36,6398352.0,1068737299.0,1056012414.0,1056432790.0,974597000.0,,940132000.0,547827000.0,547827000.0,45526064000.0,18503399000.0,27022665000.0,,16847001000.0,16847001000.0,2370850000.0,2370850000.0,653640000.0,3.627149501254513,0.5185630408158762,54.68958982379473
V,VISA INC.,107326.0,simfin,us-income-quarterly,us-balance-quarterly,us-shareprices-latest,2026-04-15T23:13:34+00:00,2025-03-31,2025-04-30,2025.0,Q2,2026-04-14,311.37,311.37,5234132.0,2062114537.0,2086111111.0,2085000000.0,9594000000.0,,6659000000.0,4577000000.0,4577000000.0,92853000000.0,54631000000.0,38222000000.0,3948000000.0,16814000000.0,20762000000.0,13751000000.0,32934000000.0,30175000000.0,1.0914333057166528,2.195203836930456,141.84104216735852
VST,Vistra Energy Corp.,708868.0,simfin,us-income-quarterly,us-balance-quarterly,us-shareprices-latest,2026-04-15T23:13:34+00:00,2025-03-31,2025-05-08,2025.0,Q1,2026-04-14,163.97,163.97,3741559.0,336954256.0,339799989.0,348370503.0,3933000000.0,1486000000.0,-120000000.0,-268000000.0,-268000000.0,38228000000.0,33390000000.0,4838000000.0,882000000.0,15423000000.0,16305000000.0,561000000.0,8430000000.0,10199000000.0,0.8265516227081087,-0.769295901036719,-213.1429528989179
VMC,Vulcan Materials,378238.0,simfin,us-income-quarterly,us-balance-quarterly,us-shareprices-latest,2026-04-15T23:13:34+00:00,2025-03-31,2025-04-30,2025.0,Q1,2026-04-14,296.86,296.86,590441.0,130580384.0,132400000.0,133000000.0,1634600000.0,365300000.0,219000000.0,128900000.0,128900000.0,16712100000.0,8553600000.0,8158500000.0,500000.0,4907900000.0,4908400000.0,181300000.0,1925900000.0,796900000.0,2.416739866984565,0.969172932330827,306.30240496508924
WRB,BERKLEY W R CORP,1161717.0,simfin,,,us-shareprices-latest,2026-04-15T23:13:34+00:00,,,,,2026-04-14,65.99,65.99,2804923.0,374490856.0,,,,,,,,,,,,,0.0,,,,,,
GWW,GRAINGER W W INC,504823.0,simfin,us-income-quarterly,us-balance-quarterly,us-shareprices-latest,2026-04-15T23:13:34+00:00,2025-03-31,2025-05-01,2025.0,Q1,2026-04-14,1155.42,1155.42,188050.0,47373024.0,48200000.0,48300000.0,4306000000.0,1710000000.0,672000000.0,479000000.0,479000000.0,8658000000.0,4811000000.0,3847000000.0,3000000.0,2278000000.0,2281000000.0,666000000.0,5530000000.0,2017000000.0,2.7416955875061975,9.917184265010352,116.50686012526097
WAB,WESTINGHOUSE AIR BRAKE TECHNOLOGIES CORP,749129.0,simfin,us-income-quarterly,us-balance-quarterly,us-shareprices-latest,2026-04-15T23:13:34+00:00,2025-03-31,2025-04-23,2025.0,Q1,2026-04-14,268.29,268.29,1129742.0,170517190.0,170500000.0,171300000.0,2610000000.0,900000000.0,474000000.0,322000000.0,322000000.0,19096000000.0,8682000000.0,10414000000.0,504000000.0,3503000000.0,4007000000.0,698000000.0,5255000000.0,3927000000.0,1.3381716322892794,1.87974314068885,142.72694720496895
WMT,Walmart Inc,239962.0,simfin,us-income-annual,us-balance-annual,us-shareprices-latest,2026-04-15T23:13:34+00:00,2025-01-31,2025-03-14,2024.0,FY,2026-04-14,125.05,125.05,15295275.0,7972402501.0,8041000000.0,8081000000.0,680985000000.0,169232000000.0,29348000000.0,19436000000.0,19436000000.0,260823000000.0,163131000000.0,97692000000.0,5666000000.0,52149000000.0,57815000000.0,9037000000.0,79458000000.0,96584000000.0,0.8226828460200447,2.4051478777379036,51.99264509158263
DIS,The Walt Disney Company,261356.0,simfin,us-income-quarterly,us-balance-quarterly,us-shareprices-latest,2026-04-15T23:13:34+00:00,2025-03-31,2025-05-07,2025.0,Q2,2026-04-14,102.59,102.59,9977375.0,1771519851.0,1808000000.0,1814000000.0,23621000000.0,8811000000.0,3506000000.0,3275000000.0,3275000000.0,195833000000.0,87067000000.0,108766000000.0,6446000000.0,36443000000.0,42889000000.0,5852000000.0,22735000000.0,34029000000.0,0.6681066149460754,1.8054024255788312,56.82389618320611
WBD,"Warner Bros. Discovery, Inc.",120376.0,simfin,us-income-quarterly,us-balance-quarterly,us-shareprices-latest,2026-04-15T23:13:34+00:00,2025-03-31,2025-05-08,2025.0,Q1,2026-04-14,27.37,27.37,20563646.0,2479929515.0,2462000000.0,2501000000.0,8979000000.0,3848000000.0,107000000.0,-453000000.0,-453000000.0,101679000000.0,66508000000.0,35171000000.0,2779000000.0,34647000000.0,37426000000.0,3868000000.0,12782000000.0,15286000000.0,0.8361899777574251,-0.18112754898040784,-151.10898454746138
WM,Waste Management Inc.,378239.0,simfin,us-income-quarterly,us-balance-quarterly,us-shareprices-latest,2026-04-15T23:13:34+00:00,2025-03-31,2025-04-29,2025.0,Q1,2026-04-14,227.09,227.09,2432075.0,403335781.0,402300000.0,403900000.0,6018000000.0,2371000000.0,1028000000.0,637000000.0,637000000.0,44486000000.0,35835000000.0,8651000000.0,954000000.0,22883000000.0,23837000000.0,216000000.0,4455000000.0,5347000000.0,0.8331774827005798,1.5771230502599654,143.99003296703296
WAT,Waters Corporation,378240.0,simfin,us-income-quarterly,us-balance-quarterly,us-shareprices-latest,2026-04-15T23:13:34+00:00,2025-03-31,2025-05-06,2025.0,Q1,2026-04-14,330.98,330.98,749394.0,98101871.0,59439000.0,59711000.0,661705000.0,384960000.0,151745000.0,121381000.0,121381000.0,4591576000.0,2629179000.0,1962397000.0,100000000.0,1356727000.0,1456727000.0,382872000.0,1739883000.0,960969000.0,1.8105506004876328,2.0328080253219674,162.8191132055264
WEC,Wisconsin Energy Corporation,378244.0,simfin,us-income-quarterly,us-balance-quarterly,us-shareprices-latest,2026-04-15T23:13:34+00:00,2025-03-31,2025-05-07,2025.0,Q1,2026-04-14,116.5,116.5,1293350.0,325531361.0,318200000.0,319300000.0,3149500000.0,1983800000.0,937500000.0,724500000.0,724200000.0,48232100000.0,18643300000.0,29588800000.0,4350900000.0,,4350900000.0,82200000.0,2943300000.0,6486100000.0,0.4537857880698725,2.2680864390854993,51.36488539077603
WFC,WELLS FARGO & COMPANY/MN,58953.0,simfin,,,us-shareprices-latest,2026-04-15T23:13:34+00:00,,,,,2026-04-14,81.7,81.7,32142274.0,3139084542.0,,,,,,,,,,,,,0.0,,,,,,
WELL,Welltower Inc.,378241.0,simfin,us-income-quarterly,us-balance-quarterly,us-shareprices-latest,2026-04-15T23:13:34+00:00,2025-03-31,2025-04-29,2025.0,Q1,2026-04-14,210.99,210.99,1839690.0,697752530.0,643393000.0,653795000.0,2423087000.0,960697000.0,411070000.0,257957000.0,257957000.0,53293614000.0,18711637000.0,34581977000.0,,15723857000.0,15723857000.0,3501851000.0,6600569000.0,2987780000.0,2.2091884275281313,0.3945533385847246,534.7565952852607
WST,WEST PHARMACEUTICAL SERVICES INC,1167256.0,simfin,us-income-quarterly,us-balance-quarterly,us-shareprices-latest,2026-04-15T23:13:34+00:00,2025-03-31,2025-04-24,2025.0,Q1,2026-04-14,267.93,267.93,782876.0,72021491.0,72500000.0,73000000.0,698000000.0,231900000.0,127600000.0,90200000.0,90200000.0,3618200000.0,935100000.0,2683100000.0,,202600000.0,202600000.0,404200000.0,1457500000.0,526700000.0,2.7672299221568255,1.2356164383561643,216.83913525498895
WDC,WESTERN DIGITAL CORP,250582.0,simfin,us-income-quarterly,us-balance-quarterly,us-shareprices-latest,2026-04-15T23:13:34+00:00,2025-03-31,2025-05-02,2025.0,Q3,2026-04-14,366.22,366.22,6621413.0,339037922.0,348000000.0,358000000.0,2294000000.0,912000000.0,559000000.0,520000000.0,520000000.0,16368000000.0,10962000000.0,5406000000.0,2426000000.0,4907000000.0,7333000000.0,3477000000.0,8086000000.0,5182000000.0,1.5604013894249325,1.452513966480447,252.12838461538462
WY,WEYERHAEUSER CO,57524.0,simfin,us-income-quarterly,us-balance-quarterly,us-shareprices-latest,2026-04-15T23:13:34+00:00,2025-03-31,2025-04-25,2025.0,Q1,2026-04-14,24.78,24.78,2734471.0,720665000.0,726143000.0,726566000.0,1763000000.0,335000000.0,179000000.0,83000000.0,83000000.0,16520000000.0,6875000000.0,9645000000.0,150000000.0,5017000000.0,5167000000.0,560000000.0,1771000000.0,868000000.0,2.0403225806451615,0.11423600884159181,216.91934313253014
WSM,WILLIAMS SONOMA INC,198669.0,simfin,us-income-annual,us-balance-annual,us-shareprices-latest,2026-04-15T23:13:34+00:00,2025-01-31,2025-03-27,2024.0,FY,2026-04-14,193.84,193.84,890377.0,119380711.0,126242000.0,128041000.0,7711541000.0,3582299000.0,1430184000.0,1125251000.0,1125251000.0,5301607000.0,3159188000.0,2142419000.0,,,0.0,1212977000.0,2754609000.0,1677794000.0,1.641804059377969,8.788208464476222,22.0568277122171
WMB,WILLIAMS COMPANIES INC,344928.0,simfin,us-income-quarterly,us-balance-quarterly,us-shareprices-latest,2026-04-15T23:13:34+00:00,2025-03-31,2025-05-05,2025.0,Q1,2026-04-14,71.44,71.44,4844545.0,1221563111.0,1220661000.0,1224641000.0,3048000000.0,2405000000.0,1084000000.0,691000000.0,690000000.0,54924000000.0,40059000000.0,14865000000.0,3289000000.0,24122000000.0,27411000000.0,100000000.0,2535000000.0,6266000000.0,0.4045643153526971,0.5634304257329291,126.79471455072462
WTW,Willis Towers Watson,378243.0,simfin,us-income-quarterly,us-balance-quarterly,us-shareprices-latest,2026-04-15T23:13:34+00:00,2025-03-31,2025-04-24,2025.0,Q1,2026-04-14,288.48,288.48,505647.0,94545903.0,100000000.0,101000000.0,2223000000.0,899000000.0,432000000.0,234000000.0,234000000.0,28064000000.0,19850000000.0,8214000000.0,549000000.0,4761000000.0,5310000000.0,1507000000.0,15461000000.0,13384000000.0,1.1551852958756725,2.3168316831683167,124.51487179487181
WDAY,"Workday, Inc.",186213.0,simfin,us-income-annual,us-balance-annual,us-shareprices-latest,2026-04-15T23:13:34+00:00,2025-01-31,2025-03-11,2024.0,FY,2026-04-14,117.86,117.86,3904888.0,257000000.0,265257000.0,269205000.0,8446000000.0,6377000000.0,499000000.0,526000000.0,526000000.0,17977000000.0,8943000000.0,9034000000.0,,2984000000.0,2984000000.0,8017000000.0,10545000000.0,5548000000.0,1.9006849315068493,1.953901301981761,60.32034467680609
WYNN,Wynn Resorts Ltd,378245.0,simfin,us-income-quarterly,us-balance-quarterly,us-shareprices-latest,2026-04-15T23:13:34+00:00,2025-03-31,2025-05-06,2025.0,Q1,2026-04-14,105.59,105.59,1447140.0,104283291.0,105492000.0,105730000.0,1700397000.0,,268589000.0,72747000.0,72747000.0,12724044000.0,13825965000.0,-1101921000.0,1039942000.0,9513157000.0,10553099000.0,2070086000.0,2689838000.0,2396795000.0,1.1222645240832028,0.6880450203348151,153.4637950705871
XEL,Xcel Energy Inc,378246.0,simfin,us-income-quarterly,us-balance-quarterly,us-shareprices-latest,2026-04-15T23:13:34+00:00,2025-03-31,2025-04-24,2025.0,Q1,2026-04-14,79.83,79.83,5825974.0,623876813.0,575000000.0,577000000.0,3906000000.0,2371000000.0,677000000.0,483000000.0,483000000.0,72749000000.0,52945000000.0,19804000000.0,1822000000.0,29396000000.0,31218000000.0,1123000000.0,5368000000.0,5229000000.0,1.0265825205584242,0.8370883882149047,95.36627329192545
XYL,Xylem Inc.,124467.0,simfin,us-income-quarterly,us-balance-quarterly,us-shareprices-latest,2026-04-15T23:13:34+00:00,2025-03-31,2025-04-29,2025.0,Q1,2026-04-14,129.66,129.66,1501544.0,243141405.0,243100000.0,243800000.0,2069000000.0,768000000.0,252000000.0,165000000.0,165000000.0,16559000000.0,5505000000.0,11051000000.0,41000000.0,1974000000.0,2015000000.0,1059000000.0,4084000000.0,2166000000.0,1.8855032317636196,0.6767842493847416,191.58247272727272
YUM,YUM BRANDS INC,98663.0,simfin,us-income-quarterly,us-balance-quarterly,us-shareprices-latest,2026-04-15T23:13:34+00:00,2025-03-31,2025-05-07,2025.0,Q1,2026-04-14,161.57,161.57,1268034.0,276430130.0,280000000.0,282000000.0,1787000000.0,1267000000.0,535000000.0,253000000.0,253000000.0,6660000000.0,14463000000.0,-7805000000.0,30000000.0,11327000000.0,11357000000.0,607000000.0,1727000000.0,1230000000.0,1.4040650406504065,0.8971631205673759,180.0898814229249
ZBRA,ZEBRA TECHNOLOGIES CORP,1167257.0,simfin,us-income-annual,us-balance-annual,us-shareprices-latest,2026-04-15T23:13:34+00:00,2024-12-31,2025-02-13,2024.0,FY,2026-04-14,226.7,226.7,894443.0,49191704.0,51494957.0,51879709.0,4981000000.0,2413000000.0,765000000.0,528000000.0,528000000.0,7968000000.0,4382000000.0,3586000000.0,79000000.0,2092000000.0,2171000000.0,901000000.0,2440000000.0,1704000000.0,1.431924882629108,10.177389391293618,22.274867481628785
ZBH,Zimmer Biomet Holdings,378249.0,simfin,us-income-quarterly,us-balance-quarterly,us-shareprices-latest,2026-04-15T23:13:34+00:00,2025-03-31,2025-05-05,2025.0,Q1,2026-04-14,96.52,96.52,2651898.0,195652004.0,198900000.0,199700000.0,1909100000.0,1359300000.0,338900000.0,181900000.0,181900000.0,22183900000.0,9780200000.0,12403800000.0,600000000.0,6576300000.0,7176300000.0,1384500000.0,5590300000.0,2295000000.0,2.4358605664488016,0.9108662994491737,105.96505772402419
ZTS,Zoetis,378251.0,simfin,us-income-quarterly,us-balance-quarterly,us-shareprices-latest,2026-04-15T23:13:34+00:00,2025-03-31,2025-05-06,2025.0,Q1,2026-04-14,121.11,121.11,2730061.0,422127709.0,447600000.0,448000000.0,2220000000.0,1598000000.0,846000000.0,631000000.0,631000000.0,14098000000.0,9443000000.0,4655000000.0,1350000000.0,5227000000.0,6577000000.0,1721000000.0,5877000000.0,3662000000.0,1.6048607318405244,1.4084821428571428,85.98618066561015
